dataset,method,repeat,id,rmsd_lt2,joint,effdock_rmsd_lt2,effdock_joint,pdb
astex,SigmaDock,0,1g9v,True,True,True,True,1g9v
astex,SigmaDock,0,1gkc,True,True,True,True,1gkc
astex,SigmaDock,0,1gm8,True,True,False,False,1gm8
astex,SigmaDock,0,1gpk,True,True,False,False,1gpk
astex,SigmaDock,0,1hnn,True,True,True,True,1hnn
astex,SigmaDock,0,1hp0,False,False,False,False,1hp0
astex,SigmaDock,0,1hq2,True,True,True,True,1hq2
astex,SigmaDock,0,1hvy,True,True,True,True,1hvy
astex,SigmaDock,0,1hwi,True,True,True,True,1hwi
astex,SigmaDock,0,1hww,True,True,True,True,1hww
astex,SigmaDock,0,1ia1,True,True,True,True,1ia1
astex,SigmaDock,0,1ig3,False,False,True,True,1ig3
astex,SigmaDock,0,1j3j,True,True,True,True,1j3j
astex,SigmaDock,0,1jd0,True,True,True,True,1jd0
astex,SigmaDock,0,1jje,True,True,False,False,1jje
astex,SigmaDock,0,1jla,True,True,True,True,1jla
astex,SigmaDock,0,1k3u,True,True,True,True,1k3u
astex,SigmaDock,0,1ke5,True,True,True,True,1ke5
astex,SigmaDock,0,1kzk,True,True,True,True,1kzk
astex,SigmaDock,0,1l2s,True,False,True,True,1l2s
astex,SigmaDock,0,1l7f,True,True,True,True,1l7f
astex,SigmaDock,0,1lpz,True,True,True,True,1lpz
astex,SigmaDock,0,1lrh,True,True,True,True,1lrh
astex,SigmaDock,0,1m2z,True,True,True,True,1m2z
astex,SigmaDock,0,1meh,False,False,False,False,1meh
astex,SigmaDock,0,1mmv,True,True,True,True,1mmv
astex,SigmaDock,0,1mzc,False,False,False,False,1mzc
astex,SigmaDock,0,1n1m,True,True,True,True,1n1m
astex,SigmaDock,0,1n2j,True,True,True,True,1n2j
astex,SigmaDock,0,1n2v,True,True,True,True,1n2v
astex,SigmaDock,0,1n46,True,True,True,True,1n46
astex,SigmaDock,0,1nav,True,True,True,True,1nav
astex,SigmaDock,0,1of1,True,True,True,True,1of1
astex,SigmaDock,0,1of6,True,True,True,False,1of6
astex,SigmaDock,0,1opk,True,True,True,True,1opk
astex,SigmaDock,0,1oq5,False,False,True,True,1oq5
astex,SigmaDock,0,1owe,True,True,True,True,1owe
astex,SigmaDock,0,1oyt,True,True,True,True,1oyt
astex,SigmaDock,0,1p2y,False,False,False,False,1p2y
astex,SigmaDock,0,1p62,True,True,True,True,1p62
astex,SigmaDock,0,1pmn,True,True,True,True,1pmn
astex,SigmaDock,0,1q1g,True,True,False,False,1q1g
astex,SigmaDock,0,1q41,True,True,True,True,1q41
astex,SigmaDock,0,1q4g,True,True,True,True,1q4g
astex,SigmaDock,0,1r1h,True,True,True,False,1r1h
astex,SigmaDock,0,1r55,True,True,True,True,1r55
astex,SigmaDock,0,1r58,True,True,True,True,1r58
astex,SigmaDock,0,1r9o,True,True,True,True,1r9o
astex,SigmaDock,0,1s19,True,True,True,True,1s19
astex,SigmaDock,0,1s3v,False,False,True,False,1s3v
astex,SigmaDock,0,1sg0,True,True,True,True,1sg0
astex,SigmaDock,0,1sj0,True,True,True,True,1sj0
astex,SigmaDock,0,1sq5,False,False,False,False,1sq5
astex,SigmaDock,0,1sqn,True,True,True,True,1sqn
astex,SigmaDock,0,1t40,True,True,True,True,1t40
astex,SigmaDock,0,1t46,True,True,True,True,1t46
astex,SigmaDock,0,1t9b,True,True,False,False,1t9b
astex,SigmaDock,0,1tow,True,True,True,True,1tow
astex,SigmaDock,0,1tt1,True,True,True,True,1tt1
astex,SigmaDock,0,1tz8,False,False,False,False,1tz8
astex,SigmaDock,0,1u1c,True,True,True,True,1u1c
astex,SigmaDock,0,1u4d,True,True,False,False,1u4d
astex,SigmaDock,0,1uml,True,True,True,True,1uml
astex,SigmaDock,0,1unl,True,True,True,True,1unl
astex,SigmaDock,0,1uou,True,True,True,True,1uou
astex,SigmaDock,0,1v0p,True,True,True,True,1v0p
astex,SigmaDock,0,1v48,True,True,True,True,1v48
astex,SigmaDock,0,1v4s,True,True,True,True,1v4s
astex,SigmaDock,0,1vcj,True,True,True,True,1vcj
astex,SigmaDock,0,1w1p,True,True,False,False,1w1p
astex,SigmaDock,0,1w2g,True,True,True,True,1w2g
astex,SigmaDock,0,1x8x,True,True,True,True,1x8x
astex,SigmaDock,0,1xm6,True,True,True,True,1xm6
astex,SigmaDock,0,1xoq,True,True,True,True,1xoq
astex,SigmaDock,0,1xoz,True,True,False,False,1xoz
astex,SigmaDock,0,1y6b,True,True,True,True,1y6b
astex,SigmaDock,0,1ygc,True,True,False,False,1ygc
astex,SigmaDock,0,1yqy,True,True,True,True,1yqy
astex,SigmaDock,0,1yv3,True,True,True,True,1yv3
astex,SigmaDock,0,1yvf,True,True,True,True,1yvf
astex,SigmaDock,0,1ywr,True,True,True,True,1ywr
astex,SigmaDock,0,1z95,True,True,True,True,1z95
astex,SigmaDock,0,2bm2,True,True,False,False,2bm2
astex,SigmaDock,0,2br1,True,True,True,True,2br1
astex,SigmaDock,0,2bsm,True,True,True,True,2bsm
astex,SigmaDock,1,1g9v,True,True,True,True,1g9v
astex,SigmaDock,1,1gkc,True,True,True,True,1gkc
astex,SigmaDock,1,1gm8,False,False,False,False,1gm8
astex,SigmaDock,1,1gpk,True,True,False,False,1gpk
astex,SigmaDock,1,1hnn,True,True,True,True,1hnn
astex,SigmaDock,1,1hp0,False,False,False,False,1hp0
astex,SigmaDock,1,1hq2,True,True,True,True,1hq2
astex,SigmaDock,1,1hvy,True,True,False,False,1hvy
astex,SigmaDock,1,1hwi,True,True,True,True,1hwi
astex,SigmaDock,1,1hww,True,True,True,True,1hww
astex,SigmaDock,1,1ia1,True,True,True,True,1ia1
astex,SigmaDock,1,1ig3,False,False,False,False,1ig3
astex,SigmaDock,1,1j3j,True,True,True,True,1j3j
astex,SigmaDock,1,1jd0,True,True,True,True,1jd0
astex,SigmaDock,1,1jje,True,True,True,True,1jje
astex,SigmaDock,1,1jla,True,True,True,True,1jla
astex,SigmaDock,1,1k3u,True,True,True,True,1k3u
astex,SigmaDock,1,1ke5,True,True,True,True,1ke5
astex,SigmaDock,1,1kzk,True,True,True,True,1kzk
astex,SigmaDock,1,1l2s,True,False,True,True,1l2s
astex,SigmaDock,1,1l7f,True,True,True,True,1l7f
astex,SigmaDock,1,1lpz,True,True,True,True,1lpz
astex,SigmaDock,1,1lrh,True,True,True,True,1lrh
astex,SigmaDock,1,1m2z,True,True,True,True,1m2z
astex,SigmaDock,1,1meh,False,False,False,False,1meh
astex,SigmaDock,1,1mmv,True,True,True,False,1mmv
astex,SigmaDock,1,1mzc,False,False,False,False,1mzc
astex,SigmaDock,1,1n1m,True,True,True,True,1n1m
astex,SigmaDock,1,1n2j,True,True,True,True,1n2j
astex,SigmaDock,1,1n2v,True,True,True,True,1n2v
astex,SigmaDock,1,1n46,True,True,True,True,1n46
astex,SigmaDock,1,1nav,True,True,True,True,1nav
astex,SigmaDock,1,1of1,True,True,True,True,1of1
astex,SigmaDock,1,1of6,True,True,True,False,1of6
astex,SigmaDock,1,1opk,True,True,True,True,1opk
astex,SigmaDock,1,1oq5,True,True,True,True,1oq5
astex,SigmaDock,1,1owe,True,True,True,True,1owe
astex,SigmaDock,1,1oyt,True,True,True,True,1oyt
astex,SigmaDock,1,1p2y,True,True,False,False,1p2y
astex,SigmaDock,1,1p62,True,True,True,True,1p62
astex,SigmaDock,1,1pmn,True,True,True,True,1pmn
astex,SigmaDock,1,1q1g,True,True,False,False,1q1g
astex,SigmaDock,1,1q41,True,True,True,True,1q41
astex,SigmaDock,1,1q4g,True,True,True,True,1q4g
astex,SigmaDock,1,1r1h,True,True,True,True,1r1h
astex,SigmaDock,1,1r55,True,True,True,True,1r55
astex,SigmaDock,1,1r58,True,True,True,True,1r58
astex,SigmaDock,1,1r9o,True,True,True,True,1r9o
astex,SigmaDock,1,1s19,True,True,True,True,1s19
astex,SigmaDock,1,1s3v,True,True,True,False,1s3v
astex,SigmaDock,1,1sg0,True,True,True,True,1sg0
astex,SigmaDock,1,1sj0,True,True,True,True,1sj0
astex,SigmaDock,1,1sq5,False,False,False,False,1sq5
astex,SigmaDock,1,1sqn,True,True,True,True,1sqn
astex,SigmaDock,1,1t40,True,True,True,True,1t40
astex,SigmaDock,1,1t46,True,True,True,True,1t46
astex,SigmaDock,1,1t9b,True,True,True,True,1t9b
astex,SigmaDock,1,1tow,True,True,True,True,1tow
astex,SigmaDock,1,1tt1,True,True,True,True,1tt1
astex,SigmaDock,1,1tz8,True,True,True,True,1tz8
astex,SigmaDock,1,1u1c,True,True,True,True,1u1c
astex,SigmaDock,1,1u4d,True,True,False,False,1u4d
astex,SigmaDock,1,1uml,True,True,True,True,1uml
astex,SigmaDock,1,1unl,True,True,True,True,1unl
astex,SigmaDock,1,1uou,True,True,True,True,1uou
astex,SigmaDock,1,1v0p,True,True,True,True,1v0p
astex,SigmaDock,1,1v48,True,True,True,True,1v48
astex,SigmaDock,1,1v4s,True,True,True,True,1v4s
astex,SigmaDock,1,1vcj,True,True,True,True,1vcj
astex,SigmaDock,1,1w1p,True,True,False,False,1w1p
astex,SigmaDock,1,1w2g,True,True,True,True,1w2g
astex,SigmaDock,1,1x8x,True,True,True,True,1x8x
astex,SigmaDock,1,1xm6,True,True,False,False,1xm6
astex,SigmaDock,1,1xoq,True,True,False,False,1xoq
astex,SigmaDock,1,1xoz,True,True,True,True,1xoz
astex,SigmaDock,1,1y6b,True,True,False,False,1y6b
astex,SigmaDock,1,1ygc,True,True,False,False,1ygc
astex,SigmaDock,1,1yqy,True,True,True,True,1yqy
astex,SigmaDock,1,1yv3,True,True,True,True,1yv3
astex,SigmaDock,1,1yvf,True,True,True,True,1yvf
astex,SigmaDock,1,1ywr,True,True,True,True,1ywr
astex,SigmaDock,1,1z95,True,True,True,True,1z95
astex,SigmaDock,1,2bm2,False,False,True,True,2bm2
astex,SigmaDock,1,2br1,True,True,True,True,2br1
astex,SigmaDock,1,2bsm,True,True,True,True,2bsm
astex,SigmaDock,2,1g9v,True,True,True,True,1g9v
astex,SigmaDock,2,1gkc,True,True,True,True,1gkc
astex,SigmaDock,2,1gm8,False,False,False,False,1gm8
astex,SigmaDock,2,1gpk,True,True,False,False,1gpk
astex,SigmaDock,2,1hnn,True,True,True,True,1hnn
astex,SigmaDock,2,1hp0,False,False,False,False,1hp0
astex,SigmaDock,2,1hq2,True,True,True,True,1hq2
astex,SigmaDock,2,1hvy,False,False,False,False,1hvy
astex,SigmaDock,2,1hwi,True,True,True,True,1hwi
astex,SigmaDock,2,1hww,True,False,True,True,1hww
astex,SigmaDock,2,1ia1,True,True,True,True,1ia1
astex,SigmaDock,2,1ig3,False,False,True,True,1ig3
astex,SigmaDock,2,1j3j,True,True,True,True,1j3j
astex,SigmaDock,2,1jd0,True,True,True,True,1jd0
astex,SigmaDock,2,1jje,True,True,False,False,1jje
astex,SigmaDock,2,1jla,True,True,True,True,1jla
astex,SigmaDock,2,1k3u,True,True,True,True,1k3u
astex,SigmaDock,2,1ke5,True,True,True,True,1ke5
astex,SigmaDock,2,1kzk,True,True,True,True,1kzk
astex,SigmaDock,2,1l2s,True,False,True,True,1l2s
astex,SigmaDock,2,1l7f,True,True,True,True,1l7f
astex,SigmaDock,2,1lpz,True,True,False,False,1lpz
astex,SigmaDock,2,1lrh,True,True,True,True,1lrh
astex,SigmaDock,2,1m2z,True,True,True,True,1m2z
astex,SigmaDock,2,1meh,False,False,True,True,1meh
astex,SigmaDock,2,1mmv,True,True,True,True,1mmv
astex,SigmaDock,2,1mzc,False,False,False,False,1mzc
astex,SigmaDock,2,1n1m,True,True,True,True,1n1m
astex,SigmaDock,2,1n2j,True,True,True,True,1n2j
astex,SigmaDock,2,1n2v,True,True,True,True,1n2v
astex,SigmaDock,2,1n46,True,True,True,True,1n46
astex,SigmaDock,2,1nav,True,True,True,True,1nav
astex,SigmaDock,2,1of1,True,True,True,True,1of1
astex,SigmaDock,2,1of6,True,True,True,False,1of6
astex,SigmaDock,2,1opk,True,True,True,True,1opk
astex,SigmaDock,2,1oq5,True,True,True,True,1oq5
astex,SigmaDock,2,1owe,True,True,True,True,1owe
astex,SigmaDock,2,1oyt,True,True,True,True,1oyt
astex,SigmaDock,2,1p2y,True,True,False,False,1p2y
astex,SigmaDock,2,1p62,True,True,True,True,1p62
astex,SigmaDock,2,1pmn,True,True,True,True,1pmn
astex,SigmaDock,2,1q1g,True,True,True,True,1q1g
astex,SigmaDock,2,1q41,True,True,True,True,1q41
astex,SigmaDock,2,1q4g,True,True,True,True,1q4g
astex,SigmaDock,2,1r1h,True,True,True,True,1r1h
astex,SigmaDock,2,1r55,True,True,True,True,1r55
astex,SigmaDock,2,1r58,True,True,True,True,1r58
astex,SigmaDock,2,1r9o,False,False,True,True,1r9o
astex,SigmaDock,2,1s19,True,True,True,True,1s19
astex,SigmaDock,2,1s3v,True,True,True,False,1s3v
astex,SigmaDock,2,1sg0,True,True,True,True,1sg0
astex,SigmaDock,2,1sj0,True,True,True,True,1sj0
astex,SigmaDock,2,1sq5,False,False,False,False,1sq5
astex,SigmaDock,2,1sqn,True,True,True,True,1sqn
astex,SigmaDock,2,1t40,True,True,True,True,1t40
astex,SigmaDock,2,1t46,True,True,True,True,1t46
astex,SigmaDock,2,1t9b,True,True,True,True,1t9b
astex,SigmaDock,2,1tow,True,True,True,True,1tow
astex,SigmaDock,2,1tt1,True,True,True,True,1tt1
astex,SigmaDock,2,1tz8,True,True,False,False,1tz8
astex,SigmaDock,2,1u1c,True,True,True,True,1u1c
astex,SigmaDock,2,1u4d,True,True,False,False,1u4d
astex,SigmaDock,2,1uml,True,True,True,True,1uml
astex,SigmaDock,2,1unl,True,True,True,True,1unl
astex,SigmaDock,2,1uou,True,True,True,True,1uou
astex,SigmaDock,2,1v0p,True,True,True,True,1v0p
astex,SigmaDock,2,1v48,True,True,True,True,1v48
astex,SigmaDock,2,1v4s,True,True,True,True,1v4s
astex,SigmaDock,2,1vcj,True,True,True,True,1vcj
astex,SigmaDock,2,1w1p,True,True,True,True,1w1p
astex,SigmaDock,2,1w2g,True,True,True,True,1w2g
astex,SigmaDock,2,1x8x,True,True,True,True,1x8x
astex,SigmaDock,2,1xm6,True,True,True,True,1xm6
astex,SigmaDock,2,1xoq,True,True,True,True,1xoq
astex,SigmaDock,2,1xoz,True,True,True,True,1xoz
astex,SigmaDock,2,1y6b,True,True,True,True,1y6b
astex,SigmaDock,2,1ygc,True,True,False,False,1ygc
astex,SigmaDock,2,1yqy,True,True,True,True,1yqy
astex,SigmaDock,2,1yv3,True,True,True,True,1yv3
astex,SigmaDock,2,1yvf,True,True,True,True,1yvf
astex,SigmaDock,2,1ywr,True,True,True,True,1ywr
astex,SigmaDock,2,1z95,True,True,True,True,1z95
astex,SigmaDock,2,2bm2,True,True,False,False,2bm2
astex,SigmaDock,2,2br1,True,True,True,True,2br1
astex,SigmaDock,2,2bsm,True,True,True,True,2bsm
astex,DiffDock-Pocket,0,1mmv,False,False,True,True,1mmv
astex,DiffDock-Pocket,0,1k3u,False,False,True,True,1k3u
astex,DiffDock-Pocket,0,2bsm,True,False,True,True,2bsm
astex,DiffDock-Pocket,0,1hwi,False,False,True,True,1hwi
astex,DiffDock-Pocket,0,1lrh,True,True,True,True,1lrh
astex,DiffDock-Pocket,0,1j3j,False,False,True,True,1j3j
astex,DiffDock-Pocket,0,1hvy,False,False,True,True,1hvy
astex,DiffDock-Pocket,0,1oq5,True,False,True,True,1oq5
astex,DiffDock-Pocket,0,1l2s,True,True,True,True,1l2s
astex,DiffDock-Pocket,0,1q1g,False,False,False,False,1q1g
astex,DiffDock-Pocket,0,1p2y,False,False,False,False,1p2y
astex,DiffDock-Pocket,0,1s3v,True,False,True,False,1s3v
astex,DiffDock-Pocket,0,1sj0,True,False,True,True,1sj0
astex,DiffDock-Pocket,0,1mzc,False,False,False,False,1mzc
astex,DiffDock-Pocket,0,1hww,False,False,True,True,1hww
astex,DiffDock-Pocket,0,1n46,False,False,True,True,1n46
astex,DiffDock-Pocket,0,1gm8,False,False,False,False,1gm8
astex,DiffDock-Pocket,0,1v0p,True,True,True,True,1v0p
astex,DiffDock-Pocket,0,1w1p,False,False,False,False,1w1p
astex,DiffDock-Pocket,0,1meh,False,False,False,False,1meh
astex,DiffDock-Pocket,0,1owe,True,False,True,True,1owe
astex,DiffDock-Pocket,0,1tt1,False,False,True,True,1tt1
astex,DiffDock-Pocket,0,1y6b,False,False,True,True,1y6b
astex,DiffDock-Pocket,0,1opk,True,True,True,True,1opk
astex,DiffDock-Pocket,0,1kzk,True,False,True,True,1kzk
astex,DiffDock-Pocket,0,1u4d,True,True,False,False,1u4d
astex,DiffDock-Pocket,0,1pmn,True,True,True,True,1pmn
astex,DiffDock-Pocket,0,1t9b,False,False,False,False,1t9b
astex,DiffDock-Pocket,0,1q41,False,False,True,True,1q41
astex,DiffDock-Pocket,0,1ywr,True,False,True,True,1ywr
astex,DiffDock-Pocket,0,1u1c,True,False,True,True,1u1c
astex,DiffDock-Pocket,0,1r55,True,True,True,True,1r55
astex,DiffDock-Pocket,0,1v4s,False,False,True,True,1v4s
astex,DiffDock-Pocket,0,1sqn,True,True,True,True,1sqn
astex,DiffDock-Pocket,0,1jla,True,True,True,True,1jla
astex,DiffDock-Pocket,0,1n1m,False,False,True,True,1n1m
astex,DiffDock-Pocket,0,1yv3,False,False,True,True,1yv3
astex,DiffDock-Pocket,0,1t46,False,False,True,True,1t46
astex,DiffDock-Pocket,0,1sg0,True,False,True,True,1sg0
astex,DiffDock-Pocket,0,1of1,True,False,True,True,1of1
astex,DiffDock-Pocket,0,1gkc,False,False,True,True,1gkc
astex,DiffDock-Pocket,0,2br1,True,False,True,True,2br1
astex,DiffDock-Pocket,0,1ke5,True,True,True,True,1ke5
astex,DiffDock-Pocket,0,1r9o,False,False,True,True,1r9o
astex,DiffDock-Pocket,0,1hq2,True,True,True,True,1hq2
astex,DiffDock-Pocket,0,1l7f,True,False,True,True,1l7f
astex,DiffDock-Pocket,0,1v48,False,False,True,True,1v48
astex,DiffDock-Pocket,0,1t40,False,False,True,True,1t40
astex,DiffDock-Pocket,0,1g9v,False,False,True,True,1g9v
astex,DiffDock-Pocket,0,1hp0,False,False,False,False,1hp0
astex,DiffDock-Pocket,0,1ig3,False,False,True,True,1ig3
astex,DiffDock-Pocket,0,1n2v,True,True,True,True,1n2v
astex,DiffDock-Pocket,0,1nav,False,False,True,True,1nav
astex,DiffDock-Pocket,0,1q4g,True,False,True,True,1q4g
astex,DiffDock-Pocket,0,1uml,False,False,True,True,1uml
astex,DiffDock-Pocket,0,2bm2,False,False,False,False,2bm2
astex,DiffDock-Pocket,0,1uou,False,False,True,True,1uou
astex,DiffDock-Pocket,0,1r58,True,False,True,True,1r58
astex,DiffDock-Pocket,0,1s19,True,False,True,True,1s19
astex,DiffDock-Pocket,0,1w2g,True,True,True,True,1w2g
astex,DiffDock-Pocket,0,1jje,False,False,False,False,1jje
astex,DiffDock-Pocket,0,1unl,True,True,True,True,1unl
astex,DiffDock-Pocket,0,1xoz,True,True,False,False,1xoz
astex,DiffDock-Pocket,0,1tow,True,True,True,True,1tow
astex,DiffDock-Pocket,0,1ygc,True,True,False,False,1ygc
astex,DiffDock-Pocket,0,1oyt,True,True,True,True,1oyt
astex,DiffDock-Pocket,0,1z95,False,False,True,True,1z95
astex,DiffDock-Pocket,0,1xoq,True,True,True,True,1xoq
astex,DiffDock-Pocket,0,1of6,False,False,True,False,1of6
astex,DiffDock-Pocket,0,1sq5,False,False,False,False,1sq5
astex,DiffDock-Pocket,0,1lpz,True,True,True,True,1lpz
astex,DiffDock-Pocket,0,1gpk,True,False,False,False,1gpk
astex,DiffDock-Pocket,0,1xm6,True,True,True,True,1xm6
astex,DiffDock-Pocket,0,1yvf,False,False,True,True,1yvf
astex,DiffDock-Pocket,0,1m2z,True,True,True,True,1m2z
astex,DiffDock-Pocket,0,1jd0,True,True,True,True,1jd0
astex,DiffDock-Pocket,0,1yqy,True,True,True,True,1yqy
astex,DiffDock-Pocket,0,1vcj,False,False,True,True,1vcj
astex,DiffDock-Pocket,0,1hnn,False,False,True,True,1hnn
astex,DiffDock-Pocket,0,1tz8,True,False,False,False,1tz8
astex,DiffDock-Pocket,0,1x8x,True,False,True,True,1x8x
astex,DiffDock-Pocket,0,1p62,True,False,True,True,1p62
astex,DiffDock-Pocket,0,1n2j,True,True,True,True,1n2j
astex,DiffDock-Pocket,0,1ia1,False,False,True,True,1ia1
astex,DiffDock-Pocket,0,1r1h,True,False,True,False,1r1h
astex,DiffDock-Pocket,1,1mmv,False,False,True,False,1mmv
astex,DiffDock-Pocket,1,1k3u,False,False,True,True,1k3u
astex,DiffDock-Pocket,1,2bsm,True,True,True,True,2bsm
astex,DiffDock-Pocket,1,1hwi,False,False,True,True,1hwi
astex,DiffDock-Pocket,1,1lrh,True,True,True,True,1lrh
astex,DiffDock-Pocket,1,1j3j,False,False,True,True,1j3j
astex,DiffDock-Pocket,1,1hvy,False,False,False,False,1hvy
astex,DiffDock-Pocket,1,1oq5,True,True,True,True,1oq5
astex,DiffDock-Pocket,1,1l2s,False,False,True,True,1l2s
astex,DiffDock-Pocket,1,1q1g,False,False,False,False,1q1g
astex,DiffDock-Pocket,1,1p2y,True,False,False,False,1p2y
astex,DiffDock-Pocket,1,1s3v,True,True,True,False,1s3v
astex,DiffDock-Pocket,1,1sj0,True,False,True,True,1sj0
astex,DiffDock-Pocket,1,1mzc,False,False,False,False,1mzc
astex,DiffDock-Pocket,1,1hww,False,False,True,True,1hww
astex,DiffDock-Pocket,1,1n46,False,False,True,True,1n46
astex,DiffDock-Pocket,1,1gm8,False,False,False,False,1gm8
astex,DiffDock-Pocket,1,1v0p,True,False,True,True,1v0p
astex,DiffDock-Pocket,1,1w1p,False,False,False,False,1w1p
astex,DiffDock-Pocket,1,1meh,False,False,False,False,1meh
astex,DiffDock-Pocket,1,1owe,True,True,True,True,1owe
astex,DiffDock-Pocket,1,1tt1,False,False,True,True,1tt1
astex,DiffDock-Pocket,1,1y6b,False,False,False,False,1y6b
astex,DiffDock-Pocket,1,1opk,True,True,True,True,1opk
astex,DiffDock-Pocket,1,1kzk,True,False,True,True,1kzk
astex,DiffDock-Pocket,1,1u4d,True,True,False,False,1u4d
astex,DiffDock-Pocket,1,1pmn,True,True,True,True,1pmn
astex,DiffDock-Pocket,1,1t9b,False,False,True,True,1t9b
astex,DiffDock-Pocket,1,1q41,False,False,True,True,1q41
astex,DiffDock-Pocket,1,1ywr,True,False,True,True,1ywr
astex,DiffDock-Pocket,1,1u1c,True,False,True,True,1u1c
astex,DiffDock-Pocket,1,1r55,True,True,True,True,1r55
astex,DiffDock-Pocket,1,1v4s,False,False,True,True,1v4s
astex,DiffDock-Pocket,1,1sqn,True,True,True,True,1sqn
astex,DiffDock-Pocket,1,1jla,True,True,True,True,1jla
astex,DiffDock-Pocket,1,1n1m,False,False,True,True,1n1m
astex,DiffDock-Pocket,1,1yv3,True,False,True,True,1yv3
astex,DiffDock-Pocket,1,1t46,True,False,True,True,1t46
astex,DiffDock-Pocket,1,1sg0,True,False,True,True,1sg0
astex,DiffDock-Pocket,1,1of1,True,True,True,True,1of1
astex,DiffDock-Pocket,1,1gkc,False,False,True,True,1gkc
astex,DiffDock-Pocket,1,2br1,True,True,True,True,2br1
astex,DiffDock-Pocket,1,1ke5,True,True,True,True,1ke5
astex,DiffDock-Pocket,1,1r9o,False,False,True,True,1r9o
astex,DiffDock-Pocket,1,1hq2,True,True,True,True,1hq2
astex,DiffDock-Pocket,1,1l7f,False,False,True,True,1l7f
astex,DiffDock-Pocket,1,1v48,False,False,True,True,1v48
astex,DiffDock-Pocket,1,1t40,False,False,True,True,1t40
astex,DiffDock-Pocket,1,1g9v,False,False,True,True,1g9v
astex,DiffDock-Pocket,1,1hp0,False,False,False,False,1hp0
astex,DiffDock-Pocket,1,1ig3,False,False,False,False,1ig3
astex,DiffDock-Pocket,1,1n2v,True,True,True,True,1n2v
astex,DiffDock-Pocket,1,1nav,True,True,True,True,1nav
astex,DiffDock-Pocket,1,1q4g,True,False,True,True,1q4g
astex,DiffDock-Pocket,1,1uml,False,False,True,True,1uml
astex,DiffDock-Pocket,1,2bm2,False,False,True,True,2bm2
astex,DiffDock-Pocket,1,1uou,False,False,True,True,1uou
astex,DiffDock-Pocket,1,1r58,True,False,True,True,1r58
astex,DiffDock-Pocket,1,1s19,False,False,True,True,1s19
astex,DiffDock-Pocket,1,1w2g,True,False,True,True,1w2g
astex,DiffDock-Pocket,1,1jje,False,False,True,True,1jje
astex,DiffDock-Pocket,1,1unl,True,True,True,True,1unl
astex,DiffDock-Pocket,1,1xoz,True,True,True,True,1xoz
astex,DiffDock-Pocket,1,1tow,True,True,True,True,1tow
astex,DiffDock-Pocket,1,1ygc,True,True,False,False,1ygc
astex,DiffDock-Pocket,1,1oyt,True,True,True,True,1oyt
astex,DiffDock-Pocket,1,1z95,False,False,True,True,1z95
astex,DiffDock-Pocket,1,1xoq,True,True,False,False,1xoq
astex,DiffDock-Pocket,1,1of6,False,False,True,False,1of6
astex,DiffDock-Pocket,1,1sq5,False,False,False,False,1sq5
astex,DiffDock-Pocket,1,1lpz,True,True,True,True,1lpz
astex,DiffDock-Pocket,1,1gpk,True,False,False,False,1gpk
astex,DiffDock-Pocket,1,1xm6,True,True,False,False,1xm6
astex,DiffDock-Pocket,1,1yvf,False,False,True,True,1yvf
astex,DiffDock-Pocket,1,1m2z,True,True,True,True,1m2z
astex,DiffDock-Pocket,1,1jd0,True,True,True,True,1jd0
astex,DiffDock-Pocket,1,1yqy,True,True,True,True,1yqy
astex,DiffDock-Pocket,1,1vcj,False,False,True,True,1vcj
astex,DiffDock-Pocket,1,1hnn,False,False,True,True,1hnn
astex,DiffDock-Pocket,1,1tz8,True,True,True,True,1tz8
astex,DiffDock-Pocket,1,1x8x,True,False,True,True,1x8x
astex,DiffDock-Pocket,1,1p62,True,False,True,True,1p62
astex,DiffDock-Pocket,1,1n2j,True,True,True,True,1n2j
astex,DiffDock-Pocket,1,1ia1,False,False,True,True,1ia1
astex,DiffDock-Pocket,1,1r1h,True,False,True,True,1r1h
astex,DiffDock-Pocket,2,1mmv,False,False,True,True,1mmv
astex,DiffDock-Pocket,2,1k3u,False,False,True,True,1k3u
astex,DiffDock-Pocket,2,2bsm,True,True,True,True,2bsm
astex,DiffDock-Pocket,2,1hwi,False,False,True,True,1hwi
astex,DiffDock-Pocket,2,1lrh,True,True,True,True,1lrh
astex,DiffDock-Pocket,2,1j3j,False,False,True,True,1j3j
astex,DiffDock-Pocket,2,1hvy,False,False,False,False,1hvy
astex,DiffDock-Pocket,2,1oq5,False,False,True,True,1oq5
astex,DiffDock-Pocket,2,1l2s,False,False,True,True,1l2s
astex,DiffDock-Pocket,2,1q1g,False,False,True,True,1q1g
astex,DiffDock-Pocket,2,1p2y,True,True,False,False,1p2y
astex,DiffDock-Pocket,2,1s3v,True,True,True,False,1s3v
astex,DiffDock-Pocket,2,1sj0,True,True,True,True,1sj0
astex,DiffDock-Pocket,2,1mzc,False,False,False,False,1mzc
astex,DiffDock-Pocket,2,1hww,False,False,True,True,1hww
astex,DiffDock-Pocket,2,1n46,False,False,True,True,1n46
astex,DiffDock-Pocket,2,1gm8,False,False,False,False,1gm8
astex,DiffDock-Pocket,2,1v0p,True,False,True,True,1v0p
astex,DiffDock-Pocket,2,1w1p,False,False,True,True,1w1p
astex,DiffDock-Pocket,2,1meh,False,False,True,True,1meh
astex,DiffDock-Pocket,2,1owe,True,True,True,True,1owe
astex,DiffDock-Pocket,2,1tt1,False,False,True,True,1tt1
astex,DiffDock-Pocket,2,1y6b,True,False,True,True,1y6b
astex,DiffDock-Pocket,2,1opk,True,True,True,True,1opk
astex,DiffDock-Pocket,2,1kzk,True,False,True,True,1kzk
astex,DiffDock-Pocket,2,1u4d,False,False,False,False,1u4d
astex,DiffDock-Pocket,2,1pmn,True,False,True,True,1pmn
astex,DiffDock-Pocket,2,1t9b,False,False,True,True,1t9b
astex,DiffDock-Pocket,2,1q41,False,False,True,True,1q41
astex,DiffDock-Pocket,2,1ywr,True,False,True,True,1ywr
astex,DiffDock-Pocket,2,1u1c,False,False,True,True,1u1c
astex,DiffDock-Pocket,2,1r55,True,True,True,True,1r55
astex,DiffDock-Pocket,2,1v4s,False,False,True,True,1v4s
astex,DiffDock-Pocket,2,1sqn,True,True,True,True,1sqn
astex,DiffDock-Pocket,2,1jla,True,False,True,True,1jla
astex,DiffDock-Pocket,2,1n1m,False,False,True,True,1n1m
astex,DiffDock-Pocket,2,1yv3,False,False,True,True,1yv3
astex,DiffDock-Pocket,2,1t46,False,False,True,True,1t46
astex,DiffDock-Pocket,2,1sg0,True,False,True,True,1sg0
astex,DiffDock-Pocket,2,1of1,True,False,True,True,1of1
astex,DiffDock-Pocket,2,1gkc,True,False,True,True,1gkc
astex,DiffDock-Pocket,2,2br1,True,True,True,True,2br1
astex,DiffDock-Pocket,2,1ke5,True,False,True,True,1ke5
astex,DiffDock-Pocket,2,1r9o,False,False,True,True,1r9o
astex,DiffDock-Pocket,2,1hq2,True,True,True,True,1hq2
astex,DiffDock-Pocket,2,1l7f,True,False,True,True,1l7f
astex,DiffDock-Pocket,2,1v48,False,False,True,True,1v48
astex,DiffDock-Pocket,2,1t40,False,False,True,True,1t40
astex,DiffDock-Pocket,2,1g9v,False,False,True,True,1g9v
astex,DiffDock-Pocket,2,1hp0,False,False,False,False,1hp0
astex,DiffDock-Pocket,2,1ig3,False,False,True,True,1ig3
astex,DiffDock-Pocket,2,1n2v,True,True,True,True,1n2v
astex,DiffDock-Pocket,2,1nav,True,True,True,True,1nav
astex,DiffDock-Pocket,2,1q4g,True,False,True,True,1q4g
astex,DiffDock-Pocket,2,1uml,False,False,True,True,1uml
astex,DiffDock-Pocket,2,2bm2,False,False,False,False,2bm2
astex,DiffDock-Pocket,2,1uou,False,False,True,True,1uou
astex,DiffDock-Pocket,2,1r58,False,False,True,True,1r58
astex,DiffDock-Pocket,2,1s19,True,False,True,True,1s19
astex,DiffDock-Pocket,2,1w2g,True,False,True,True,1w2g
astex,DiffDock-Pocket,2,1jje,False,False,False,False,1jje
astex,DiffDock-Pocket,2,1unl,True,True,True,True,1unl
astex,DiffDock-Pocket,2,1xoz,True,True,True,True,1xoz
astex,DiffDock-Pocket,2,1tow,True,True,True,True,1tow
astex,DiffDock-Pocket,2,1ygc,True,True,False,False,1ygc
astex,DiffDock-Pocket,2,1oyt,True,True,True,True,1oyt
astex,DiffDock-Pocket,2,1z95,False,False,True,True,1z95
astex,DiffDock-Pocket,2,1xoq,True,False,True,True,1xoq
astex,DiffDock-Pocket,2,1of6,True,False,True,False,1of6
astex,DiffDock-Pocket,2,1sq5,True,False,False,False,1sq5
astex,DiffDock-Pocket,2,1lpz,True,False,False,False,1lpz
astex,DiffDock-Pocket,2,1gpk,True,False,False,False,1gpk
astex,DiffDock-Pocket,2,1xm6,True,True,True,True,1xm6
astex,DiffDock-Pocket,2,1yvf,False,False,True,True,1yvf
astex,DiffDock-Pocket,2,1m2z,True,True,True,True,1m2z
astex,DiffDock-Pocket,2,1jd0,True,True,True,True,1jd0
astex,DiffDock-Pocket,2,1yqy,True,True,True,True,1yqy
astex,DiffDock-Pocket,2,1vcj,False,False,True,True,1vcj
astex,DiffDock-Pocket,2,1hnn,False,False,True,True,1hnn
astex,DiffDock-Pocket,2,1tz8,True,True,False,False,1tz8
astex,DiffDock-Pocket,2,1x8x,True,False,True,True,1x8x
astex,DiffDock-Pocket,2,1p62,True,False,True,True,1p62
astex,DiffDock-Pocket,2,1n2j,True,True,True,True,1n2j
astex,DiffDock-Pocket,2,1ia1,False,False,True,True,1ia1
astex,DiffDock-Pocket,2,1r1h,True,True,True,True,1r1h
astex,RLDiff RL++,0,1mmv,False,False,True,True,1mmv
astex,RLDiff RL++,0,1k3u,True,True,True,True,1k3u
astex,RLDiff RL++,0,2bsm,True,True,True,True,2bsm
astex,RLDiff RL++,0,1hwi,True,True,True,True,1hwi
astex,RLDiff RL++,0,1lrh,True,True,True,True,1lrh
astex,RLDiff RL++,0,1j3j,True,True,True,True,1j3j
astex,RLDiff RL++,0,1hvy,True,True,True,True,1hvy
astex,RLDiff RL++,0,1oq5,True,True,True,True,1oq5
astex,RLDiff RL++,0,1l2s,True,True,True,True,1l2s
astex,RLDiff RL++,0,1q1g,True,True,False,False,1q1g
astex,RLDiff RL++,0,1p2y,False,False,False,False,1p2y
astex,RLDiff RL++,0,1s3v,True,True,True,False,1s3v
astex,RLDiff RL++,0,1sj0,True,True,True,True,1sj0
astex,RLDiff RL++,0,1mzc,True,True,False,False,1mzc
astex,RLDiff RL++,0,1hww,True,True,True,True,1hww
astex,RLDiff RL++,0,1n46,True,True,True,True,1n46
astex,RLDiff RL++,0,1gm8,True,True,False,False,1gm8
astex,RLDiff RL++,0,1v0p,True,True,True,True,1v0p
astex,RLDiff RL++,0,1w1p,True,True,False,False,1w1p
astex,RLDiff RL++,0,1meh,True,True,False,False,1meh
astex,RLDiff RL++,0,1owe,True,True,True,True,1owe
astex,RLDiff RL++,0,1tt1,True,True,True,True,1tt1
astex,RLDiff RL++,0,1y6b,True,True,True,True,1y6b
astex,RLDiff RL++,0,1opk,True,True,True,True,1opk
astex,RLDiff RL++,0,1kzk,True,True,True,True,1kzk
astex,RLDiff RL++,0,1u4d,True,False,False,False,1u4d
astex,RLDiff RL++,0,1pmn,True,True,True,True,1pmn
astex,RLDiff RL++,0,1t9b,True,True,False,False,1t9b
astex,RLDiff RL++,0,1q41,True,True,True,True,1q41
astex,RLDiff RL++,0,1ywr,True,True,True,True,1ywr
astex,RLDiff RL++,0,1u1c,True,True,True,True,1u1c
astex,RLDiff RL++,0,1r55,True,True,True,True,1r55
astex,RLDiff RL++,0,1v4s,True,True,True,True,1v4s
astex,RLDiff RL++,0,1sqn,True,True,True,True,1sqn
astex,RLDiff RL++,0,1jla,True,True,True,True,1jla
astex,RLDiff RL++,0,1n1m,False,False,True,True,1n1m
astex,RLDiff RL++,0,1yv3,True,True,True,True,1yv3
astex,RLDiff RL++,0,1t46,True,True,True,True,1t46
astex,RLDiff RL++,0,1sg0,True,True,True,True,1sg0
astex,RLDiff RL++,0,1of1,False,False,True,True,1of1
astex,RLDiff RL++,0,1gkc,True,True,True,True,1gkc
astex,RLDiff RL++,0,2br1,True,True,True,True,2br1
astex,RLDiff RL++,0,1ke5,True,True,True,True,1ke5
astex,RLDiff RL++,0,1r9o,True,True,True,True,1r9o
astex,RLDiff RL++,0,1hq2,True,True,True,True,1hq2
astex,RLDiff RL++,0,1l7f,True,True,True,True,1l7f
astex,RLDiff RL++,0,1v48,True,True,True,True,1v48
astex,RLDiff RL++,0,1t40,False,False,True,True,1t40
astex,RLDiff RL++,0,1g9v,True,True,True,True,1g9v
astex,RLDiff RL++,0,1hp0,False,False,False,False,1hp0
astex,RLDiff RL++,0,1ig3,True,True,True,True,1ig3
astex,RLDiff RL++,0,1n2v,True,True,True,True,1n2v
astex,RLDiff RL++,0,1nav,True,True,True,True,1nav
astex,RLDiff RL++,0,1q4g,True,True,True,True,1q4g
astex,RLDiff RL++,0,1uml,True,True,True,True,1uml
astex,RLDiff RL++,0,2bm2,False,False,False,False,2bm2
astex,RLDiff RL++,0,1uou,False,False,True,True,1uou
astex,RLDiff RL++,0,1r58,True,True,True,True,1r58
astex,RLDiff RL++,0,1s19,True,True,True,True,1s19
astex,RLDiff RL++,0,1w2g,True,True,True,True,1w2g
astex,RLDiff RL++,0,1jje,False,False,False,False,1jje
astex,RLDiff RL++,0,1unl,True,True,True,True,1unl
astex,RLDiff RL++,0,1xoz,True,True,False,False,1xoz
astex,RLDiff RL++,0,1tow,True,True,True,True,1tow
astex,RLDiff RL++,0,1ygc,False,False,False,False,1ygc
astex,RLDiff RL++,0,1oyt,True,True,True,True,1oyt
astex,RLDiff RL++,0,1z95,True,True,True,True,1z95
astex,RLDiff RL++,0,1xoq,False,False,True,True,1xoq
astex,RLDiff RL++,0,1of6,True,True,True,False,1of6
astex,RLDiff RL++,0,1sq5,False,False,False,False,1sq5
astex,RLDiff RL++,0,1lpz,True,True,True,True,1lpz
astex,RLDiff RL++,0,1gpk,True,False,False,False,1gpk
astex,RLDiff RL++,0,1xm6,False,False,True,True,1xm6
astex,RLDiff RL++,0,1yvf,True,True,True,True,1yvf
astex,RLDiff RL++,0,1m2z,True,True,True,True,1m2z
astex,RLDiff RL++,0,1jd0,True,False,True,True,1jd0
astex,RLDiff RL++,0,1yqy,True,True,True,True,1yqy
astex,RLDiff RL++,0,1vcj,True,True,True,True,1vcj
astex,RLDiff RL++,0,1hnn,True,True,True,True,1hnn
astex,RLDiff RL++,0,1tz8,False,False,False,False,1tz8
astex,RLDiff RL++,0,1x8x,True,True,True,True,1x8x
astex,RLDiff RL++,0,1p62,True,True,True,True,1p62
astex,RLDiff RL++,0,1n2j,True,True,True,True,1n2j
astex,RLDiff RL++,0,1ia1,True,True,True,True,1ia1
astex,RLDiff RL++,0,1r1h,True,True,True,False,1r1h
astex,RLDiff RL++,1,1mmv,False,False,True,False,1mmv
astex,RLDiff RL++,1,1k3u,True,True,True,True,1k3u
astex,RLDiff RL++,1,2bsm,True,True,True,True,2bsm
astex,RLDiff RL++,1,1hwi,True,True,True,True,1hwi
astex,RLDiff RL++,1,1lrh,True,True,True,True,1lrh
astex,RLDiff RL++,1,1j3j,True,True,True,True,1j3j
astex,RLDiff RL++,1,1hvy,True,True,False,False,1hvy
astex,RLDiff RL++,1,1oq5,True,True,True,True,1oq5
astex,RLDiff RL++,1,1l2s,True,True,True,True,1l2s
astex,RLDiff RL++,1,1q1g,True,True,False,False,1q1g
astex,RLDiff RL++,1,1p2y,False,False,False,False,1p2y
astex,RLDiff RL++,1,1s3v,True,True,True,False,1s3v
astex,RLDiff RL++,1,1sj0,True,True,True,True,1sj0
astex,RLDiff RL++,1,1mzc,False,False,False,False,1mzc
astex,RLDiff RL++,1,1hww,True,True,True,True,1hww
astex,RLDiff RL++,1,1n46,True,True,True,True,1n46
astex,RLDiff RL++,1,1gm8,False,False,False,False,1gm8
astex,RLDiff RL++,1,1v0p,True,True,True,True,1v0p
astex,RLDiff RL++,1,1w1p,True,True,False,False,1w1p
astex,RLDiff RL++,1,1meh,True,False,False,False,1meh
astex,RLDiff RL++,1,1owe,True,True,True,True,1owe
astex,RLDiff RL++,1,1tt1,True,True,True,True,1tt1
astex,RLDiff RL++,1,1y6b,True,True,False,False,1y6b
astex,RLDiff RL++,1,1opk,True,True,True,True,1opk
astex,RLDiff RL++,1,1kzk,True,True,True,True,1kzk
astex,RLDiff RL++,1,1u4d,True,True,False,False,1u4d
astex,RLDiff RL++,1,1pmn,True,True,True,True,1pmn
astex,RLDiff RL++,1,1t9b,True,True,True,True,1t9b
astex,RLDiff RL++,1,1q41,True,True,True,True,1q41
astex,RLDiff RL++,1,1ywr,True,True,True,True,1ywr
astex,RLDiff RL++,1,1u1c,True,True,True,True,1u1c
astex,RLDiff RL++,1,1r55,True,True,True,True,1r55
astex,RLDiff RL++,1,1v4s,True,True,True,True,1v4s
astex,RLDiff RL++,1,1sqn,True,True,True,True,1sqn
astex,RLDiff RL++,1,1jla,True,True,True,True,1jla
astex,RLDiff RL++,1,1n1m,False,False,True,True,1n1m
astex,RLDiff RL++,1,1yv3,True,True,True,True,1yv3
astex,RLDiff RL++,1,1t46,True,True,True,True,1t46
astex,RLDiff RL++,1,1sg0,True,True,True,True,1sg0
astex,RLDiff RL++,1,1of1,False,False,True,True,1of1
astex,RLDiff RL++,1,1gkc,True,True,True,True,1gkc
astex,RLDiff RL++,1,2br1,True,True,True,True,2br1
astex,RLDiff RL++,1,1ke5,True,True,True,True,1ke5
astex,RLDiff RL++,1,1r9o,True,True,True,True,1r9o
astex,RLDiff RL++,1,1hq2,True,True,True,True,1hq2
astex,RLDiff RL++,1,1l7f,True,True,True,True,1l7f
astex,RLDiff RL++,1,1v48,True,True,True,True,1v48
astex,RLDiff RL++,1,1t40,False,False,True,True,1t40
astex,RLDiff RL++,1,1g9v,True,True,True,True,1g9v
astex,RLDiff RL++,1,1hp0,False,False,False,False,1hp0
astex,RLDiff RL++,1,1ig3,True,True,False,False,1ig3
astex,RLDiff RL++,1,1n2v,True,True,True,True,1n2v
astex,RLDiff RL++,1,1nav,True,True,True,True,1nav
astex,RLDiff RL++,1,1q4g,True,True,True,True,1q4g
astex,RLDiff RL++,1,1uml,True,True,True,True,1uml
astex,RLDiff RL++,1,2bm2,False,False,True,True,2bm2
astex,RLDiff RL++,1,1uou,False,False,True,True,1uou
astex,RLDiff RL++,1,1r58,True,True,True,True,1r58
astex,RLDiff RL++,1,1s19,True,True,True,True,1s19
astex,RLDiff RL++,1,1w2g,True,True,True,True,1w2g
astex,RLDiff RL++,1,1jje,True,True,True,True,1jje
astex,RLDiff RL++,1,1unl,True,True,True,True,1unl
astex,RLDiff RL++,1,1xoz,True,True,True,True,1xoz
astex,RLDiff RL++,1,1tow,True,True,True,True,1tow
astex,RLDiff RL++,1,1ygc,True,True,False,False,1ygc
astex,RLDiff RL++,1,1oyt,True,True,True,True,1oyt
astex,RLDiff RL++,1,1z95,True,True,True,True,1z95
astex,RLDiff RL++,1,1xoq,False,False,False,False,1xoq
astex,RLDiff RL++,1,1of6,True,True,True,False,1of6
astex,RLDiff RL++,1,1sq5,False,False,False,False,1sq5
astex,RLDiff RL++,1,1lpz,True,True,True,True,1lpz
astex,RLDiff RL++,1,1gpk,False,False,False,False,1gpk
astex,RLDiff RL++,1,1xm6,False,False,False,False,1xm6
astex,RLDiff RL++,1,1yvf,True,True,True,True,1yvf
astex,RLDiff RL++,1,1m2z,True,True,True,True,1m2z
astex,RLDiff RL++,1,1jd0,True,False,True,True,1jd0
astex,RLDiff RL++,1,1yqy,True,True,True,True,1yqy
astex,RLDiff RL++,1,1vcj,True,True,True,True,1vcj
astex,RLDiff RL++,1,1hnn,True,True,True,True,1hnn
astex,RLDiff RL++,1,1tz8,False,False,True,True,1tz8
astex,RLDiff RL++,1,1x8x,True,True,True,True,1x8x
astex,RLDiff RL++,1,1p62,True,True,True,True,1p62
astex,RLDiff RL++,1,1n2j,True,True,True,True,1n2j
astex,RLDiff RL++,1,1ia1,True,True,True,True,1ia1
astex,RLDiff RL++,1,1r1h,True,True,True,True,1r1h
astex,RLDiff RL++,2,1mmv,False,False,True,True,1mmv
astex,RLDiff RL++,2,1k3u,True,True,True,True,1k3u
astex,RLDiff RL++,2,2bsm,True,True,True,True,2bsm
astex,RLDiff RL++,2,1hwi,True,True,True,True,1hwi
astex,RLDiff RL++,2,1lrh,True,True,True,True,1lrh
astex,RLDiff RL++,2,1j3j,True,True,True,True,1j3j
astex,RLDiff RL++,2,1hvy,True,True,False,False,1hvy
astex,RLDiff RL++,2,1oq5,True,True,True,True,1oq5
astex,RLDiff RL++,2,1l2s,True,True,True,True,1l2s
astex,RLDiff RL++,2,1q1g,True,True,True,True,1q1g
astex,RLDiff RL++,2,1p2y,False,False,False,False,1p2y
astex,RLDiff RL++,2,1s3v,True,True,True,False,1s3v
astex,RLDiff RL++,2,1sj0,True,True,True,True,1sj0
astex,RLDiff RL++,2,1mzc,True,True,False,False,1mzc
astex,RLDiff RL++,2,1hww,True,True,True,True,1hww
astex,RLDiff RL++,2,1n46,True,True,True,True,1n46
astex,RLDiff RL++,2,1gm8,False,False,False,False,1gm8
astex,RLDiff RL++,2,1v0p,True,True,True,True,1v0p
astex,RLDiff RL++,2,1w1p,True,True,True,True,1w1p
astex,RLDiff RL++,2,1meh,True,True,True,True,1meh
astex,RLDiff RL++,2,1owe,True,True,True,True,1owe
astex,RLDiff RL++,2,1tt1,True,True,True,True,1tt1
astex,RLDiff RL++,2,1y6b,True,True,True,True,1y6b
astex,RLDiff RL++,2,1opk,True,True,True,True,1opk
astex,RLDiff RL++,2,1kzk,True,True,True,True,1kzk
astex,RLDiff RL++,2,1u4d,True,True,False,False,1u4d
astex,RLDiff RL++,2,1pmn,True,True,True,True,1pmn
astex,RLDiff RL++,2,1t9b,True,True,True,True,1t9b
astex,RLDiff RL++,2,1q41,True,True,True,True,1q41
astex,RLDiff RL++,2,1ywr,True,True,True,True,1ywr
astex,RLDiff RL++,2,1u1c,True,True,True,True,1u1c
astex,RLDiff RL++,2,1r55,True,True,True,True,1r55
astex,RLDiff RL++,2,1v4s,True,True,True,True,1v4s
astex,RLDiff RL++,2,1sqn,True,True,True,True,1sqn
astex,RLDiff RL++,2,1jla,True,True,True,True,1jla
astex,RLDiff RL++,2,1n1m,False,False,True,True,1n1m
astex,RLDiff RL++,2,1yv3,True,True,True,True,1yv3
astex,RLDiff RL++,2,1t46,True,True,True,True,1t46
astex,RLDiff RL++,2,1sg0,True,True,True,True,1sg0
astex,RLDiff RL++,2,1of1,True,True,True,True,1of1
astex,RLDiff RL++,2,1gkc,True,True,True,True,1gkc
astex,RLDiff RL++,2,2br1,True,True,True,True,2br1
astex,RLDiff RL++,2,1ke5,True,True,True,True,1ke5
astex,RLDiff RL++,2,1r9o,True,True,True,True,1r9o
astex,RLDiff RL++,2,1hq2,True,True,True,True,1hq2
astex,RLDiff RL++,2,1l7f,True,True,True,True,1l7f
astex,RLDiff RL++,2,1v48,True,True,True,True,1v48
astex,RLDiff RL++,2,1t40,False,False,True,True,1t40
astex,RLDiff RL++,2,1g9v,True,True,True,True,1g9v
astex,RLDiff RL++,2,1hp0,False,False,False,False,1hp0
astex,RLDiff RL++,2,1ig3,True,True,True,True,1ig3
astex,RLDiff RL++,2,1n2v,True,True,True,True,1n2v
astex,RLDiff RL++,2,1nav,True,True,True,True,1nav
astex,RLDiff RL++,2,1q4g,True,True,True,True,1q4g
astex,RLDiff RL++,2,1uml,True,True,True,True,1uml
astex,RLDiff RL++,2,2bm2,True,True,False,False,2bm2
astex,RLDiff RL++,2,1uou,False,False,True,True,1uou
astex,RLDiff RL++,2,1r58,True,True,True,True,1r58
astex,RLDiff RL++,2,1s19,True,True,True,True,1s19
astex,RLDiff RL++,2,1w2g,True,True,True,True,1w2g
astex,RLDiff RL++,2,1jje,False,False,False,False,1jje
astex,RLDiff RL++,2,1unl,True,True,True,True,1unl
astex,RLDiff RL++,2,1xoz,True,True,True,True,1xoz
astex,RLDiff RL++,2,1tow,True,True,True,True,1tow
astex,RLDiff RL++,2,1ygc,True,True,False,False,1ygc
astex,RLDiff RL++,2,1oyt,True,True,True,True,1oyt
astex,RLDiff RL++,2,1z95,True,True,True,True,1z95
astex,RLDiff RL++,2,1xoq,True,True,True,True,1xoq
astex,RLDiff RL++,2,1of6,True,True,True,False,1of6
astex,RLDiff RL++,2,1sq5,False,False,False,False,1sq5
astex,RLDiff RL++,2,1lpz,True,True,False,False,1lpz
astex,RLDiff RL++,2,1gpk,True,True,False,False,1gpk
astex,RLDiff RL++,2,1xm6,False,False,True,True,1xm6
astex,RLDiff RL++,2,1yvf,True,True,True,True,1yvf
astex,RLDiff RL++,2,1m2z,True,True,True,True,1m2z
astex,RLDiff RL++,2,1jd0,True,True,True,True,1jd0
astex,RLDiff RL++,2,1yqy,True,True,True,True,1yqy
astex,RLDiff RL++,2,1vcj,True,True,True,True,1vcj
astex,RLDiff RL++,2,1hnn,True,True,True,True,1hnn
astex,RLDiff RL++,2,1tz8,False,False,False,False,1tz8
astex,RLDiff RL++,2,1x8x,True,True,True,True,1x8x
astex,RLDiff RL++,2,1p62,True,True,True,True,1p62
astex,RLDiff RL++,2,1n2j,True,True,True,True,1n2j
astex,RLDiff RL++,2,1ia1,True,True,True,True,1ia1
astex,RLDiff RL++,2,1r1h,True,True,True,True,1r1h
astex,DiffBindFR + MDN/EC,0,1mmv,False,False,True,True,1mmv
astex,DiffBindFR + MDN/EC,0,1k3u,True,False,True,True,1k3u
astex,DiffBindFR + MDN/EC,0,2bsm,True,True,True,True,2bsm
astex,DiffBindFR + MDN/EC,0,1hwi,True,True,True,True,1hwi
astex,DiffBindFR + MDN/EC,0,1lrh,True,True,True,True,1lrh
astex,DiffBindFR + MDN/EC,0,1j3j,False,False,True,True,1j3j
astex,DiffBindFR + MDN/EC,0,1hvy,False,False,True,True,1hvy
astex,DiffBindFR + MDN/EC,0,1oq5,True,True,True,True,1oq5
astex,DiffBindFR + MDN/EC,0,1l2s,True,True,True,True,1l2s
astex,DiffBindFR + MDN/EC,0,1q1g,True,True,False,False,1q1g
astex,DiffBindFR + MDN/EC,0,1p2y,True,False,False,False,1p2y
astex,DiffBindFR + MDN/EC,0,1s3v,True,True,True,False,1s3v
astex,DiffBindFR + MDN/EC,0,1sj0,True,True,True,True,1sj0
astex,DiffBindFR + MDN/EC,0,1mzc,True,False,False,False,1mzc
astex,DiffBindFR + MDN/EC,0,1hww,True,True,True,True,1hww
astex,DiffBindFR + MDN/EC,0,1n46,True,True,True,True,1n46
astex,DiffBindFR + MDN/EC,0,1gm8,True,True,False,False,1gm8
astex,DiffBindFR + MDN/EC,0,1v0p,True,True,True,True,1v0p
astex,DiffBindFR + MDN/EC,0,1w1p,False,False,False,False,1w1p
astex,DiffBindFR + MDN/EC,0,1meh,False,False,False,False,1meh
astex,DiffBindFR + MDN/EC,0,1owe,True,True,True,True,1owe
astex,DiffBindFR + MDN/EC,0,1tt1,True,True,True,True,1tt1
astex,DiffBindFR + MDN/EC,0,1y6b,True,True,True,True,1y6b
astex,DiffBindFR + MDN/EC,0,1opk,True,True,True,True,1opk
astex,DiffBindFR + MDN/EC,0,1kzk,True,False,True,True,1kzk
astex,DiffBindFR + MDN/EC,0,1u4d,True,True,False,False,1u4d
astex,DiffBindFR + MDN/EC,0,1pmn,True,True,True,True,1pmn
astex,DiffBindFR + MDN/EC,0,1t9b,False,False,False,False,1t9b
astex,DiffBindFR + MDN/EC,0,1q41,True,True,True,True,1q41
astex,DiffBindFR + MDN/EC,0,1ywr,True,True,True,True,1ywr
astex,DiffBindFR + MDN/EC,0,1u1c,True,False,True,True,1u1c
astex,DiffBindFR + MDN/EC,0,1r55,True,True,True,True,1r55
astex,DiffBindFR + MDN/EC,0,1v4s,True,False,True,True,1v4s
astex,DiffBindFR + MDN/EC,0,1sqn,False,False,True,True,1sqn
astex,DiffBindFR + MDN/EC,0,1jla,True,True,True,True,1jla
astex,DiffBindFR + MDN/EC,0,1n1m,True,True,True,True,1n1m
astex,DiffBindFR + MDN/EC,0,1yv3,False,False,True,True,1yv3
astex,DiffBindFR + MDN/EC,0,1t46,True,True,True,True,1t46
astex,DiffBindFR + MDN/EC,0,1sg0,False,False,True,True,1sg0
astex,DiffBindFR + MDN/EC,0,1of1,True,True,True,True,1of1
astex,DiffBindFR + MDN/EC,0,1gkc,True,True,True,True,1gkc
astex,DiffBindFR + MDN/EC,0,2br1,True,True,True,True,2br1
astex,DiffBindFR + MDN/EC,0,1ke5,True,True,True,True,1ke5
astex,DiffBindFR + MDN/EC,0,1r9o,False,False,True,True,1r9o
astex,DiffBindFR + MDN/EC,0,1hq2,True,True,True,True,1hq2
astex,DiffBindFR + MDN/EC,0,1l7f,True,True,True,True,1l7f
astex,DiffBindFR + MDN/EC,0,1v48,True,True,True,True,1v48
astex,DiffBindFR + MDN/EC,0,1t40,False,False,True,True,1t40
astex,DiffBindFR + MDN/EC,0,1g9v,True,True,True,True,1g9v
astex,DiffBindFR + MDN/EC,0,1hp0,False,False,False,False,1hp0
astex,DiffBindFR + MDN/EC,0,1ig3,False,False,True,True,1ig3
astex,DiffBindFR + MDN/EC,0,1n2v,True,True,True,True,1n2v
astex,DiffBindFR + MDN/EC,0,1nav,True,False,True,True,1nav
astex,DiffBindFR + MDN/EC,0,1q4g,True,True,True,True,1q4g
astex,DiffBindFR + MDN/EC,0,1uml,True,True,True,True,1uml
astex,DiffBindFR + MDN/EC,0,2bm2,False,False,False,False,2bm2
astex,DiffBindFR + MDN/EC,0,1uou,True,True,True,True,1uou
astex,DiffBindFR + MDN/EC,0,1r58,False,False,True,True,1r58
astex,DiffBindFR + MDN/EC,0,1s19,True,True,True,True,1s19
astex,DiffBindFR + MDN/EC,0,1w2g,True,True,True,True,1w2g
astex,DiffBindFR + MDN/EC,0,1jje,True,True,False,False,1jje
astex,DiffBindFR + MDN/EC,0,1unl,True,True,True,True,1unl
astex,DiffBindFR + MDN/EC,0,1xoz,True,True,False,False,1xoz
astex,DiffBindFR + MDN/EC,0,1tow,True,True,True,True,1tow
astex,DiffBindFR + MDN/EC,0,1ygc,True,True,False,False,1ygc
astex,DiffBindFR + MDN/EC,0,1oyt,True,True,True,True,1oyt
astex,DiffBindFR + MDN/EC,0,1z95,True,True,True,True,1z95
astex,DiffBindFR + MDN/EC,0,1xoq,True,True,True,True,1xoq
astex,DiffBindFR + MDN/EC,0,1of6,True,True,True,False,1of6
astex,DiffBindFR + MDN/EC,0,1sq5,False,False,False,False,1sq5
astex,DiffBindFR + MDN/EC,0,1lpz,True,True,True,True,1lpz
astex,DiffBindFR + MDN/EC,0,1gpk,True,True,False,False,1gpk
astex,DiffBindFR + MDN/EC,0,1xm6,True,True,True,True,1xm6
astex,DiffBindFR + MDN/EC,0,1yvf,True,True,True,True,1yvf
astex,DiffBindFR + MDN/EC,0,1m2z,True,True,True,True,1m2z
astex,DiffBindFR + MDN/EC,0,1jd0,True,True,True,True,1jd0
astex,DiffBindFR + MDN/EC,0,1yqy,True,False,True,True,1yqy
astex,DiffBindFR + MDN/EC,0,1vcj,True,False,True,True,1vcj
astex,DiffBindFR + MDN/EC,0,1hnn,False,False,True,True,1hnn
astex,DiffBindFR + MDN/EC,0,1tz8,False,False,False,False,1tz8
astex,DiffBindFR + MDN/EC,0,1x8x,True,True,True,True,1x8x
astex,DiffBindFR + MDN/EC,0,1p62,True,False,True,True,1p62
astex,DiffBindFR + MDN/EC,0,1n2j,False,False,True,True,1n2j
astex,DiffBindFR + MDN/EC,0,1ia1,True,False,True,True,1ia1
astex,DiffBindFR + MDN/EC,0,1r1h,True,True,True,False,1r1h
astex,DiffBindFR + MDN/EC,1,1mmv,True,True,True,False,1mmv
astex,DiffBindFR + MDN/EC,1,1k3u,True,True,True,True,1k3u
astex,DiffBindFR + MDN/EC,1,2bsm,True,True,True,True,2bsm
astex,DiffBindFR + MDN/EC,1,1hwi,True,True,True,True,1hwi
astex,DiffBindFR + MDN/EC,1,1lrh,False,False,True,True,1lrh
astex,DiffBindFR + MDN/EC,1,1j3j,True,True,True,True,1j3j
astex,DiffBindFR + MDN/EC,1,1hvy,True,True,False,False,1hvy
astex,DiffBindFR + MDN/EC,1,1oq5,True,True,True,True,1oq5
astex,DiffBindFR + MDN/EC,1,1l2s,True,True,True,True,1l2s
astex,DiffBindFR + MDN/EC,1,1q1g,True,True,False,False,1q1g
astex,DiffBindFR + MDN/EC,1,1p2y,False,False,False,False,1p2y
astex,DiffBindFR + MDN/EC,1,1s3v,True,True,True,False,1s3v
astex,DiffBindFR + MDN/EC,1,1sj0,True,True,True,True,1sj0
astex,DiffBindFR + MDN/EC,1,1mzc,True,False,False,False,1mzc
astex,DiffBindFR + MDN/EC,1,1hww,True,True,True,True,1hww
astex,DiffBindFR + MDN/EC,1,1n46,True,True,True,True,1n46
astex,DiffBindFR + MDN/EC,1,1gm8,False,False,False,False,1gm8
astex,DiffBindFR + MDN/EC,1,1v0p,True,True,True,True,1v0p
astex,DiffBindFR + MDN/EC,1,1w1p,True,True,False,False,1w1p
astex,DiffBindFR + MDN/EC,1,1meh,False,False,False,False,1meh
astex,DiffBindFR + MDN/EC,1,1owe,True,True,True,True,1owe
astex,DiffBindFR + MDN/EC,1,1tt1,True,True,True,True,1tt1
astex,DiffBindFR + MDN/EC,1,1y6b,True,True,False,False,1y6b
astex,DiffBindFR + MDN/EC,1,1opk,True,True,True,True,1opk
astex,DiffBindFR + MDN/EC,1,1kzk,True,False,True,True,1kzk
astex,DiffBindFR + MDN/EC,1,1u4d,True,True,False,False,1u4d
astex,DiffBindFR + MDN/EC,1,1pmn,True,True,True,True,1pmn
astex,DiffBindFR + MDN/EC,1,1t9b,False,False,True,True,1t9b
astex,DiffBindFR + MDN/EC,1,1q41,True,True,True,True,1q41
astex,DiffBindFR + MDN/EC,1,1ywr,True,True,True,True,1ywr
astex,DiffBindFR + MDN/EC,1,1u1c,True,True,True,True,1u1c
astex,DiffBindFR + MDN/EC,1,1r55,True,False,True,True,1r55
astex,DiffBindFR + MDN/EC,1,1v4s,True,True,True,True,1v4s
astex,DiffBindFR + MDN/EC,1,1sqn,True,True,True,True,1sqn
astex,DiffBindFR + MDN/EC,1,1jla,True,True,True,True,1jla
astex,DiffBindFR + MDN/EC,1,1n1m,True,True,True,True,1n1m
astex,DiffBindFR + MDN/EC,1,1yv3,False,False,True,True,1yv3
astex,DiffBindFR + MDN/EC,1,1t46,True,True,True,True,1t46
astex,DiffBindFR + MDN/EC,1,1sg0,False,False,True,True,1sg0
astex,DiffBindFR + MDN/EC,1,1of1,True,True,True,True,1of1
astex,DiffBindFR + MDN/EC,1,1gkc,True,True,True,True,1gkc
astex,DiffBindFR + MDN/EC,1,2br1,False,False,True,True,2br1
astex,DiffBindFR + MDN/EC,1,1ke5,True,True,True,True,1ke5
astex,DiffBindFR + MDN/EC,1,1r9o,False,False,True,True,1r9o
astex,DiffBindFR + MDN/EC,1,1hq2,True,True,True,True,1hq2
astex,DiffBindFR + MDN/EC,1,1l7f,True,True,True,True,1l7f
astex,DiffBindFR + MDN/EC,1,1v48,True,True,True,True,1v48
astex,DiffBindFR + MDN/EC,1,1t40,True,False,True,True,1t40
astex,DiffBindFR + MDN/EC,1,1g9v,False,False,True,True,1g9v
astex,DiffBindFR + MDN/EC,1,1hp0,True,True,False,False,1hp0
astex,DiffBindFR + MDN/EC,1,1ig3,True,True,False,False,1ig3
astex,DiffBindFR + MDN/EC,1,1n2v,True,True,True,True,1n2v
astex,DiffBindFR + MDN/EC,1,1nav,True,False,True,True,1nav
astex,DiffBindFR + MDN/EC,1,1q4g,True,True,True,True,1q4g
astex,DiffBindFR + MDN/EC,1,1uml,True,True,True,True,1uml
astex,DiffBindFR + MDN/EC,1,2bm2,False,False,True,True,2bm2
astex,DiffBindFR + MDN/EC,1,1uou,True,True,True,True,1uou
astex,DiffBindFR + MDN/EC,1,1r58,False,False,True,True,1r58
astex,DiffBindFR + MDN/EC,1,1s19,True,True,True,True,1s19
astex,DiffBindFR + MDN/EC,1,1w2g,True,True,True,True,1w2g
astex,DiffBindFR + MDN/EC,1,1jje,True,True,True,True,1jje
astex,DiffBindFR + MDN/EC,1,1unl,True,True,True,True,1unl
astex,DiffBindFR + MDN/EC,1,1xoz,True,True,True,True,1xoz
astex,DiffBindFR + MDN/EC,1,1tow,True,True,True,True,1tow
astex,DiffBindFR + MDN/EC,1,1ygc,False,False,False,False,1ygc
astex,DiffBindFR + MDN/EC,1,1oyt,True,True,True,True,1oyt
astex,DiffBindFR + MDN/EC,1,1z95,True,True,True,True,1z95
astex,DiffBindFR + MDN/EC,1,1xoq,True,True,False,False,1xoq
astex,DiffBindFR + MDN/EC,1,1of6,True,True,True,False,1of6
astex,DiffBindFR + MDN/EC,1,1sq5,False,False,False,False,1sq5
astex,DiffBindFR + MDN/EC,1,1lpz,True,True,True,True,1lpz
astex,DiffBindFR + MDN/EC,1,1gpk,True,True,False,False,1gpk
astex,DiffBindFR + MDN/EC,1,1xm6,True,True,False,False,1xm6
astex,DiffBindFR + MDN/EC,1,1yvf,True,True,True,True,1yvf
astex,DiffBindFR + MDN/EC,1,1m2z,True,True,True,True,1m2z
astex,DiffBindFR + MDN/EC,1,1jd0,True,True,True,True,1jd0
astex,DiffBindFR + MDN/EC,1,1yqy,True,False,True,True,1yqy
astex,DiffBindFR + MDN/EC,1,1vcj,True,True,True,True,1vcj
astex,DiffBindFR + MDN/EC,1,1hnn,False,False,True,True,1hnn
astex,DiffBindFR + MDN/EC,1,1tz8,False,False,True,True,1tz8
astex,DiffBindFR + MDN/EC,1,1x8x,True,True,True,True,1x8x
astex,DiffBindFR + MDN/EC,1,1p62,True,False,True,True,1p62
astex,DiffBindFR + MDN/EC,1,1n2j,True,True,True,True,1n2j
astex,DiffBindFR + MDN/EC,1,1ia1,True,False,True,True,1ia1
astex,DiffBindFR + MDN/EC,1,1r1h,True,True,True,True,1r1h
astex,DiffBindFR + MDN/EC,2,1mmv,False,False,True,True,1mmv
astex,DiffBindFR + MDN/EC,2,1k3u,True,True,True,True,1k3u
astex,DiffBindFR + MDN/EC,2,2bsm,True,True,True,True,2bsm
astex,DiffBindFR + MDN/EC,2,1hwi,True,True,True,True,1hwi
astex,DiffBindFR + MDN/EC,2,1lrh,True,True,True,True,1lrh
astex,DiffBindFR + MDN/EC,2,1j3j,True,False,True,True,1j3j
astex,DiffBindFR + MDN/EC,2,1hvy,False,False,False,False,1hvy
astex,DiffBindFR + MDN/EC,2,1oq5,True,True,True,True,1oq5
astex,DiffBindFR + MDN/EC,2,1l2s,True,True,True,True,1l2s
astex,DiffBindFR + MDN/EC,2,1q1g,True,True,True,True,1q1g
astex,DiffBindFR + MDN/EC,2,1p2y,True,False,False,False,1p2y
astex,DiffBindFR + MDN/EC,2,1s3v,True,True,True,False,1s3v
astex,DiffBindFR + MDN/EC,2,1sj0,True,True,True,True,1sj0
astex,DiffBindFR + MDN/EC,2,1mzc,True,True,False,False,1mzc
astex,DiffBindFR + MDN/EC,2,1hww,True,True,True,True,1hww
astex,DiffBindFR + MDN/EC,2,1n46,True,True,True,True,1n46
astex,DiffBindFR + MDN/EC,2,1gm8,False,False,False,False,1gm8
astex,DiffBindFR + MDN/EC,2,1v0p,True,True,True,True,1v0p
astex,DiffBindFR + MDN/EC,2,1w1p,True,True,True,True,1w1p
astex,DiffBindFR + MDN/EC,2,1meh,False,False,True,True,1meh
astex,DiffBindFR + MDN/EC,2,1owe,True,True,True,True,1owe
astex,DiffBindFR + MDN/EC,2,1tt1,True,True,True,True,1tt1
astex,DiffBindFR + MDN/EC,2,1y6b,True,True,True,True,1y6b
astex,DiffBindFR + MDN/EC,2,1opk,True,True,True,True,1opk
astex,DiffBindFR + MDN/EC,2,1kzk,True,False,True,True,1kzk
astex,DiffBindFR + MDN/EC,2,1u4d,True,True,False,False,1u4d
astex,DiffBindFR + MDN/EC,2,1pmn,True,True,True,True,1pmn
astex,DiffBindFR + MDN/EC,2,1t9b,False,False,True,True,1t9b
astex,DiffBindFR + MDN/EC,2,1q41,True,True,True,True,1q41
astex,DiffBindFR + MDN/EC,2,1ywr,True,True,True,True,1ywr
astex,DiffBindFR + MDN/EC,2,1u1c,True,True,True,True,1u1c
astex,DiffBindFR + MDN/EC,2,1r55,True,True,True,True,1r55
astex,DiffBindFR + MDN/EC,2,1v4s,True,False,True,True,1v4s
astex,DiffBindFR + MDN/EC,2,1sqn,True,False,True,True,1sqn
astex,DiffBindFR + MDN/EC,2,1jla,True,True,True,True,1jla
astex,DiffBindFR + MDN/EC,2,1n1m,True,True,True,True,1n1m
astex,DiffBindFR + MDN/EC,2,1yv3,False,False,True,True,1yv3
astex,DiffBindFR + MDN/EC,2,1t46,True,False,True,True,1t46
astex,DiffBindFR + MDN/EC,2,1sg0,True,True,True,True,1sg0
astex,DiffBindFR + MDN/EC,2,1of1,True,True,True,True,1of1
astex,DiffBindFR + MDN/EC,2,1gkc,True,True,True,True,1gkc
astex,DiffBindFR + MDN/EC,2,2br1,True,True,True,True,2br1
astex,DiffBindFR + MDN/EC,2,1ke5,True,True,True,True,1ke5
astex,DiffBindFR + MDN/EC,2,1r9o,False,False,True,True,1r9o
astex,DiffBindFR + MDN/EC,2,1hq2,True,True,True,True,1hq2
astex,DiffBindFR + MDN/EC,2,1l7f,True,True,True,True,1l7f
astex,DiffBindFR + MDN/EC,2,1v48,True,True,True,True,1v48
astex,DiffBindFR + MDN/EC,2,1t40,False,False,True,True,1t40
astex,DiffBindFR + MDN/EC,2,1g9v,False,False,True,True,1g9v
astex,DiffBindFR + MDN/EC,2,1hp0,True,True,False,False,1hp0
astex,DiffBindFR + MDN/EC,2,1ig3,False,False,True,True,1ig3
astex,DiffBindFR + MDN/EC,2,1n2v,True,True,True,True,1n2v
astex,DiffBindFR + MDN/EC,2,1nav,True,False,True,True,1nav
astex,DiffBindFR + MDN/EC,2,1q4g,True,True,True,True,1q4g
astex,DiffBindFR + MDN/EC,2,1uml,True,True,True,True,1uml
astex,DiffBindFR + MDN/EC,2,2bm2,False,False,False,False,2bm2
astex,DiffBindFR + MDN/EC,2,1uou,True,True,True,True,1uou
astex,DiffBindFR + MDN/EC,2,1r58,True,True,True,True,1r58
astex,DiffBindFR + MDN/EC,2,1s19,True,False,True,True,1s19
astex,DiffBindFR + MDN/EC,2,1w2g,True,True,True,True,1w2g
astex,DiffBindFR + MDN/EC,2,1jje,True,True,False,False,1jje
astex,DiffBindFR + MDN/EC,2,1unl,True,True,True,True,1unl
astex,DiffBindFR + MDN/EC,2,1xoz,True,True,True,True,1xoz
astex,DiffBindFR + MDN/EC,2,1tow,True,True,True,True,1tow
astex,DiffBindFR + MDN/EC,2,1ygc,True,True,False,False,1ygc
astex,DiffBindFR + MDN/EC,2,1oyt,True,True,True,True,1oyt
astex,DiffBindFR + MDN/EC,2,1z95,True,True,True,True,1z95
astex,DiffBindFR + MDN/EC,2,1xoq,True,True,True,True,1xoq
astex,DiffBindFR + MDN/EC,2,1of6,True,True,True,False,1of6
astex,DiffBindFR + MDN/EC,2,1sq5,False,False,False,False,1sq5
astex,DiffBindFR + MDN/EC,2,1lpz,True,True,False,False,1lpz
astex,DiffBindFR + MDN/EC,2,1gpk,True,True,False,False,1gpk
astex,DiffBindFR + MDN/EC,2,1xm6,True,True,True,True,1xm6
astex,DiffBindFR + MDN/EC,2,1yvf,True,True,True,True,1yvf
astex,DiffBindFR + MDN/EC,2,1m2z,True,True,True,True,1m2z
astex,DiffBindFR + MDN/EC,2,1jd0,True,True,True,True,1jd0
astex,DiffBindFR + MDN/EC,2,1yqy,True,False,True,True,1yqy
astex,DiffBindFR + MDN/EC,2,1vcj,True,False,True,True,1vcj
astex,DiffBindFR + MDN/EC,2,1hnn,False,False,True,True,1hnn
astex,DiffBindFR + MDN/EC,2,1tz8,False,False,False,False,1tz8
astex,DiffBindFR + MDN/EC,2,1x8x,True,True,True,True,1x8x
astex,DiffBindFR + MDN/EC,2,1p62,True,False,True,True,1p62
astex,DiffBindFR + MDN/EC,2,1n2j,True,True,True,True,1n2j
astex,DiffBindFR + MDN/EC,2,1ia1,True,False,True,True,1ia1
astex,DiffBindFR + MDN/EC,2,1r1h,True,True,True,True,1r1h
astex,SurfDock,0,1mmv,True,False,True,True,1mmv
astex,SurfDock,0,1k3u,True,True,True,True,1k3u
astex,SurfDock,0,2bsm,True,True,True,True,2bsm
astex,SurfDock,0,1hwi,True,True,True,True,1hwi
astex,SurfDock,0,1lrh,True,True,True,True,1lrh
astex,SurfDock,0,1j3j,True,True,True,True,1j3j
astex,SurfDock,0,1hvy,False,False,True,True,1hvy
astex,SurfDock,0,1oq5,True,True,True,True,1oq5
astex,SurfDock,0,1l2s,True,True,True,True,1l2s
astex,SurfDock,0,1q1g,True,True,False,False,1q1g
astex,SurfDock,0,1p2y,True,True,False,False,1p2y
astex,SurfDock,0,1s3v,True,True,True,False,1s3v
astex,SurfDock,0,1sj0,True,True,True,True,1sj0
astex,SurfDock,0,1mzc,True,True,False,False,1mzc
astex,SurfDock,0,1hww,True,True,True,True,1hww
astex,SurfDock,0,1n46,True,True,True,True,1n46
astex,SurfDock,0,1gm8,False,False,False,False,1gm8
astex,SurfDock,0,1v0p,True,True,True,True,1v0p
astex,SurfDock,0,1w1p,True,True,False,False,1w1p
astex,SurfDock,0,1meh,True,False,False,False,1meh
astex,SurfDock,0,1owe,True,True,True,True,1owe
astex,SurfDock,0,1tt1,True,True,True,True,1tt1
astex,SurfDock,0,1y6b,True,True,True,True,1y6b
astex,SurfDock,0,1opk,True,True,True,True,1opk
astex,SurfDock,0,1kzk,True,True,True,True,1kzk
astex,SurfDock,0,1u4d,True,True,False,False,1u4d
astex,SurfDock,0,1pmn,True,True,True,True,1pmn
astex,SurfDock,0,1t9b,True,True,False,False,1t9b
astex,SurfDock,0,1q41,True,True,True,True,1q41
astex,SurfDock,0,1ywr,True,True,True,True,1ywr
astex,SurfDock,0,1u1c,True,True,True,True,1u1c
astex,SurfDock,0,1r55,True,True,True,True,1r55
astex,SurfDock,0,1v4s,False,False,True,True,1v4s
astex,SurfDock,0,1sqn,True,True,True,True,1sqn
astex,SurfDock,0,1jla,True,True,True,True,1jla
astex,SurfDock,0,1n1m,True,True,True,True,1n1m
astex,SurfDock,0,1yv3,True,True,True,True,1yv3
astex,SurfDock,0,1t46,True,True,True,True,1t46
astex,SurfDock,0,1sg0,True,True,True,True,1sg0
astex,SurfDock,0,1of1,True,True,True,True,1of1
astex,SurfDock,0,1gkc,True,True,True,True,1gkc
astex,SurfDock,0,2br1,True,True,True,True,2br1
astex,SurfDock,0,1ke5,True,True,True,True,1ke5
astex,SurfDock,0,1r9o,True,True,True,True,1r9o
astex,SurfDock,0,1hq2,True,False,True,True,1hq2
astex,SurfDock,0,1l7f,True,True,True,True,1l7f
astex,SurfDock,0,1v48,True,True,True,True,1v48
astex,SurfDock,0,1t40,False,False,True,True,1t40
astex,SurfDock,0,1g9v,False,False,True,True,1g9v
astex,SurfDock,0,1hp0,False,False,False,False,1hp0
astex,SurfDock,0,1ig3,False,False,True,True,1ig3
astex,SurfDock,0,1n2v,True,True,True,True,1n2v
astex,SurfDock,0,1nav,True,True,True,True,1nav
astex,SurfDock,0,1q4g,True,True,True,True,1q4g
astex,SurfDock,0,1uml,True,True,True,True,1uml
astex,SurfDock,0,2bm2,True,True,False,False,2bm2
astex,SurfDock,0,1uou,True,True,True,True,1uou
astex,SurfDock,0,1r58,True,True,True,True,1r58
astex,SurfDock,0,1s19,True,False,True,True,1s19
astex,SurfDock,0,1w2g,True,True,True,True,1w2g
astex,SurfDock,0,1jje,True,True,False,False,1jje
astex,SurfDock,0,1unl,True,True,True,True,1unl
astex,SurfDock,0,1xoz,True,True,False,False,1xoz
astex,SurfDock,0,1tow,True,True,True,True,1tow
astex,SurfDock,0,1ygc,True,True,False,False,1ygc
astex,SurfDock,0,1oyt,True,True,True,True,1oyt
astex,SurfDock,0,1z95,True,True,True,True,1z95
astex,SurfDock,0,1xoq,True,True,True,True,1xoq
astex,SurfDock,0,1of6,False,False,True,False,1of6
astex,SurfDock,0,1sq5,True,True,False,False,1sq5
astex,SurfDock,0,1lpz,True,True,True,True,1lpz
astex,SurfDock,0,1gpk,True,True,False,False,1gpk
astex,SurfDock,0,1xm6,True,True,True,True,1xm6
astex,SurfDock,0,1yvf,True,True,True,True,1yvf
astex,SurfDock,0,1m2z,True,True,True,True,1m2z
astex,SurfDock,0,1jd0,True,True,True,True,1jd0
astex,SurfDock,0,1yqy,True,True,True,True,1yqy
astex,SurfDock,0,1vcj,True,True,True,True,1vcj
astex,SurfDock,0,1hnn,True,True,True,True,1hnn
astex,SurfDock,0,1tz8,False,False,False,False,1tz8
astex,SurfDock,0,1x8x,True,True,True,True,1x8x
astex,SurfDock,0,1p62,True,True,True,True,1p62
astex,SurfDock,0,1n2j,True,True,True,True,1n2j
astex,SurfDock,0,1ia1,True,True,True,True,1ia1
astex,SurfDock,0,1r1h,True,True,True,False,1r1h
astex,SurfDock,1,1mmv,True,False,True,False,1mmv
astex,SurfDock,1,1k3u,True,True,True,True,1k3u
astex,SurfDock,1,2bsm,True,True,True,True,2bsm
astex,SurfDock,1,1hwi,True,True,True,True,1hwi
astex,SurfDock,1,1lrh,True,True,True,True,1lrh
astex,SurfDock,1,1j3j,True,True,True,True,1j3j
astex,SurfDock,1,1hvy,True,True,False,False,1hvy
astex,SurfDock,1,1oq5,True,True,True,True,1oq5
astex,SurfDock,1,1l2s,True,True,True,True,1l2s
astex,SurfDock,1,1q1g,True,True,False,False,1q1g
astex,SurfDock,1,1p2y,True,True,False,False,1p2y
astex,SurfDock,1,1s3v,True,True,True,False,1s3v
astex,SurfDock,1,1sj0,True,True,True,True,1sj0
astex,SurfDock,1,1mzc,True,True,False,False,1mzc
astex,SurfDock,1,1hww,True,True,True,True,1hww
astex,SurfDock,1,1n46,True,True,True,True,1n46
astex,SurfDock,1,1gm8,True,True,False,False,1gm8
astex,SurfDock,1,1v0p,True,True,True,True,1v0p
astex,SurfDock,1,1w1p,True,True,False,False,1w1p
astex,SurfDock,1,1meh,True,True,False,False,1meh
astex,SurfDock,1,1owe,True,True,True,True,1owe
astex,SurfDock,1,1tt1,True,True,True,True,1tt1
astex,SurfDock,1,1y6b,True,True,False,False,1y6b
astex,SurfDock,1,1opk,True,True,True,True,1opk
astex,SurfDock,1,1kzk,True,True,True,True,1kzk
astex,SurfDock,1,1u4d,True,True,False,False,1u4d
astex,SurfDock,1,1pmn,True,True,True,True,1pmn
astex,SurfDock,1,1t9b,True,True,True,True,1t9b
astex,SurfDock,1,1q41,True,True,True,True,1q41
astex,SurfDock,1,1ywr,True,True,True,True,1ywr
astex,SurfDock,1,1u1c,True,True,True,True,1u1c
astex,SurfDock,1,1r55,True,True,True,True,1r55
astex,SurfDock,1,1v4s,False,False,True,True,1v4s
astex,SurfDock,1,1sqn,True,True,True,True,1sqn
astex,SurfDock,1,1jla,True,True,True,True,1jla
astex,SurfDock,1,1n1m,True,True,True,True,1n1m
astex,SurfDock,1,1yv3,True,True,True,True,1yv3
astex,SurfDock,1,1t46,True,True,True,True,1t46
astex,SurfDock,1,1sg0,True,True,True,True,1sg0
astex,SurfDock,1,1of1,True,True,True,True,1of1
astex,SurfDock,1,1gkc,True,True,True,True,1gkc
astex,SurfDock,1,2br1,True,True,True,True,2br1
astex,SurfDock,1,1ke5,True,True,True,True,1ke5
astex,SurfDock,1,1r9o,True,True,True,True,1r9o
astex,SurfDock,1,1hq2,True,True,True,True,1hq2
astex,SurfDock,1,1l7f,True,True,True,True,1l7f
astex,SurfDock,1,1v48,True,True,True,True,1v48
astex,SurfDock,1,1t40,True,False,True,True,1t40
astex,SurfDock,1,1g9v,False,False,True,True,1g9v
astex,SurfDock,1,1hp0,False,False,False,False,1hp0
astex,SurfDock,1,1ig3,False,False,False,False,1ig3
astex,SurfDock,1,1n2v,True,True,True,True,1n2v
astex,SurfDock,1,1nav,True,True,True,True,1nav
astex,SurfDock,1,1q4g,True,True,True,True,1q4g
astex,SurfDock,1,1uml,True,True,True,True,1uml
astex,SurfDock,1,2bm2,True,True,True,True,2bm2
astex,SurfDock,1,1uou,True,True,True,True,1uou
astex,SurfDock,1,1r58,True,True,True,True,1r58
astex,SurfDock,1,1s19,True,False,True,True,1s19
astex,SurfDock,1,1w2g,True,True,True,True,1w2g
astex,SurfDock,1,1jje,True,True,True,True,1jje
astex,SurfDock,1,1unl,True,True,True,True,1unl
astex,SurfDock,1,1xoz,True,True,True,True,1xoz
astex,SurfDock,1,1tow,True,True,True,True,1tow
astex,SurfDock,1,1ygc,True,True,False,False,1ygc
astex,SurfDock,1,1oyt,True,True,True,True,1oyt
astex,SurfDock,1,1z95,True,True,True,True,1z95
astex,SurfDock,1,1xoq,True,True,False,False,1xoq
astex,SurfDock,1,1of6,False,False,True,False,1of6
astex,SurfDock,1,1sq5,True,True,False,False,1sq5
astex,SurfDock,1,1lpz,True,True,True,True,1lpz
astex,SurfDock,1,1gpk,True,True,False,False,1gpk
astex,SurfDock,1,1xm6,True,True,False,False,1xm6
astex,SurfDock,1,1yvf,True,True,True,True,1yvf
astex,SurfDock,1,1m2z,True,True,True,True,1m2z
astex,SurfDock,1,1jd0,True,True,True,True,1jd0
astex,SurfDock,1,1yqy,True,True,True,True,1yqy
astex,SurfDock,1,1vcj,True,True,True,True,1vcj
astex,SurfDock,1,1hnn,True,True,True,True,1hnn
astex,SurfDock,1,1tz8,False,False,True,True,1tz8
astex,SurfDock,1,1x8x,True,True,True,True,1x8x
astex,SurfDock,1,1p62,True,True,True,True,1p62
astex,SurfDock,1,1n2j,True,True,True,True,1n2j
astex,SurfDock,1,1ia1,True,True,True,True,1ia1
astex,SurfDock,1,1r1h,True,True,True,True,1r1h
astex,SurfDock,2,1mmv,True,False,True,True,1mmv
astex,SurfDock,2,1k3u,True,True,True,True,1k3u
astex,SurfDock,2,2bsm,True,True,True,True,2bsm
astex,SurfDock,2,1hwi,True,True,True,True,1hwi
astex,SurfDock,2,1lrh,True,True,True,True,1lrh
astex,SurfDock,2,1j3j,True,True,True,True,1j3j
astex,SurfDock,2,1hvy,False,False,False,False,1hvy
astex,SurfDock,2,1oq5,True,True,True,True,1oq5
astex,SurfDock,2,1l2s,True,True,True,True,1l2s
astex,SurfDock,2,1q1g,True,True,True,True,1q1g
astex,SurfDock,2,1p2y,False,False,False,False,1p2y
astex,SurfDock,2,1s3v,True,True,True,False,1s3v
astex,SurfDock,2,1sj0,True,True,True,True,1sj0
astex,SurfDock,2,1mzc,True,True,False,False,1mzc
astex,SurfDock,2,1hww,True,True,True,True,1hww
astex,SurfDock,2,1n46,True,True,True,True,1n46
astex,SurfDock,2,1gm8,True,True,False,False,1gm8
astex,SurfDock,2,1v0p,True,True,True,True,1v0p
astex,SurfDock,2,1w1p,True,True,True,True,1w1p
astex,SurfDock,2,1meh,True,True,True,True,1meh
astex,SurfDock,2,1owe,True,True,True,True,1owe
astex,SurfDock,2,1tt1,True,True,True,True,1tt1
astex,SurfDock,2,1y6b,True,True,True,True,1y6b
astex,SurfDock,2,1opk,True,True,True,True,1opk
astex,SurfDock,2,1kzk,True,True,True,True,1kzk
astex,SurfDock,2,1u4d,True,True,False,False,1u4d
astex,SurfDock,2,1pmn,True,True,True,True,1pmn
astex,SurfDock,2,1t9b,False,False,True,True,1t9b
astex,SurfDock,2,1q41,True,True,True,True,1q41
astex,SurfDock,2,1ywr,True,False,True,True,1ywr
astex,SurfDock,2,1u1c,True,True,True,True,1u1c
astex,SurfDock,2,1r55,True,True,True,True,1r55
astex,SurfDock,2,1v4s,True,True,True,True,1v4s
astex,SurfDock,2,1sqn,True,True,True,True,1sqn
astex,SurfDock,2,1jla,True,True,True,True,1jla
astex,SurfDock,2,1n1m,True,True,True,True,1n1m
astex,SurfDock,2,1yv3,True,True,True,True,1yv3
astex,SurfDock,2,1t46,True,True,True,True,1t46
astex,SurfDock,2,1sg0,True,True,True,True,1sg0
astex,SurfDock,2,1of1,True,True,True,True,1of1
astex,SurfDock,2,1gkc,True,True,True,True,1gkc
astex,SurfDock,2,2br1,True,True,True,True,2br1
astex,SurfDock,2,1ke5,True,True,True,True,1ke5
astex,SurfDock,2,1r9o,True,True,True,True,1r9o
astex,SurfDock,2,1hq2,True,False,True,True,1hq2
astex,SurfDock,2,1l7f,True,True,True,True,1l7f
astex,SurfDock,2,1v48,True,True,True,True,1v48
astex,SurfDock,2,1t40,True,False,True,True,1t40
astex,SurfDock,2,1g9v,False,False,True,True,1g9v
astex,SurfDock,2,1hp0,False,False,False,False,1hp0
astex,SurfDock,2,1ig3,False,False,True,True,1ig3
astex,SurfDock,2,1n2v,True,True,True,True,1n2v
astex,SurfDock,2,1nav,True,True,True,True,1nav
astex,SurfDock,2,1q4g,True,True,True,True,1q4g
astex,SurfDock,2,1uml,True,True,True,True,1uml
astex,SurfDock,2,2bm2,True,True,False,False,2bm2
astex,SurfDock,2,1uou,True,True,True,True,1uou
astex,SurfDock,2,1r58,True,True,True,True,1r58
astex,SurfDock,2,1s19,True,False,True,True,1s19
astex,SurfDock,2,1w2g,True,True,True,True,1w2g
astex,SurfDock,2,1jje,True,True,False,False,1jje
astex,SurfDock,2,1unl,True,True,True,True,1unl
astex,SurfDock,2,1xoz,True,True,True,True,1xoz
astex,SurfDock,2,1tow,True,True,True,True,1tow
astex,SurfDock,2,1ygc,True,True,False,False,1ygc
astex,SurfDock,2,1oyt,True,True,True,True,1oyt
astex,SurfDock,2,1z95,True,True,True,True,1z95
astex,SurfDock,2,1xoq,True,True,True,True,1xoq
astex,SurfDock,2,1of6,False,False,True,False,1of6
astex,SurfDock,2,1sq5,True,True,False,False,1sq5
astex,SurfDock,2,1lpz,True,True,False,False,1lpz
astex,SurfDock,2,1gpk,True,True,False,False,1gpk
astex,SurfDock,2,1xm6,True,True,True,True,1xm6
astex,SurfDock,2,1yvf,True,True,True,True,1yvf
astex,SurfDock,2,1m2z,True,True,True,True,1m2z
astex,SurfDock,2,1jd0,True,True,True,True,1jd0
astex,SurfDock,2,1yqy,True,True,True,True,1yqy
astex,SurfDock,2,1vcj,True,True,True,True,1vcj
astex,SurfDock,2,1hnn,True,True,True,True,1hnn
astex,SurfDock,2,1tz8,False,False,False,False,1tz8
astex,SurfDock,2,1x8x,True,True,True,True,1x8x
astex,SurfDock,2,1p62,True,True,True,True,1p62
astex,SurfDock,2,1n2j,True,True,True,True,1n2j
astex,SurfDock,2,1ia1,False,False,True,True,1ia1
astex,SurfDock,2,1r1h,True,True,True,True,1r1h
posebusters,SigmaDock,0,5sak_zry,True,True,False,False,5sak
posebusters,SigmaDock,0,5sb2_1k2,True,True,True,True,5sb2
posebusters,SigmaDock,0,5sd5_hwi,True,True,True,True,5sd5
posebusters,SigmaDock,0,5sis_jsm,True,True,True,True,5sis
posebusters,SigmaDock,0,6m2b_ezo,True,True,True,True,6m2b
posebusters,SigmaDock,0,6m73_fnr,True,True,True,True,6m73
posebusters,SigmaDock,0,6t88_mwq,True,True,True,True,6t88
posebusters,SigmaDock,0,6tw5_9m2,True,True,True,True,6tw5
posebusters,SigmaDock,0,6tw7_nzb,True,True,True,True,6tw7
posebusters,SigmaDock,0,6vta_akn,False,False,False,False,6vta
posebusters,SigmaDock,0,6wtn_rxt,True,True,True,True,6wtn
posebusters,SigmaDock,0,6xbo_5mc,True,True,True,True,6xbo
posebusters,SigmaDock,0,6xct_478,True,True,True,False,6xct
posebusters,SigmaDock,0,6xg5_top,True,True,True,True,6xg5
posebusters,SigmaDock,0,6xht_v2v,True,True,True,True,6xht
posebusters,SigmaDock,0,6xm9_v55,True,True,True,True,6xm9
posebusters,SigmaDock,0,6yja_2ba,False,False,False,False,6yja
posebusters,SigmaDock,0,6yms_ozh,False,False,False,False,6yms
posebusters,SigmaDock,0,6yqv_8k2,True,True,True,True,6yqv
posebusters,SigmaDock,0,6yqw_82i,True,True,True,True,6yqw
posebusters,SigmaDock,0,6yr2_t1c,True,False,True,True,6yr2
posebusters,SigmaDock,0,6yrv_pj8,True,True,True,True,6yrv
posebusters,SigmaDock,0,6ysp_pal,True,True,True,True,6ysp
posebusters,SigmaDock,0,6yt6_pke,True,True,True,True,6yt6
posebusters,SigmaDock,0,6yyo_q1k,True,True,True,True,6yyo
posebusters,SigmaDock,0,6z0r_q4h,True,True,True,True,6z0r
posebusters,SigmaDock,0,6z14_q4z,True,True,True,True,6z14
posebusters,SigmaDock,0,6z1c_7ey,True,True,True,True,6z1c
posebusters,SigmaDock,0,6z2c_q5e,True,True,True,True,6z2c
posebusters,SigmaDock,0,6z4n_q7b,False,False,True,True,6z4n
posebusters,SigmaDock,0,6zae_acv,True,True,True,True,6zae
posebusters,SigmaDock,0,6zc3_jor,True,True,True,True,6zc3
posebusters,SigmaDock,0,6zcy_qf8,True,True,True,True,6zcy
posebusters,SigmaDock,0,6zk5_imh,False,False,False,False,6zk5
posebusters,SigmaDock,0,6zpb_3d1,True,True,True,True,6zpb
posebusters,SigmaDock,0,7a1p_qw2,True,True,True,True,7a1p
posebusters,SigmaDock,0,7a9e_r4w,False,False,False,False,7a9e
posebusters,SigmaDock,0,7a9h_tpp,True,True,True,True,7a9h
posebusters,SigmaDock,0,7afx_r9k,True,True,True,True,7afx
posebusters,SigmaDock,0,7akl_rk5,True,True,True,True,7akl
posebusters,SigmaDock,0,7an5_rdh,False,False,True,True,7an5
posebusters,SigmaDock,0,7b2c_tp7,False,False,False,False,7b2c
posebusters,SigmaDock,0,7b94_anp,True,True,False,False,7b94
posebusters,SigmaDock,0,7bcp_gco,True,False,True,True,7bcp
posebusters,SigmaDock,0,7bjj_tvw,False,False,False,False,7bjj
posebusters,SigmaDock,0,7bka_4jc,True,True,True,True,7bka
posebusters,SigmaDock,0,7bmi_u4b,True,True,True,True,7bmi
posebusters,SigmaDock,0,7bnh_bez,True,True,True,True,7bnh
posebusters,SigmaDock,0,7btt_f8r,True,True,True,True,7btt
posebusters,SigmaDock,0,7c0u_fgo,False,False,False,False,7c0u
posebusters,SigmaDock,0,7c3u_azg,False,False,False,False,7c3u
posebusters,SigmaDock,0,7c8q_dsg,True,True,True,True,7c8q
posebusters,SigmaDock,0,7cd9_fvr,True,True,True,True,7cd9
posebusters,SigmaDock,0,7cij_g0c,True,True,True,True,7cij
posebusters,SigmaDock,0,7cl8_tes,True,True,True,True,7cl8
posebusters,SigmaDock,0,7cnq_g8x,True,False,True,True,7cnq
posebusters,SigmaDock,0,7cns_pmv,False,False,True,True,7cns
posebusters,SigmaDock,0,7ctm_bdp,True,True,True,True,7ctm
posebusters,SigmaDock,0,7cuo_phb,True,True,True,True,7cuo
posebusters,SigmaDock,0,7d5c_gv6,True,True,True,True,7d5c
posebusters,SigmaDock,0,7d6o_mte,True,True,True,True,7d6o
posebusters,SigmaDock,0,7dkt_glf,True,True,False,False,7dkt
posebusters,SigmaDock,0,7dql_4cl,False,False,True,True,7dql
posebusters,SigmaDock,0,7dua_hj0,True,True,True,True,7dua
posebusters,SigmaDock,0,7e4l_mdn,True,True,True,True,7e4l
posebusters,SigmaDock,0,7ebg_j0l,True,True,True,True,7ebg
posebusters,SigmaDock,0,7ecr_sin,True,True,True,True,7ecr
posebusters,SigmaDock,0,7ed2_a3p,True,True,True,True,7ed2
posebusters,SigmaDock,0,7elt_tym,True,True,True,True,7elt
posebusters,SigmaDock,0,7epv_fda,True,True,True,True,7epv
posebusters,SigmaDock,0,7es1_udp,True,True,True,True,7es1
posebusters,SigmaDock,0,7f51_ba7,True,True,True,True,7f51
posebusters,SigmaDock,0,7f5d_euo,False,False,True,True,7f5d
posebusters,SigmaDock,0,7f8t_fad,False,False,False,False,7f8t
posebusters,SigmaDock,0,7fb7_8nf,True,True,True,True,7fb7
posebusters,SigmaDock,0,7fha_adx,True,True,True,True,7fha
posebusters,SigmaDock,0,7frx_o88,False,False,True,True,7frx
posebusters,SigmaDock,0,7ft9_4mb,True,True,False,False,7ft9
posebusters,SigmaDock,0,7jg0_gar,True,True,True,True,7jg0
posebusters,SigmaDock,0,7jhq_vaj,True,True,True,True,7jhq
posebusters,SigmaDock,0,7jmv_4nc,True,True,True,True,7jmv
posebusters,SigmaDock,0,7jxx_vp7,True,True,True,True,7jxx
posebusters,SigmaDock,0,7jy3_vud,True,True,False,False,7jy3
posebusters,SigmaDock,0,7k0v_vqp,True,True,True,True,7k0v
posebusters,SigmaDock,0,7kb1_wbj,True,True,True,True,7kb1
posebusters,SigmaDock,0,7kc5_bjz,True,True,True,True,7kc5
posebusters,SigmaDock,0,7km8_wpd,True,True,True,True,7km8
posebusters,SigmaDock,0,7kqu_yof,True,True,True,True,7kqu
posebusters,SigmaDock,0,7kru_atp,True,True,True,True,7kru
posebusters,SigmaDock,0,7kz9_xn7,False,False,True,True,7kz9
posebusters,SigmaDock,0,7l00_xcj,True,True,True,True,7l00
posebusters,SigmaDock,0,7l03_f9f,True,True,True,True,7l03
posebusters,SigmaDock,0,7l5f_xng,False,False,True,True,7l5f
posebusters,SigmaDock,0,7l7c_xq1,True,True,True,True,7l7c
posebusters,SigmaDock,0,7lcu_xta,True,True,True,True,7lcu
posebusters,SigmaDock,0,7lev_0jo,True,True,True,True,7lev
posebusters,SigmaDock,0,7ljn_gtp,False,False,False,False,7ljn
posebusters,SigmaDock,0,7lmo_nyo,True,True,True,True,7lmo
posebusters,SigmaDock,0,7loe_y84,True,True,True,True,7loe
posebusters,SigmaDock,0,7lou_ifm,True,True,True,True,7lou
posebusters,SigmaDock,0,7lt0_onj,True,True,True,True,7lt0
posebusters,SigmaDock,0,7lzd_yhy,True,True,True,True,7lzd
posebusters,SigmaDock,0,7m31_tdr,True,True,True,True,7m31
posebusters,SigmaDock,0,7m3h_ypv,True,True,True,True,7m3h
posebusters,SigmaDock,0,7m6k_yrj,True,True,False,False,7m6k
posebusters,SigmaDock,0,7mfp_z7p,True,True,False,False,7mfp
posebusters,SigmaDock,0,7mgt_zd4,True,True,True,True,7mgt
posebusters,SigmaDock,0,7mgy_zd1,True,True,True,True,7mgy
posebusters,SigmaDock,0,7mmh_zjy,True,False,True,True,7mmh
posebusters,SigmaDock,0,7moi_hps,True,True,False,False,7moi
posebusters,SigmaDock,0,7msr_dca,True,True,True,True,7msr
posebusters,SigmaDock,0,7mwn_wi5,False,False,False,False,7mwn
posebusters,SigmaDock,0,7mwu_zpm,True,True,True,True,7mwu
posebusters,SigmaDock,0,7my1_ipe,True,True,False,False,7my1
posebusters,SigmaDock,0,7myu_zr7,True,True,True,True,7myu
posebusters,SigmaDock,0,7n03_zrp,True,True,True,True,7n03
posebusters,SigmaDock,0,7n4n_0bk,True,True,True,True,7n4n
posebusters,SigmaDock,0,7n4w_p4v,False,False,True,True,7n4w
posebusters,SigmaDock,0,7n6f_0i1,False,False,True,True,7n6f
posebusters,SigmaDock,0,7n7b_t3f,False,False,False,False,7n7b
posebusters,SigmaDock,0,7n7h_ctp,True,True,True,True,7n7h
posebusters,SigmaDock,0,7nf0_byn,True,False,True,True,7nf0
posebusters,SigmaDock,0,7nf3_4lu,True,True,True,True,7nf3
posebusters,SigmaDock,0,7nfb_gen,True,True,True,True,7nfb
posebusters,SigmaDock,0,7ngw_uaw,True,True,True,True,7ngw
posebusters,SigmaDock,0,7nlv_uje,True,True,True,True,7nlv
posebusters,SigmaDock,0,7np6_uk8,True,True,True,True,7np6
posebusters,SigmaDock,0,7npl_ukz,True,True,True,True,7npl
posebusters,SigmaDock,0,7nr8_uoe,True,True,True,True,7nr8
posebusters,SigmaDock,0,7nsw_hc4,True,True,True,True,7nsw
posebusters,SigmaDock,0,7nu0_dcl,True,True,True,True,7nu0
posebusters,SigmaDock,0,7nut_glp,True,True,True,True,7nut
posebusters,SigmaDock,0,7nxo_uu8,False,False,True,True,7nxo
posebusters,SigmaDock,0,7o0n_cdp,False,False,True,True,7o0n
posebusters,SigmaDock,0,7o1t_5x8,False,False,True,True,7o1t
posebusters,SigmaDock,0,7ody_dgi,True,True,True,True,7ody
posebusters,SigmaDock,0,7oeo_v9z,False,False,True,True,7oeo
posebusters,SigmaDock,0,7off_vcb,True,True,True,True,7off
posebusters,SigmaDock,0,7ofk_vch,True,True,True,True,7ofk
posebusters,SigmaDock,0,7oli_8hg,True,True,True,True,7oli
posebusters,SigmaDock,0,7omx_cna,True,False,True,True,7omx
posebusters,SigmaDock,0,7op9_06k,False,False,False,False,7op9
posebusters,SigmaDock,0,7opg_06n,True,True,True,True,7opg
posebusters,SigmaDock,0,7oso_0v1,False,False,False,False,7oso
posebusters,SigmaDock,0,7oz9_ngk,False,False,True,True,7oz9
posebusters,SigmaDock,0,7ozc_g6s,False,False,True,True,7ozc
posebusters,SigmaDock,0,7p1f_kfn,True,True,True,True,7p1f
posebusters,SigmaDock,0,7p1m_4iu,True,True,True,True,7p1m
posebusters,SigmaDock,0,7p2i_mfu,True,True,False,False,7p2i
posebusters,SigmaDock,0,7p4c_5ov,True,True,True,True,7p4c
posebusters,SigmaDock,0,7p5t_5yg,True,True,True,True,7p5t
posebusters,SigmaDock,0,7pgx_fmn,True,True,False,False,7pgx
posebusters,SigmaDock,0,7pih_7qw,True,True,False,False,7pih
posebusters,SigmaDock,0,7pjq_owh,False,False,True,True,7pjq
posebusters,SigmaDock,0,7pk0_byc,False,False,True,True,7pk0
posebusters,SigmaDock,0,7pl1_sfg,True,True,True,True,7pl1
posebusters,SigmaDock,0,7pom_7vz,True,True,True,True,7pom
posebusters,SigmaDock,0,7pri_7ti,False,False,False,False,7pri
posebusters,SigmaDock,0,7prm_81i,True,True,True,True,7prm
posebusters,SigmaDock,0,7pt3_3kk,True,False,False,False,7pt3
posebusters,SigmaDock,0,7puv_84z,True,True,True,True,7puv
posebusters,SigmaDock,0,7q25_8j9,True,True,False,False,7q25
posebusters,SigmaDock,0,7q27_8kc,True,True,True,True,7q27
posebusters,SigmaDock,0,7q2b_m6h,True,True,True,True,7q2b
posebusters,SigmaDock,0,7q5i_i0f,True,True,True,True,7q5i
posebusters,SigmaDock,0,7qe4_nga,False,False,True,True,7qe4
posebusters,SigmaDock,0,7qf4_rbf,True,False,True,True,7qf4
posebusters,SigmaDock,0,7qfm_ay3,True,True,True,True,7qfm
posebusters,SigmaDock,0,7qgp_dj8,True,True,True,True,7qgp
posebusters,SigmaDock,0,7qhg_t3b,True,True,True,True,7qhg
posebusters,SigmaDock,0,7qhl_d5p,True,True,True,True,7qhl
posebusters,SigmaDock,0,7qpp_vdx,True,True,True,False,7qpp
posebusters,SigmaDock,0,7qta_uri,False,False,True,True,7qta
posebusters,SigmaDock,0,7r3d_apr,True,True,True,True,7r3d
posebusters,SigmaDock,0,7r59_i5f,True,True,True,True,7r59
posebusters,SigmaDock,0,7r6j_2i7,False,False,True,True,7r6j
posebusters,SigmaDock,0,7r7r_awj,True,True,True,True,7r7r
posebusters,SigmaDock,0,7r9n_f97,True,True,True,True,7r9n
posebusters,SigmaDock,0,7rc3_sah,True,True,True,True,7rc3
posebusters,SigmaDock,0,7rh3_59o,False,False,True,True,7rh3
posebusters,SigmaDock,0,7rkw_5tv,True,True,True,True,7rkw
posebusters,SigmaDock,0,7rni_60i,True,True,False,False,7rni
posebusters,SigmaDock,0,7ror_69x,True,True,True,True,7ror
posebusters,SigmaDock,0,7rou_66i,True,True,True,True,7rou
posebusters,SigmaDock,0,7rsv_7iq,True,True,True,True,7rsv
posebusters,SigmaDock,0,7rws_4ur,True,True,False,False,7rws
posebusters,SigmaDock,0,7rzl_npo,False,False,True,True,7rzl
posebusters,SigmaDock,0,7scw_gsp,True,True,True,True,7scw
posebusters,SigmaDock,0,7sdd_4ip,True,True,False,False,7sdd
posebusters,SigmaDock,0,7sfo_98l,True,True,True,True,7sfo
posebusters,SigmaDock,0,7siu_9id,True,True,True,True,7siu
posebusters,SigmaDock,0,7suc_com,False,False,True,True,7suc
posebusters,SigmaDock,0,7sza_dui,True,True,True,True,7sza
posebusters,SigmaDock,0,7t0d_fpp,True,True,True,True,7t0d
posebusters,SigmaDock,0,7t1d_e7k,True,True,True,True,7t1d
posebusters,SigmaDock,0,7t3e_slb,True,True,True,True,7t3e
posebusters,SigmaDock,0,7tb0_ud1,True,True,False,False,7tb0
posebusters,SigmaDock,0,7tbu_s3p,True,True,True,True,7tbu
posebusters,SigmaDock,0,7te8_p0t,True,True,True,True,7te8
posebusters,SigmaDock,0,7th4_ffo,False,False,True,True,7th4
posebusters,SigmaDock,0,7thi_pga,True,True,True,True,7thi
posebusters,SigmaDock,0,7tm6_gpj,True,True,True,True,7tm6
posebusters,SigmaDock,0,7tom_5ad,True,True,True,True,7tom
posebusters,SigmaDock,0,7ts6_kmi,True,True,True,True,7ts6
posebusters,SigmaDock,0,7tsf_h4b,False,False,True,True,7tsf
posebusters,SigmaDock,0,7tuo_kl9,True,True,True,True,7tuo
posebusters,SigmaDock,0,7txk_lw8,True,True,True,True,7txk
posebusters,SigmaDock,0,7typ_kur,False,False,True,True,7typ
posebusters,SigmaDock,0,7u0u_fk5,False,False,False,False,7u0u
posebusters,SigmaDock,0,7u3j_l6u,False,False,True,True,7u3j
posebusters,SigmaDock,0,7uas_mbu,True,True,True,True,7uas
posebusters,SigmaDock,0,7uaw_mf6,False,False,True,True,7uaw
posebusters,SigmaDock,0,7uj4_oq4,True,True,True,True,7uj4
posebusters,SigmaDock,0,7uj5_dgl,True,True,True,True,7uj5
posebusters,SigmaDock,0,7ujf_r3v,True,True,True,False,7ujf
posebusters,SigmaDock,0,7ulc_56b,True,True,True,True,7ulc
posebusters,SigmaDock,0,7umw_nad,False,False,True,True,7umw
posebusters,SigmaDock,0,7uq3_o2u,True,True,True,True,7uq3
posebusters,SigmaDock,0,7ush_82v,True,True,True,True,7ush
posebusters,SigmaDock,0,7utw_nai,False,False,True,False,7utw
posebusters,SigmaDock,0,7uxs_ojc,True,True,False,False,7uxs
posebusters,SigmaDock,0,7uy4_smi,True,True,True,True,7uy4
posebusters,SigmaDock,0,7uyb_ok0,True,True,True,True,7uyb
posebusters,SigmaDock,0,7v14_oru,True,True,True,True,7v14
posebusters,SigmaDock,0,7v3n_akg,True,True,False,False,7v3n
posebusters,SigmaDock,0,7v3s_5i9,True,True,True,True,7v3s
posebusters,SigmaDock,0,7v43_c4o,False,False,False,False,7v43
posebusters,SigmaDock,0,7vb8_stl,True,True,False,False,7vb8
posebusters,SigmaDock,0,7vbu_6i4,True,True,True,True,7vbu
posebusters,SigmaDock,0,7vc5_9sf,True,True,True,True,7vc5
posebusters,SigmaDock,0,7vkz_noj,True,True,False,False,7vkz
posebusters,SigmaDock,0,7vq9_isy,True,True,True,True,7vq9
posebusters,SigmaDock,0,7vwf_k55,True,True,True,True,7vwf
posebusters,SigmaDock,0,7vyj_ca0,True,True,True,True,7vyj
posebusters,SigmaDock,0,7w05_gmp,True,True,True,True,7w05
posebusters,SigmaDock,0,7w06_itn,True,True,True,True,7w06
posebusters,SigmaDock,0,7wcf_acp,True,True,True,True,7wcf
posebusters,SigmaDock,0,7wdt_ngs,True,True,False,False,7wdt
posebusters,SigmaDock,0,7wjb_bgc,True,True,True,True,7wjb
posebusters,SigmaDock,0,7wkl_caq,True,True,True,True,7wkl
posebusters,SigmaDock,0,7wl4_jfu,True,True,True,True,7wl4
posebusters,SigmaDock,0,7wpw_f15,True,True,False,False,7wpw
posebusters,SigmaDock,0,7wqq_5z6,True,True,True,True,7wqq
posebusters,SigmaDock,0,7wux_6oi,False,False,True,True,7wux
posebusters,SigmaDock,0,7wuy_76n,True,True,False,False,7wuy
posebusters,SigmaDock,0,7wy1_d0l,True,True,True,True,7wy1
posebusters,SigmaDock,0,7x5n_5m5,True,True,True,True,7x5n
posebusters,SigmaDock,0,7x9k_8og,True,True,True,True,7x9k
posebusters,SigmaDock,0,7xbv_apc,False,False,True,True,7xbv
posebusters,SigmaDock,0,7xfa_d9j,False,False,True,True,7xfa
posebusters,SigmaDock,0,7xg5_plp,True,True,True,True,7xg5
posebusters,SigmaDock,0,7xi7_4ri,True,True,True,True,7xi7
posebusters,SigmaDock,0,7xjn_nsd,True,True,True,True,7xjn
posebusters,SigmaDock,0,7xpo_upg,True,True,False,False,7xpo
posebusters,SigmaDock,0,7xqz_fpf,True,True,True,True,7xqz
posebusters,SigmaDock,0,7xrl_fwk,True,True,False,False,7xrl
posebusters,SigmaDock,0,7yzu_do7,True,True,True,True,7yzu
posebusters,SigmaDock,0,7z1q_nio,True,True,True,True,7z1q
posebusters,SigmaDock,0,7z2o_iaj,False,False,True,True,7z2o
posebusters,SigmaDock,0,7z7f_if3,False,False,True,True,7z7f
posebusters,SigmaDock,0,7zcc_oga,True,True,True,True,7zcc
posebusters,SigmaDock,0,7zdy_6mj,True,True,True,True,7zdy
posebusters,SigmaDock,0,7zf0_dhr,True,True,True,True,7zf0
posebusters,SigmaDock,0,7zhp_iqy,True,True,True,True,7zhp
posebusters,SigmaDock,0,7zl5_iwe,True,True,True,True,7zl5
posebusters,SigmaDock,0,7zoc_t8e,True,True,True,True,7zoc
posebusters,SigmaDock,0,7ztl_bcn,False,False,True,True,7ztl
posebusters,SigmaDock,0,7zu2_dht,True,True,True,True,7zu2
posebusters,SigmaDock,0,7zxv_45d,True,True,False,False,7zxv
posebusters,SigmaDock,0,7zzw_kkw,True,True,True,True,7zzw
posebusters,SigmaDock,0,8a1h_dlz,True,True,True,True,8a1h
posebusters,SigmaDock,0,8a2d_kxy,True,True,False,False,8a2d
posebusters,SigmaDock,0,8aau_lh0,True,True,True,True,8aau
posebusters,SigmaDock,0,8aem_lvf,True,True,True,True,8aem
posebusters,SigmaDock,0,8aie_m7l,False,False,False,False,8aie
posebusters,SigmaDock,0,8ap0_prp,False,False,False,False,8ap0
posebusters,SigmaDock,0,8aql_plg,True,True,True,True,8aql
posebusters,SigmaDock,0,8auh_l9i,False,False,True,False,8auh
posebusters,SigmaDock,0,8ay3_oe3,True,True,True,True,8ay3
posebusters,SigmaDock,0,8b8h_ojq,True,True,True,True,8b8h
posebusters,SigmaDock,0,8bom_qu6,True,True,True,True,8bom
posebusters,SigmaDock,0,8bti_rfo,True,True,False,False,8bti
posebusters,SigmaDock,0,8c3n_adp,True,True,True,True,8c3n
posebusters,SigmaDock,0,8c5m_mta,True,True,True,True,8c5m
posebusters,SigmaDock,0,8cnh_v6u,True,True,True,True,8cnh
posebusters,SigmaDock,0,8csd_c5p,True,True,True,True,8csd
posebusters,SigmaDock,0,8d19_gsh,False,False,False,False,8d19
posebusters,SigmaDock,0,8d39_qdb,True,True,True,True,8d39
posebusters,SigmaDock,0,8d5d_5dk,True,True,True,True,8d5d
posebusters,SigmaDock,0,8dhg_t78,True,True,False,False,8dhg
posebusters,SigmaDock,0,8dko_tfb,True,True,True,True,8dko
posebusters,SigmaDock,0,8dp2_uma,True,True,False,False,8dp2
posebusters,SigmaDock,0,8dsc_nca,True,True,True,True,8dsc
posebusters,SigmaDock,0,8eab_vn2,True,True,True,True,8eab
posebusters,SigmaDock,0,8ex2_q2q,True,True,True,True,8ex2
posebusters,SigmaDock,0,8exl_799,True,False,True,True,8exl
posebusters,SigmaDock,0,8eye_x4i,True,True,False,False,8eye
posebusters,SigmaDock,0,8f4j_pho,False,False,False,False,8f4j
posebusters,SigmaDock,0,8f8e_xji,True,True,True,True,8f8e
posebusters,SigmaDock,0,8fav_4y5,True,True,True,True,8fav
posebusters,SigmaDock,0,8flv_zb9,True,True,True,True,8flv
posebusters,SigmaDock,0,8fo5_y4u,True,True,True,False,8fo5
posebusters,SigmaDock,0,8g0v_yht,False,False,True,True,8g0v
posebusters,SigmaDock,0,8g6p_api,False,False,True,True,8g6p
posebusters,SigmaDock,0,8gfd_zhr,False,False,True,True,8gfd
posebusters,SigmaDock,0,8hfn_xgc,False,False,True,True,8hfn
posebusters,SigmaDock,0,8ho0_3zi,True,True,True,True,8ho0
posebusters,SigmaDock,0,8slg_g5a,True,True,True,True,8slg
posebusters,SigmaDock,1,5sak_zry,True,True,False,False,5sak
posebusters,SigmaDock,1,5sb2_1k2,True,True,True,True,5sb2
posebusters,SigmaDock,1,5sd5_hwi,True,True,True,True,5sd5
posebusters,SigmaDock,1,5sis_jsm,True,True,True,True,5sis
posebusters,SigmaDock,1,6m2b_ezo,True,True,True,True,6m2b
posebusters,SigmaDock,1,6m73_fnr,True,True,True,True,6m73
posebusters,SigmaDock,1,6t88_mwq,True,True,True,True,6t88
posebusters,SigmaDock,1,6tw5_9m2,True,True,True,True,6tw5
posebusters,SigmaDock,1,6tw7_nzb,True,True,True,True,6tw7
posebusters,SigmaDock,1,6vta_akn,False,False,False,False,6vta
posebusters,SigmaDock,1,6wtn_rxt,True,True,True,True,6wtn
posebusters,SigmaDock,1,6xbo_5mc,True,True,True,True,6xbo
posebusters,SigmaDock,1,6xct_478,True,True,True,False,6xct
posebusters,SigmaDock,1,6xg5_top,True,True,True,True,6xg5
posebusters,SigmaDock,1,6xht_v2v,True,True,True,True,6xht
posebusters,SigmaDock,1,6xm9_v55,True,True,True,True,6xm9
posebusters,SigmaDock,1,6yja_2ba,False,False,False,False,6yja
posebusters,SigmaDock,1,6yms_ozh,False,False,False,False,6yms
posebusters,SigmaDock,1,6yqv_8k2,True,True,True,True,6yqv
posebusters,SigmaDock,1,6yqw_82i,True,True,True,True,6yqw
posebusters,SigmaDock,1,6yr2_t1c,True,True,True,True,6yr2
posebusters,SigmaDock,1,6yrv_pj8,True,True,True,True,6yrv
posebusters,SigmaDock,1,6ysp_pal,True,True,True,True,6ysp
posebusters,SigmaDock,1,6yt6_pke,False,False,True,True,6yt6
posebusters,SigmaDock,1,6yyo_q1k,True,True,True,True,6yyo
posebusters,SigmaDock,1,6z0r_q4h,True,True,True,True,6z0r
posebusters,SigmaDock,1,6z14_q4z,True,True,True,True,6z14
posebusters,SigmaDock,1,6z1c_7ey,True,True,True,True,6z1c
posebusters,SigmaDock,1,6z2c_q5e,True,True,True,True,6z2c
posebusters,SigmaDock,1,6z4n_q7b,False,False,True,True,6z4n
posebusters,SigmaDock,1,6zae_acv,False,False,True,True,6zae
posebusters,SigmaDock,1,6zc3_jor,True,True,True,True,6zc3
posebusters,SigmaDock,1,6zcy_qf8,True,True,True,True,6zcy
posebusters,SigmaDock,1,6zk5_imh,False,False,False,False,6zk5
posebusters,SigmaDock,1,6zpb_3d1,True,True,True,True,6zpb
posebusters,SigmaDock,1,7a1p_qw2,True,True,True,True,7a1p
posebusters,SigmaDock,1,7a9e_r4w,False,False,False,False,7a9e
posebusters,SigmaDock,1,7a9h_tpp,True,True,True,True,7a9h
posebusters,SigmaDock,1,7afx_r9k,True,True,True,True,7afx
posebusters,SigmaDock,1,7akl_rk5,True,True,True,True,7akl
posebusters,SigmaDock,1,7an5_rdh,True,True,True,True,7an5
posebusters,SigmaDock,1,7b2c_tp7,True,True,True,False,7b2c
posebusters,SigmaDock,1,7b94_anp,True,True,True,True,7b94
posebusters,SigmaDock,1,7bcp_gco,True,False,True,True,7bcp
posebusters,SigmaDock,1,7bjj_tvw,False,False,False,False,7bjj
posebusters,SigmaDock,1,7bka_4jc,True,True,True,True,7bka
posebusters,SigmaDock,1,7bmi_u4b,True,True,True,True,7bmi
posebusters,SigmaDock,1,7bnh_bez,True,True,True,True,7bnh
posebusters,SigmaDock,1,7btt_f8r,True,True,True,True,7btt
posebusters,SigmaDock,1,7c0u_fgo,True,True,False,False,7c0u
posebusters,SigmaDock,1,7c3u_azg,False,False,False,False,7c3u
posebusters,SigmaDock,1,7c8q_dsg,True,True,True,True,7c8q
posebusters,SigmaDock,1,7cd9_fvr,True,True,True,True,7cd9
posebusters,SigmaDock,1,7cij_g0c,True,True,True,True,7cij
posebusters,SigmaDock,1,7cl8_tes,False,False,True,True,7cl8
posebusters,SigmaDock,1,7cnq_g8x,False,False,True,True,7cnq
posebusters,SigmaDock,1,7cns_pmv,False,False,True,True,7cns
posebusters,SigmaDock,1,7ctm_bdp,True,True,True,True,7ctm
posebusters,SigmaDock,1,7cuo_phb,True,True,True,True,7cuo
posebusters,SigmaDock,1,7d5c_gv6,True,True,True,True,7d5c
posebusters,SigmaDock,1,7d6o_mte,True,True,True,True,7d6o
posebusters,SigmaDock,1,7dkt_glf,True,True,False,False,7dkt
posebusters,SigmaDock,1,7dql_4cl,False,False,True,True,7dql
posebusters,SigmaDock,1,7dua_hj0,True,True,True,True,7dua
posebusters,SigmaDock,1,7e4l_mdn,True,True,True,True,7e4l
posebusters,SigmaDock,1,7ebg_j0l,True,True,True,True,7ebg
posebusters,SigmaDock,1,7ecr_sin,True,True,True,True,7ecr
posebusters,SigmaDock,1,7ed2_a3p,True,True,True,True,7ed2
posebusters,SigmaDock,1,7elt_tym,True,True,True,True,7elt
posebusters,SigmaDock,1,7epv_fda,False,False,True,True,7epv
posebusters,SigmaDock,1,7es1_udp,True,True,True,True,7es1
posebusters,SigmaDock,1,7f51_ba7,True,True,True,True,7f51
posebusters,SigmaDock,1,7f5d_euo,False,False,True,True,7f5d
posebusters,SigmaDock,1,7f8t_fad,False,False,False,False,7f8t
posebusters,SigmaDock,1,7fb7_8nf,True,True,True,True,7fb7
posebusters,SigmaDock,1,7fha_adx,True,True,True,True,7fha
posebusters,SigmaDock,1,7frx_o88,False,False,True,True,7frx
posebusters,SigmaDock,1,7ft9_4mb,True,True,False,False,7ft9
posebusters,SigmaDock,1,7jg0_gar,True,True,False,False,7jg0
posebusters,SigmaDock,1,7jhq_vaj,True,True,True,True,7jhq
posebusters,SigmaDock,1,7jmv_4nc,True,True,True,True,7jmv
posebusters,SigmaDock,1,7jxx_vp7,True,True,True,True,7jxx
posebusters,SigmaDock,1,7jy3_vud,True,True,False,False,7jy3
posebusters,SigmaDock,1,7k0v_vqp,True,True,True,True,7k0v
posebusters,SigmaDock,1,7kb1_wbj,True,True,True,True,7kb1
posebusters,SigmaDock,1,7kc5_bjz,True,True,True,True,7kc5
posebusters,SigmaDock,1,7km8_wpd,True,True,True,True,7km8
posebusters,SigmaDock,1,7kqu_yof,True,True,True,True,7kqu
posebusters,SigmaDock,1,7kru_atp,True,True,True,True,7kru
posebusters,SigmaDock,1,7kz9_xn7,False,False,True,True,7kz9
posebusters,SigmaDock,1,7l00_xcj,True,True,True,True,7l00
posebusters,SigmaDock,1,7l03_f9f,True,True,True,True,7l03
posebusters,SigmaDock,1,7l5f_xng,False,False,True,True,7l5f
posebusters,SigmaDock,1,7l7c_xq1,True,True,True,True,7l7c
posebusters,SigmaDock,1,7lcu_xta,False,False,True,True,7lcu
posebusters,SigmaDock,1,7lev_0jo,True,True,True,True,7lev
posebusters,SigmaDock,1,7ljn_gtp,False,False,False,False,7ljn
posebusters,SigmaDock,1,7lmo_nyo,True,True,True,True,7lmo
posebusters,SigmaDock,1,7loe_y84,True,True,True,True,7loe
posebusters,SigmaDock,1,7lou_ifm,True,True,True,True,7lou
posebusters,SigmaDock,1,7lt0_onj,True,True,True,True,7lt0
posebusters,SigmaDock,1,7lzd_yhy,True,True,True,True,7lzd
posebusters,SigmaDock,1,7m31_tdr,True,True,True,True,7m31
posebusters,SigmaDock,1,7m3h_ypv,True,True,True,True,7m3h
posebusters,SigmaDock,1,7m6k_yrj,True,True,False,False,7m6k
posebusters,SigmaDock,1,7mfp_z7p,False,False,True,False,7mfp
posebusters,SigmaDock,1,7mgt_zd4,True,True,True,True,7mgt
posebusters,SigmaDock,1,7mgy_zd1,True,True,True,True,7mgy
posebusters,SigmaDock,1,7mmh_zjy,True,True,True,True,7mmh
posebusters,SigmaDock,1,7moi_hps,True,True,True,True,7moi
posebusters,SigmaDock,1,7msr_dca,True,True,True,True,7msr
posebusters,SigmaDock,1,7mwn_wi5,False,False,False,False,7mwn
posebusters,SigmaDock,1,7mwu_zpm,True,True,True,True,7mwu
posebusters,SigmaDock,1,7my1_ipe,True,True,True,True,7my1
posebusters,SigmaDock,1,7myu_zr7,True,True,True,True,7myu
posebusters,SigmaDock,1,7n03_zrp,True,True,True,True,7n03
posebusters,SigmaDock,1,7n4n_0bk,True,True,True,True,7n4n
posebusters,SigmaDock,1,7n4w_p4v,True,True,True,True,7n4w
posebusters,SigmaDock,1,7n6f_0i1,True,False,True,True,7n6f
posebusters,SigmaDock,1,7n7b_t3f,False,False,True,True,7n7b
posebusters,SigmaDock,1,7n7h_ctp,True,True,True,True,7n7h
posebusters,SigmaDock,1,7nf0_byn,True,False,True,True,7nf0
posebusters,SigmaDock,1,7nf3_4lu,True,False,True,True,7nf3
posebusters,SigmaDock,1,7nfb_gen,True,True,True,True,7nfb
posebusters,SigmaDock,1,7ngw_uaw,False,False,True,True,7ngw
posebusters,SigmaDock,1,7nlv_uje,True,True,True,True,7nlv
posebusters,SigmaDock,1,7np6_uk8,True,True,True,True,7np6
posebusters,SigmaDock,1,7npl_ukz,False,False,True,True,7npl
posebusters,SigmaDock,1,7nr8_uoe,True,True,True,True,7nr8
posebusters,SigmaDock,1,7nsw_hc4,True,True,True,True,7nsw
posebusters,SigmaDock,1,7nu0_dcl,True,True,True,True,7nu0
posebusters,SigmaDock,1,7nut_glp,True,True,True,True,7nut
posebusters,SigmaDock,1,7nxo_uu8,False,False,True,True,7nxo
posebusters,SigmaDock,1,7o0n_cdp,True,True,False,False,7o0n
posebusters,SigmaDock,1,7o1t_5x8,True,False,True,True,7o1t
posebusters,SigmaDock,1,7ody_dgi,True,True,True,True,7ody
posebusters,SigmaDock,1,7oeo_v9z,True,True,True,True,7oeo
posebusters,SigmaDock,1,7off_vcb,True,True,True,True,7off
posebusters,SigmaDock,1,7ofk_vch,True,True,True,True,7ofk
posebusters,SigmaDock,1,7oli_8hg,True,True,True,True,7oli
posebusters,SigmaDock,1,7omx_cna,True,True,True,True,7omx
posebusters,SigmaDock,1,7op9_06k,False,False,False,False,7op9
posebusters,SigmaDock,1,7opg_06n,True,True,True,True,7opg
posebusters,SigmaDock,1,7oso_0v1,True,True,False,False,7oso
posebusters,SigmaDock,1,7oz9_ngk,False,False,True,True,7oz9
posebusters,SigmaDock,1,7ozc_g6s,False,False,True,True,7ozc
posebusters,SigmaDock,1,7p1f_kfn,True,True,True,True,7p1f
posebusters,SigmaDock,1,7p1m_4iu,True,True,True,True,7p1m
posebusters,SigmaDock,1,7p2i_mfu,True,True,False,False,7p2i
posebusters,SigmaDock,1,7p4c_5ov,True,True,True,True,7p4c
posebusters,SigmaDock,1,7p5t_5yg,True,True,True,True,7p5t
posebusters,SigmaDock,1,7pgx_fmn,True,True,False,False,7pgx
posebusters,SigmaDock,1,7pih_7qw,False,False,True,False,7pih
posebusters,SigmaDock,1,7pjq_owh,False,False,True,True,7pjq
posebusters,SigmaDock,1,7pk0_byc,False,False,False,False,7pk0
posebusters,SigmaDock,1,7pl1_sfg,True,True,True,True,7pl1
posebusters,SigmaDock,1,7pom_7vz,True,True,True,True,7pom
posebusters,SigmaDock,1,7pri_7ti,False,False,False,False,7pri
posebusters,SigmaDock,1,7prm_81i,True,True,True,True,7prm
posebusters,SigmaDock,1,7pt3_3kk,False,False,False,False,7pt3
posebusters,SigmaDock,1,7puv_84z,True,True,True,True,7puv
posebusters,SigmaDock,1,7q25_8j9,True,True,False,False,7q25
posebusters,SigmaDock,1,7q27_8kc,True,True,False,False,7q27
posebusters,SigmaDock,1,7q2b_m6h,True,True,True,True,7q2b
posebusters,SigmaDock,1,7q5i_i0f,True,True,True,True,7q5i
posebusters,SigmaDock,1,7qe4_nga,True,True,True,True,7qe4
posebusters,SigmaDock,1,7qf4_rbf,True,True,True,True,7qf4
posebusters,SigmaDock,1,7qfm_ay3,True,True,True,True,7qfm
posebusters,SigmaDock,1,7qgp_dj8,True,True,True,True,7qgp
posebusters,SigmaDock,1,7qhg_t3b,True,True,True,True,7qhg
posebusters,SigmaDock,1,7qhl_d5p,True,True,True,True,7qhl
posebusters,SigmaDock,1,7qpp_vdx,True,True,True,False,7qpp
posebusters,SigmaDock,1,7qta_uri,False,False,True,True,7qta
posebusters,SigmaDock,1,7r3d_apr,True,True,True,True,7r3d
posebusters,SigmaDock,1,7r59_i5f,True,True,True,True,7r59
posebusters,SigmaDock,1,7r6j_2i7,False,False,False,False,7r6j
posebusters,SigmaDock,1,7r7r_awj,True,True,True,True,7r7r
posebusters,SigmaDock,1,7r9n_f97,True,True,True,True,7r9n
posebusters,SigmaDock,1,7rc3_sah,True,True,True,True,7rc3
posebusters,SigmaDock,1,7rh3_59o,False,False,False,False,7rh3
posebusters,SigmaDock,1,7rkw_5tv,True,True,True,True,7rkw
posebusters,SigmaDock,1,7rni_60i,True,True,False,False,7rni
posebusters,SigmaDock,1,7ror_69x,True,True,True,True,7ror
posebusters,SigmaDock,1,7rou_66i,True,True,True,True,7rou
posebusters,SigmaDock,1,7rsv_7iq,True,True,True,True,7rsv
posebusters,SigmaDock,1,7rws_4ur,True,True,False,False,7rws
posebusters,SigmaDock,1,7rzl_npo,False,False,True,True,7rzl
posebusters,SigmaDock,1,7scw_gsp,True,True,True,True,7scw
posebusters,SigmaDock,1,7sdd_4ip,True,True,False,False,7sdd
posebusters,SigmaDock,1,7sfo_98l,True,True,True,True,7sfo
posebusters,SigmaDock,1,7siu_9id,True,True,True,True,7siu
posebusters,SigmaDock,1,7suc_com,True,True,True,True,7suc
posebusters,SigmaDock,1,7sza_dui,True,True,True,True,7sza
posebusters,SigmaDock,1,7t0d_fpp,True,True,False,False,7t0d
posebusters,SigmaDock,1,7t1d_e7k,False,False,True,True,7t1d
posebusters,SigmaDock,1,7t3e_slb,True,True,True,True,7t3e
posebusters,SigmaDock,1,7tb0_ud1,True,True,False,False,7tb0
posebusters,SigmaDock,1,7tbu_s3p,True,True,True,True,7tbu
posebusters,SigmaDock,1,7te8_p0t,True,True,True,True,7te8
posebusters,SigmaDock,1,7th4_ffo,False,False,False,False,7th4
posebusters,SigmaDock,1,7thi_pga,False,False,True,True,7thi
posebusters,SigmaDock,1,7tm6_gpj,True,True,True,True,7tm6
posebusters,SigmaDock,1,7tom_5ad,True,True,True,True,7tom
posebusters,SigmaDock,1,7ts6_kmi,False,False,True,True,7ts6
posebusters,SigmaDock,1,7tsf_h4b,False,False,True,True,7tsf
posebusters,SigmaDock,1,7tuo_kl9,True,True,True,True,7tuo
posebusters,SigmaDock,1,7txk_lw8,True,True,True,True,7txk
posebusters,SigmaDock,1,7typ_kur,False,False,True,True,7typ
posebusters,SigmaDock,1,7u0u_fk5,False,False,False,False,7u0u
posebusters,SigmaDock,1,7u3j_l6u,False,False,False,False,7u3j
posebusters,SigmaDock,1,7uas_mbu,True,True,True,True,7uas
posebusters,SigmaDock,1,7uaw_mf6,False,False,True,True,7uaw
posebusters,SigmaDock,1,7uj4_oq4,True,True,True,True,7uj4
posebusters,SigmaDock,1,7uj5_dgl,True,True,True,True,7uj5
posebusters,SigmaDock,1,7ujf_r3v,True,True,False,False,7ujf
posebusters,SigmaDock,1,7ulc_56b,True,True,True,True,7ulc
posebusters,SigmaDock,1,7umw_nad,False,False,True,True,7umw
posebusters,SigmaDock,1,7uq3_o2u,True,True,True,True,7uq3
posebusters,SigmaDock,1,7ush_82v,True,True,True,True,7ush
posebusters,SigmaDock,1,7utw_nai,False,False,True,False,7utw
posebusters,SigmaDock,1,7uxs_ojc,True,True,False,False,7uxs
posebusters,SigmaDock,1,7uy4_smi,False,False,False,False,7uy4
posebusters,SigmaDock,1,7uyb_ok0,True,True,True,True,7uyb
posebusters,SigmaDock,1,7v14_oru,True,True,True,True,7v14
posebusters,SigmaDock,1,7v3n_akg,True,True,False,False,7v3n
posebusters,SigmaDock,1,7v3s_5i9,True,True,True,True,7v3s
posebusters,SigmaDock,1,7v43_c4o,True,True,False,False,7v43
posebusters,SigmaDock,1,7vb8_stl,True,True,False,False,7vb8
posebusters,SigmaDock,1,7vbu_6i4,True,True,True,True,7vbu
posebusters,SigmaDock,1,7vc5_9sf,True,True,True,True,7vc5
posebusters,SigmaDock,1,7vkz_noj,True,True,False,False,7vkz
posebusters,SigmaDock,1,7vq9_isy,True,True,True,True,7vq9
posebusters,SigmaDock,1,7vwf_k55,True,True,True,True,7vwf
posebusters,SigmaDock,1,7vyj_ca0,True,True,False,False,7vyj
posebusters,SigmaDock,1,7w05_gmp,True,True,True,True,7w05
posebusters,SigmaDock,1,7w06_itn,False,False,True,True,7w06
posebusters,SigmaDock,1,7wcf_acp,True,True,False,False,7wcf
posebusters,SigmaDock,1,7wdt_ngs,True,True,True,True,7wdt
posebusters,SigmaDock,1,7wjb_bgc,True,True,True,True,7wjb
posebusters,SigmaDock,1,7wkl_caq,True,True,True,True,7wkl
posebusters,SigmaDock,1,7wl4_jfu,True,True,True,True,7wl4
posebusters,SigmaDock,1,7wpw_f15,True,True,True,True,7wpw
posebusters,SigmaDock,1,7wqq_5z6,True,True,True,True,7wqq
posebusters,SigmaDock,1,7wux_6oi,False,False,True,True,7wux
posebusters,SigmaDock,1,7wuy_76n,True,False,False,False,7wuy
posebusters,SigmaDock,1,7wy1_d0l,True,True,True,True,7wy1
posebusters,SigmaDock,1,7x5n_5m5,True,True,True,True,7x5n
posebusters,SigmaDock,1,7x9k_8og,True,True,True,True,7x9k
posebusters,SigmaDock,1,7xbv_apc,True,True,True,True,7xbv
posebusters,SigmaDock,1,7xfa_d9j,False,False,True,True,7xfa
posebusters,SigmaDock,1,7xg5_plp,True,True,True,True,7xg5
posebusters,SigmaDock,1,7xi7_4ri,True,True,True,True,7xi7
posebusters,SigmaDock,1,7xjn_nsd,True,True,True,True,7xjn
posebusters,SigmaDock,1,7xpo_upg,False,False,False,False,7xpo
posebusters,SigmaDock,1,7xqz_fpf,True,True,True,False,7xqz
posebusters,SigmaDock,1,7xrl_fwk,True,True,False,False,7xrl
posebusters,SigmaDock,1,7yzu_do7,True,True,True,False,7yzu
posebusters,SigmaDock,1,7z1q_nio,False,False,True,True,7z1q
posebusters,SigmaDock,1,7z2o_iaj,False,False,True,True,7z2o
posebusters,SigmaDock,1,7z7f_if3,False,False,True,True,7z7f
posebusters,SigmaDock,1,7zcc_oga,True,True,True,True,7zcc
posebusters,SigmaDock,1,7zdy_6mj,True,True,True,True,7zdy
posebusters,SigmaDock,1,7zf0_dhr,True,True,True,True,7zf0
posebusters,SigmaDock,1,7zhp_iqy,True,True,True,True,7zhp
posebusters,SigmaDock,1,7zl5_iwe,True,True,True,True,7zl5
posebusters,SigmaDock,1,7zoc_t8e,True,True,True,True,7zoc
posebusters,SigmaDock,1,7ztl_bcn,False,False,False,False,7ztl
posebusters,SigmaDock,1,7zu2_dht,True,True,True,True,7zu2
posebusters,SigmaDock,1,7zxv_45d,True,True,False,False,7zxv
posebusters,SigmaDock,1,7zzw_kkw,True,True,False,False,7zzw
posebusters,SigmaDock,1,8a1h_dlz,True,True,True,True,8a1h
posebusters,SigmaDock,1,8a2d_kxy,True,False,False,False,8a2d
posebusters,SigmaDock,1,8aau_lh0,True,True,True,True,8aau
posebusters,SigmaDock,1,8aem_lvf,True,True,True,True,8aem
posebusters,SigmaDock,1,8aie_m7l,True,True,False,False,8aie
posebusters,SigmaDock,1,8ap0_prp,False,False,False,False,8ap0
posebusters,SigmaDock,1,8aql_plg,True,True,True,True,8aql
posebusters,SigmaDock,1,8auh_l9i,True,True,True,False,8auh
posebusters,SigmaDock,1,8ay3_oe3,True,True,False,False,8ay3
posebusters,SigmaDock,1,8b8h_ojq,True,True,True,True,8b8h
posebusters,SigmaDock,1,8bom_qu6,True,True,True,True,8bom
posebusters,SigmaDock,1,8bti_rfo,True,True,False,False,8bti
posebusters,SigmaDock,1,8c3n_adp,True,True,True,True,8c3n
posebusters,SigmaDock,1,8c5m_mta,True,True,True,True,8c5m
posebusters,SigmaDock,1,8cnh_v6u,True,True,True,True,8cnh
posebusters,SigmaDock,1,8csd_c5p,True,True,True,True,8csd
posebusters,SigmaDock,1,8d19_gsh,True,True,True,True,8d19
posebusters,SigmaDock,1,8d39_qdb,True,True,True,True,8d39
posebusters,SigmaDock,1,8d5d_5dk,True,True,True,True,8d5d
posebusters,SigmaDock,1,8dhg_t78,True,True,True,True,8dhg
posebusters,SigmaDock,1,8dko_tfb,True,True,True,True,8dko
posebusters,SigmaDock,1,8dp2_uma,False,False,False,False,8dp2
posebusters,SigmaDock,1,8dsc_nca,True,True,True,True,8dsc
posebusters,SigmaDock,1,8eab_vn2,False,False,False,False,8eab
posebusters,SigmaDock,1,8ex2_q2q,True,True,True,True,8ex2
posebusters,SigmaDock,1,8exl_799,True,True,True,True,8exl
posebusters,SigmaDock,1,8eye_x4i,True,True,True,True,8eye
posebusters,SigmaDock,1,8f4j_pho,False,False,False,False,8f4j
posebusters,SigmaDock,1,8f8e_xji,True,True,True,True,8f8e
posebusters,SigmaDock,1,8fav_4y5,True,True,True,True,8fav
posebusters,SigmaDock,1,8flv_zb9,True,True,True,True,8flv
posebusters,SigmaDock,1,8fo5_y4u,True,True,True,True,8fo5
posebusters,SigmaDock,1,8g0v_yht,False,False,True,True,8g0v
posebusters,SigmaDock,1,8g6p_api,True,True,True,True,8g6p
posebusters,SigmaDock,1,8gfd_zhr,False,False,True,True,8gfd
posebusters,SigmaDock,1,8hfn_xgc,True,True,True,True,8hfn
posebusters,SigmaDock,1,8ho0_3zi,True,True,True,True,8ho0
posebusters,SigmaDock,1,8slg_g5a,True,True,True,True,8slg
posebusters,SigmaDock,2,5sak_zry,True,True,False,False,5sak
posebusters,SigmaDock,2,5sb2_1k2,True,True,True,True,5sb2
posebusters,SigmaDock,2,5sd5_hwi,True,True,True,True,5sd5
posebusters,SigmaDock,2,5sis_jsm,True,True,True,True,5sis
posebusters,SigmaDock,2,6m2b_ezo,True,True,True,True,6m2b
posebusters,SigmaDock,2,6m73_fnr,True,True,True,True,6m73
posebusters,SigmaDock,2,6t88_mwq,True,True,True,True,6t88
posebusters,SigmaDock,2,6tw5_9m2,True,True,True,True,6tw5
posebusters,SigmaDock,2,6tw7_nzb,True,True,True,True,6tw7
posebusters,SigmaDock,2,6vta_akn,False,False,False,False,6vta
posebusters,SigmaDock,2,6wtn_rxt,True,True,True,True,6wtn
posebusters,SigmaDock,2,6xbo_5mc,True,True,True,True,6xbo
posebusters,SigmaDock,2,6xct_478,False,False,True,False,6xct
posebusters,SigmaDock,2,6xg5_top,True,True,True,True,6xg5
posebusters,SigmaDock,2,6xht_v2v,True,True,True,True,6xht
posebusters,SigmaDock,2,6xm9_v55,True,True,True,True,6xm9
posebusters,SigmaDock,2,6yja_2ba,False,False,False,False,6yja
posebusters,SigmaDock,2,6yms_ozh,False,False,False,False,6yms
posebusters,SigmaDock,2,6yqv_8k2,True,True,True,True,6yqv
posebusters,SigmaDock,2,6yqw_82i,True,True,True,True,6yqw
posebusters,SigmaDock,2,6yr2_t1c,True,True,True,True,6yr2
posebusters,SigmaDock,2,6yrv_pj8,True,True,True,True,6yrv
posebusters,SigmaDock,2,6ysp_pal,True,True,True,True,6ysp
posebusters,SigmaDock,2,6yt6_pke,False,False,True,True,6yt6
posebusters,SigmaDock,2,6yyo_q1k,True,True,True,True,6yyo
posebusters,SigmaDock,2,6z0r_q4h,True,True,True,True,6z0r
posebusters,SigmaDock,2,6z14_q4z,True,True,True,True,6z14
posebusters,SigmaDock,2,6z1c_7ey,True,True,True,True,6z1c
posebusters,SigmaDock,2,6z2c_q5e,True,True,True,True,6z2c
posebusters,SigmaDock,2,6z4n_q7b,False,False,True,True,6z4n
posebusters,SigmaDock,2,6zae_acv,True,True,True,True,6zae
posebusters,SigmaDock,2,6zc3_jor,True,True,False,False,6zc3
posebusters,SigmaDock,2,6zcy_qf8,True,True,True,True,6zcy
posebusters,SigmaDock,2,6zk5_imh,True,True,False,False,6zk5
posebusters,SigmaDock,2,6zpb_3d1,True,True,True,True,6zpb
posebusters,SigmaDock,2,7a1p_qw2,True,True,True,True,7a1p
posebusters,SigmaDock,2,7a9e_r4w,False,False,True,True,7a9e
posebusters,SigmaDock,2,7a9h_tpp,True,True,True,True,7a9h
posebusters,SigmaDock,2,7afx_r9k,True,True,True,True,7afx
posebusters,SigmaDock,2,7akl_rk5,True,True,True,True,7akl
posebusters,SigmaDock,2,7an5_rdh,False,False,True,True,7an5
posebusters,SigmaDock,2,7b2c_tp7,True,True,True,False,7b2c
posebusters,SigmaDock,2,7b94_anp,True,True,True,True,7b94
posebusters,SigmaDock,2,7bcp_gco,True,False,True,True,7bcp
posebusters,SigmaDock,2,7bjj_tvw,False,False,False,False,7bjj
posebusters,SigmaDock,2,7bka_4jc,True,True,True,True,7bka
posebusters,SigmaDock,2,7bmi_u4b,True,True,True,True,7bmi
posebusters,SigmaDock,2,7bnh_bez,True,True,True,True,7bnh
posebusters,SigmaDock,2,7btt_f8r,True,True,True,True,7btt
posebusters,SigmaDock,2,7c0u_fgo,False,False,False,False,7c0u
posebusters,SigmaDock,2,7c3u_azg,False,False,False,False,7c3u
posebusters,SigmaDock,2,7c8q_dsg,True,True,True,True,7c8q
posebusters,SigmaDock,2,7cd9_fvr,True,True,False,False,7cd9
posebusters,SigmaDock,2,7cij_g0c,True,True,True,True,7cij
posebusters,SigmaDock,2,7cl8_tes,True,True,True,True,7cl8
posebusters,SigmaDock,2,7cnq_g8x,True,False,True,True,7cnq
posebusters,SigmaDock,2,7cns_pmv,False,False,True,True,7cns
posebusters,SigmaDock,2,7ctm_bdp,True,True,True,True,7ctm
posebusters,SigmaDock,2,7cuo_phb,True,True,True,True,7cuo
posebusters,SigmaDock,2,7d5c_gv6,True,True,True,True,7d5c
posebusters,SigmaDock,2,7d6o_mte,True,True,True,True,7d6o
posebusters,SigmaDock,2,7dkt_glf,True,True,False,False,7dkt
posebusters,SigmaDock,2,7dql_4cl,False,False,True,True,7dql
posebusters,SigmaDock,2,7dua_hj0,True,True,True,True,7dua
posebusters,SigmaDock,2,7e4l_mdn,True,True,True,True,7e4l
posebusters,SigmaDock,2,7ebg_j0l,True,True,True,True,7ebg
posebusters,SigmaDock,2,7ecr_sin,True,True,True,True,7ecr
posebusters,SigmaDock,2,7ed2_a3p,True,True,True,True,7ed2
posebusters,SigmaDock,2,7elt_tym,True,True,True,True,7elt
posebusters,SigmaDock,2,7epv_fda,True,True,True,True,7epv
posebusters,SigmaDock,2,7es1_udp,True,True,True,True,7es1
posebusters,SigmaDock,2,7f51_ba7,True,True,True,True,7f51
posebusters,SigmaDock,2,7f5d_euo,False,False,True,True,7f5d
posebusters,SigmaDock,2,7f8t_fad,False,False,False,False,7f8t
posebusters,SigmaDock,2,7fb7_8nf,True,True,True,True,7fb7
posebusters,SigmaDock,2,7fha_adx,True,True,True,True,7fha
posebusters,SigmaDock,2,7frx_o88,False,False,False,False,7frx
posebusters,SigmaDock,2,7ft9_4mb,True,True,False,False,7ft9
posebusters,SigmaDock,2,7jg0_gar,True,True,True,True,7jg0
posebusters,SigmaDock,2,7jhq_vaj,True,True,True,True,7jhq
posebusters,SigmaDock,2,7jmv_4nc,True,True,True,True,7jmv
posebusters,SigmaDock,2,7jxx_vp7,True,True,True,True,7jxx
posebusters,SigmaDock,2,7jy3_vud,True,True,False,False,7jy3
posebusters,SigmaDock,2,7k0v_vqp,True,True,True,True,7k0v
posebusters,SigmaDock,2,7kb1_wbj,True,True,True,True,7kb1
posebusters,SigmaDock,2,7kc5_bjz,True,True,True,True,7kc5
posebusters,SigmaDock,2,7km8_wpd,True,True,True,True,7km8
posebusters,SigmaDock,2,7kqu_yof,True,True,True,True,7kqu
posebusters,SigmaDock,2,7kru_atp,True,True,True,True,7kru
posebusters,SigmaDock,2,7kz9_xn7,False,False,True,True,7kz9
posebusters,SigmaDock,2,7l00_xcj,True,True,True,True,7l00
posebusters,SigmaDock,2,7l03_f9f,True,True,True,True,7l03
posebusters,SigmaDock,2,7l5f_xng,False,False,True,True,7l5f
posebusters,SigmaDock,2,7l7c_xq1,True,True,True,True,7l7c
posebusters,SigmaDock,2,7lcu_xta,True,True,True,True,7lcu
posebusters,SigmaDock,2,7lev_0jo,True,True,True,True,7lev
posebusters,SigmaDock,2,7ljn_gtp,False,False,False,False,7ljn
posebusters,SigmaDock,2,7lmo_nyo,True,True,True,True,7lmo
posebusters,SigmaDock,2,7loe_y84,True,True,True,True,7loe
posebusters,SigmaDock,2,7lou_ifm,True,True,True,True,7lou
posebusters,SigmaDock,2,7lt0_onj,True,True,True,True,7lt0
posebusters,SigmaDock,2,7lzd_yhy,True,True,True,True,7lzd
posebusters,SigmaDock,2,7m31_tdr,True,True,True,True,7m31
posebusters,SigmaDock,2,7m3h_ypv,True,True,True,True,7m3h
posebusters,SigmaDock,2,7m6k_yrj,True,True,False,False,7m6k
posebusters,SigmaDock,2,7mfp_z7p,False,False,True,False,7mfp
posebusters,SigmaDock,2,7mgt_zd4,True,True,True,True,7mgt
posebusters,SigmaDock,2,7mgy_zd1,True,True,True,True,7mgy
posebusters,SigmaDock,2,7mmh_zjy,True,False,True,True,7mmh
posebusters,SigmaDock,2,7moi_hps,True,True,True,True,7moi
posebusters,SigmaDock,2,7msr_dca,True,True,True,True,7msr
posebusters,SigmaDock,2,7mwn_wi5,False,False,False,False,7mwn
posebusters,SigmaDock,2,7mwu_zpm,True,True,True,True,7mwu
posebusters,SigmaDock,2,7my1_ipe,True,True,False,False,7my1
posebusters,SigmaDock,2,7myu_zr7,True,True,True,True,7myu
posebusters,SigmaDock,2,7n03_zrp,True,True,True,True,7n03
posebusters,SigmaDock,2,7n4n_0bk,True,True,True,True,7n4n
posebusters,SigmaDock,2,7n4w_p4v,True,True,True,True,7n4w
posebusters,SigmaDock,2,7n6f_0i1,True,True,True,True,7n6f
posebusters,SigmaDock,2,7n7b_t3f,True,True,True,True,7n7b
posebusters,SigmaDock,2,7n7h_ctp,True,True,True,True,7n7h
posebusters,SigmaDock,2,7nf0_byn,True,True,True,True,7nf0
posebusters,SigmaDock,2,7nf3_4lu,True,False,True,True,7nf3
posebusters,SigmaDock,2,7nfb_gen,True,True,True,True,7nfb
posebusters,SigmaDock,2,7ngw_uaw,False,False,True,True,7ngw
posebusters,SigmaDock,2,7nlv_uje,True,True,True,True,7nlv
posebusters,SigmaDock,2,7np6_uk8,True,True,True,True,7np6
posebusters,SigmaDock,2,7npl_ukz,True,True,True,True,7npl
posebusters,SigmaDock,2,7nr8_uoe,True,True,True,True,7nr8
posebusters,SigmaDock,2,7nsw_hc4,True,True,True,True,7nsw
posebusters,SigmaDock,2,7nu0_dcl,True,True,True,True,7nu0
posebusters,SigmaDock,2,7nut_glp,True,True,True,True,7nut
posebusters,SigmaDock,2,7nxo_uu8,True,True,True,True,7nxo
posebusters,SigmaDock,2,7o0n_cdp,True,True,False,False,7o0n
posebusters,SigmaDock,2,7o1t_5x8,True,True,True,True,7o1t
posebusters,SigmaDock,2,7ody_dgi,True,True,True,True,7ody
posebusters,SigmaDock,2,7oeo_v9z,False,False,False,False,7oeo
posebusters,SigmaDock,2,7off_vcb,True,True,True,True,7off
posebusters,SigmaDock,2,7ofk_vch,True,True,True,True,7ofk
posebusters,SigmaDock,2,7oli_8hg,True,True,True,True,7oli
posebusters,SigmaDock,2,7omx_cna,True,True,True,True,7omx
posebusters,SigmaDock,2,7op9_06k,False,False,False,False,7op9
posebusters,SigmaDock,2,7opg_06n,True,True,True,True,7opg
posebusters,SigmaDock,2,7oso_0v1,False,False,False,False,7oso
posebusters,SigmaDock,2,7oz9_ngk,False,False,True,True,7oz9
posebusters,SigmaDock,2,7ozc_g6s,False,False,True,True,7ozc
posebusters,SigmaDock,2,7p1f_kfn,True,True,True,True,7p1f
posebusters,SigmaDock,2,7p1m_4iu,True,True,True,True,7p1m
posebusters,SigmaDock,2,7p2i_mfu,True,True,False,False,7p2i
posebusters,SigmaDock,2,7p4c_5ov,True,True,True,True,7p4c
posebusters,SigmaDock,2,7p5t_5yg,True,True,True,True,7p5t
posebusters,SigmaDock,2,7pgx_fmn,True,True,True,True,7pgx
posebusters,SigmaDock,2,7pih_7qw,True,True,False,False,7pih
posebusters,SigmaDock,2,7pjq_owh,False,False,True,True,7pjq
posebusters,SigmaDock,2,7pk0_byc,False,False,False,False,7pk0
posebusters,SigmaDock,2,7pl1_sfg,True,True,True,True,7pl1
posebusters,SigmaDock,2,7pom_7vz,True,True,True,True,7pom
posebusters,SigmaDock,2,7pri_7ti,False,False,False,False,7pri
posebusters,SigmaDock,2,7prm_81i,True,True,True,True,7prm
posebusters,SigmaDock,2,7pt3_3kk,False,False,False,False,7pt3
posebusters,SigmaDock,2,7puv_84z,True,True,True,True,7puv
posebusters,SigmaDock,2,7q25_8j9,True,True,True,True,7q25
posebusters,SigmaDock,2,7q27_8kc,True,True,True,True,7q27
posebusters,SigmaDock,2,7q2b_m6h,True,True,True,True,7q2b
posebusters,SigmaDock,2,7q5i_i0f,True,True,True,False,7q5i
posebusters,SigmaDock,2,7qe4_nga,True,True,True,True,7qe4
posebusters,SigmaDock,2,7qf4_rbf,True,True,True,True,7qf4
posebusters,SigmaDock,2,7qfm_ay3,True,True,True,True,7qfm
posebusters,SigmaDock,2,7qgp_dj8,True,True,True,True,7qgp
posebusters,SigmaDock,2,7qhg_t3b,True,True,True,True,7qhg
posebusters,SigmaDock,2,7qhl_d5p,True,True,True,True,7qhl
posebusters,SigmaDock,2,7qpp_vdx,True,True,True,False,7qpp
posebusters,SigmaDock,2,7qta_uri,True,True,True,True,7qta
posebusters,SigmaDock,2,7r3d_apr,True,True,True,True,7r3d
posebusters,SigmaDock,2,7r59_i5f,True,True,True,True,7r59
posebusters,SigmaDock,2,7r6j_2i7,False,False,True,True,7r6j
posebusters,SigmaDock,2,7r7r_awj,True,True,True,True,7r7r
posebusters,SigmaDock,2,7r9n_f97,True,True,True,True,7r9n
posebusters,SigmaDock,2,7rc3_sah,True,True,True,True,7rc3
posebusters,SigmaDock,2,7rh3_59o,False,False,True,True,7rh3
posebusters,SigmaDock,2,7rkw_5tv,True,True,True,True,7rkw
posebusters,SigmaDock,2,7rni_60i,True,True,False,False,7rni
posebusters,SigmaDock,2,7ror_69x,True,True,True,True,7ror
posebusters,SigmaDock,2,7rou_66i,True,True,True,True,7rou
posebusters,SigmaDock,2,7rsv_7iq,True,True,True,True,7rsv
posebusters,SigmaDock,2,7rws_4ur,True,False,False,False,7rws
posebusters,SigmaDock,2,7rzl_npo,False,False,True,True,7rzl
posebusters,SigmaDock,2,7scw_gsp,True,True,True,True,7scw
posebusters,SigmaDock,2,7sdd_4ip,True,True,False,False,7sdd
posebusters,SigmaDock,2,7sfo_98l,True,True,True,True,7sfo
posebusters,SigmaDock,2,7siu_9id,True,True,True,True,7siu
posebusters,SigmaDock,2,7suc_com,True,True,True,True,7suc
posebusters,SigmaDock,2,7sza_dui,True,True,True,True,7sza
posebusters,SigmaDock,2,7t0d_fpp,True,True,True,True,7t0d
posebusters,SigmaDock,2,7t1d_e7k,False,False,True,True,7t1d
posebusters,SigmaDock,2,7t3e_slb,True,True,True,True,7t3e
posebusters,SigmaDock,2,7tb0_ud1,True,True,True,True,7tb0
posebusters,SigmaDock,2,7tbu_s3p,True,True,True,True,7tbu
posebusters,SigmaDock,2,7te8_p0t,True,True,True,True,7te8
posebusters,SigmaDock,2,7th4_ffo,False,False,True,True,7th4
posebusters,SigmaDock,2,7thi_pga,True,True,True,True,7thi
posebusters,SigmaDock,2,7tm6_gpj,True,True,True,True,7tm6
posebusters,SigmaDock,2,7tom_5ad,True,True,True,True,7tom
posebusters,SigmaDock,2,7ts6_kmi,True,True,True,True,7ts6
posebusters,SigmaDock,2,7tsf_h4b,False,False,True,True,7tsf
posebusters,SigmaDock,2,7tuo_kl9,True,True,True,True,7tuo
posebusters,SigmaDock,2,7txk_lw8,True,True,True,True,7txk
posebusters,SigmaDock,2,7typ_kur,True,True,True,True,7typ
posebusters,SigmaDock,2,7u0u_fk5,False,False,False,False,7u0u
posebusters,SigmaDock,2,7u3j_l6u,False,False,True,True,7u3j
posebusters,SigmaDock,2,7uas_mbu,True,True,True,True,7uas
posebusters,SigmaDock,2,7uaw_mf6,False,False,True,True,7uaw
posebusters,SigmaDock,2,7uj4_oq4,True,True,False,False,7uj4
posebusters,SigmaDock,2,7uj5_dgl,True,True,True,True,7uj5
posebusters,SigmaDock,2,7ujf_r3v,True,True,True,True,7ujf
posebusters,SigmaDock,2,7ulc_56b,True,True,True,True,7ulc
posebusters,SigmaDock,2,7umw_nad,False,False,True,True,7umw
posebusters,SigmaDock,2,7uq3_o2u,True,True,True,True,7uq3
posebusters,SigmaDock,2,7ush_82v,True,True,True,True,7ush
posebusters,SigmaDock,2,7utw_nai,False,False,True,False,7utw
posebusters,SigmaDock,2,7uxs_ojc,True,False,False,False,7uxs
posebusters,SigmaDock,2,7uy4_smi,True,False,False,False,7uy4
posebusters,SigmaDock,2,7uyb_ok0,True,True,True,True,7uyb
posebusters,SigmaDock,2,7v14_oru,True,True,True,True,7v14
posebusters,SigmaDock,2,7v3n_akg,True,True,False,False,7v3n
posebusters,SigmaDock,2,7v3s_5i9,True,True,True,True,7v3s
posebusters,SigmaDock,2,7v43_c4o,True,True,False,False,7v43
posebusters,SigmaDock,2,7vb8_stl,True,True,False,False,7vb8
posebusters,SigmaDock,2,7vbu_6i4,True,True,True,True,7vbu
posebusters,SigmaDock,2,7vc5_9sf,True,True,True,True,7vc5
posebusters,SigmaDock,2,7vkz_noj,True,True,False,False,7vkz
posebusters,SigmaDock,2,7vq9_isy,True,True,False,False,7vq9
posebusters,SigmaDock,2,7vwf_k55,True,True,True,True,7vwf
posebusters,SigmaDock,2,7vyj_ca0,True,True,True,True,7vyj
posebusters,SigmaDock,2,7w05_gmp,False,False,True,True,7w05
posebusters,SigmaDock,2,7w06_itn,False,False,True,True,7w06
posebusters,SigmaDock,2,7wcf_acp,True,True,True,True,7wcf
posebusters,SigmaDock,2,7wdt_ngs,True,True,True,True,7wdt
posebusters,SigmaDock,2,7wjb_bgc,True,True,True,True,7wjb
posebusters,SigmaDock,2,7wkl_caq,True,True,True,True,7wkl
posebusters,SigmaDock,2,7wl4_jfu,True,True,True,True,7wl4
posebusters,SigmaDock,2,7wpw_f15,True,True,True,True,7wpw
posebusters,SigmaDock,2,7wqq_5z6,True,True,True,True,7wqq
posebusters,SigmaDock,2,7wux_6oi,False,False,True,True,7wux
posebusters,SigmaDock,2,7wuy_76n,False,False,True,True,7wuy
posebusters,SigmaDock,2,7wy1_d0l,True,True,True,True,7wy1
posebusters,SigmaDock,2,7x5n_5m5,True,True,True,True,7x5n
posebusters,SigmaDock,2,7x9k_8og,True,True,True,True,7x9k
posebusters,SigmaDock,2,7xbv_apc,False,False,True,True,7xbv
posebusters,SigmaDock,2,7xfa_d9j,False,False,False,False,7xfa
posebusters,SigmaDock,2,7xg5_plp,True,True,True,True,7xg5
posebusters,SigmaDock,2,7xi7_4ri,True,True,True,True,7xi7
posebusters,SigmaDock,2,7xjn_nsd,True,True,True,True,7xjn
posebusters,SigmaDock,2,7xpo_upg,False,False,False,False,7xpo
posebusters,SigmaDock,2,7xqz_fpf,True,True,True,True,7xqz
posebusters,SigmaDock,2,7xrl_fwk,False,False,False,False,7xrl
posebusters,SigmaDock,2,7yzu_do7,True,True,True,True,7yzu
posebusters,SigmaDock,2,7z1q_nio,False,False,True,True,7z1q
posebusters,SigmaDock,2,7z2o_iaj,False,False,False,False,7z2o
posebusters,SigmaDock,2,7z7f_if3,True,True,True,True,7z7f
posebusters,SigmaDock,2,7zcc_oga,True,True,False,False,7zcc
posebusters,SigmaDock,2,7zdy_6mj,True,True,True,True,7zdy
posebusters,SigmaDock,2,7zf0_dhr,True,True,True,True,7zf0
posebusters,SigmaDock,2,7zhp_iqy,True,True,True,True,7zhp
posebusters,SigmaDock,2,7zl5_iwe,True,True,True,True,7zl5
posebusters,SigmaDock,2,7zoc_t8e,True,True,True,True,7zoc
posebusters,SigmaDock,2,7ztl_bcn,False,False,False,False,7ztl
posebusters,SigmaDock,2,7zu2_dht,True,True,True,True,7zu2
posebusters,SigmaDock,2,7zxv_45d,True,True,False,False,7zxv
posebusters,SigmaDock,2,7zzw_kkw,False,False,True,True,7zzw
posebusters,SigmaDock,2,8a1h_dlz,True,True,True,True,8a1h
posebusters,SigmaDock,2,8a2d_kxy,True,True,False,False,8a2d
posebusters,SigmaDock,2,8aau_lh0,True,True,True,True,8aau
posebusters,SigmaDock,2,8aem_lvf,True,True,True,True,8aem
posebusters,SigmaDock,2,8aie_m7l,False,False,False,False,8aie
posebusters,SigmaDock,2,8ap0_prp,False,False,False,False,8ap0
posebusters,SigmaDock,2,8aql_plg,True,True,True,True,8aql
posebusters,SigmaDock,2,8auh_l9i,True,True,True,True,8auh
posebusters,SigmaDock,2,8ay3_oe3,True,True,True,True,8ay3
posebusters,SigmaDock,2,8b8h_ojq,True,True,True,True,8b8h
posebusters,SigmaDock,2,8bom_qu6,True,True,True,True,8bom
posebusters,SigmaDock,2,8bti_rfo,True,True,False,False,8bti
posebusters,SigmaDock,2,8c3n_adp,True,True,True,True,8c3n
posebusters,SigmaDock,2,8c5m_mta,True,True,True,True,8c5m
posebusters,SigmaDock,2,8cnh_v6u,True,True,True,True,8cnh
posebusters,SigmaDock,2,8csd_c5p,True,True,True,True,8csd
posebusters,SigmaDock,2,8d19_gsh,True,True,True,True,8d19
posebusters,SigmaDock,2,8d39_qdb,True,True,True,True,8d39
posebusters,SigmaDock,2,8d5d_5dk,True,True,True,True,8d5d
posebusters,SigmaDock,2,8dhg_t78,False,False,True,True,8dhg
posebusters,SigmaDock,2,8dko_tfb,True,True,True,True,8dko
posebusters,SigmaDock,2,8dp2_uma,False,False,False,False,8dp2
posebusters,SigmaDock,2,8dsc_nca,True,True,True,True,8dsc
posebusters,SigmaDock,2,8eab_vn2,False,False,False,False,8eab
posebusters,SigmaDock,2,8ex2_q2q,True,True,True,True,8ex2
posebusters,SigmaDock,2,8exl_799,False,False,True,True,8exl
posebusters,SigmaDock,2,8eye_x4i,True,True,False,False,8eye
posebusters,SigmaDock,2,8f4j_pho,False,False,False,False,8f4j
posebusters,SigmaDock,2,8f8e_xji,True,True,True,True,8f8e
posebusters,SigmaDock,2,8fav_4y5,True,True,True,True,8fav
posebusters,SigmaDock,2,8flv_zb9,False,False,True,True,8flv
posebusters,SigmaDock,2,8fo5_y4u,True,True,True,False,8fo5
posebusters,SigmaDock,2,8g0v_yht,True,True,True,True,8g0v
posebusters,SigmaDock,2,8g6p_api,False,False,True,True,8g6p
posebusters,SigmaDock,2,8gfd_zhr,False,False,True,True,8gfd
posebusters,SigmaDock,2,8hfn_xgc,False,False,True,True,8hfn
posebusters,SigmaDock,2,8ho0_3zi,True,True,True,True,8ho0
posebusters,SigmaDock,2,8slg_g5a,True,True,True,True,8slg
posebusters,DiffDock-Pocket,0,7cnq_g8x,False,False,True,True,7cnq
posebusters,DiffDock-Pocket,0,6yms_ozh,False,False,False,False,6yms
posebusters,DiffDock-Pocket,0,7t0d_fpp,False,False,True,True,7t0d
posebusters,DiffDock-Pocket,0,6xht_v2v,False,False,True,True,6xht
posebusters,DiffDock-Pocket,0,7an5_rdh,False,False,True,True,7an5
posebusters,DiffDock-Pocket,0,8c5m_mta,False,False,True,True,8c5m
posebusters,DiffDock-Pocket,0,6vta_akn,False,False,False,False,6vta
posebusters,DiffDock-Pocket,0,7p1f_kfn,False,False,True,True,7p1f
posebusters,DiffDock-Pocket,0,7l5f_xng,False,False,True,True,7l5f
posebusters,DiffDock-Pocket,0,8exl_799,True,False,True,True,8exl
posebusters,DiffDock-Pocket,0,7utw_nai,True,False,True,False,7utw
posebusters,DiffDock-Pocket,0,7nfb_gen,True,True,True,True,7nfb
posebusters,DiffDock-Pocket,0,7nu0_dcl,False,False,True,True,7nu0
posebusters,DiffDock-Pocket,0,7btt_f8r,True,False,True,True,7btt
posebusters,DiffDock-Pocket,0,6tw5_9m2,False,False,True,True,6tw5
posebusters,DiffDock-Pocket,0,7txk_lw8,False,False,True,True,7txk
posebusters,DiffDock-Pocket,0,7wy1_d0l,False,False,True,True,7wy1
posebusters,DiffDock-Pocket,0,6t88_mwq,True,False,True,True,6t88
posebusters,DiffDock-Pocket,0,7ror_69x,False,False,True,True,7ror
posebusters,DiffDock-Pocket,0,7t1d_e7k,False,False,True,True,7t1d
posebusters,DiffDock-Pocket,0,7w05_gmp,False,False,True,True,7w05
posebusters,DiffDock-Pocket,0,7b2c_tp7,False,False,False,False,7b2c
posebusters,DiffDock-Pocket,0,8g6p_api,False,False,True,True,8g6p
posebusters,DiffDock-Pocket,0,6zpb_3d1,True,False,True,True,6zpb
posebusters,DiffDock-Pocket,0,7rws_4ur,False,False,False,False,7rws
posebusters,DiffDock-Pocket,0,7wl4_jfu,True,True,True,True,7wl4
posebusters,DiffDock-Pocket,0,7c0u_fgo,False,False,False,False,7c0u
posebusters,DiffDock-Pocket,0,7pk0_byc,False,False,True,True,7pk0
posebusters,DiffDock-Pocket,0,7xi7_4ri,True,False,True,True,7xi7
posebusters,DiffDock-Pocket,0,8ex2_q2q,True,True,True,True,8ex2
posebusters,DiffDock-Pocket,0,7jy3_vud,False,False,False,False,7jy3
posebusters,DiffDock-Pocket,0,7n03_zrp,False,False,True,True,7n03
posebusters,DiffDock-Pocket,0,7v43_c4o,False,False,False,False,7v43
posebusters,DiffDock-Pocket,0,7vb8_stl,True,False,False,False,7vb8
posebusters,DiffDock-Pocket,0,8dsc_nca,False,False,True,True,8dsc
posebusters,DiffDock-Pocket,0,7z7f_if3,False,False,True,True,7z7f
posebusters,DiffDock-Pocket,0,7bka_4jc,False,False,True,True,7bka
posebusters,DiffDock-Pocket,0,7dkt_glf,False,False,False,False,7dkt
posebusters,DiffDock-Pocket,0,7qf4_rbf,True,False,True,True,7qf4
posebusters,DiffDock-Pocket,0,7qhg_t3b,False,False,True,True,7qhg
posebusters,DiffDock-Pocket,0,7vwf_k55,False,False,True,True,7vwf
posebusters,DiffDock-Pocket,0,7zhp_iqy,True,True,True,True,7zhp
posebusters,DiffDock-Pocket,0,7es1_udp,False,False,True,True,7es1
posebusters,DiffDock-Pocket,0,7bcp_gco,True,True,True,True,7bcp
posebusters,DiffDock-Pocket,0,8ay3_oe3,False,False,True,True,8ay3
posebusters,DiffDock-Pocket,0,7r9n_f97,True,True,True,True,7r9n
posebusters,DiffDock-Pocket,0,7ujf_r3v,True,False,True,False,7ujf
posebusters,DiffDock-Pocket,0,7jmv_4nc,False,False,True,True,7jmv
posebusters,DiffDock-Pocket,0,7vc5_9sf,True,False,True,True,7vc5
posebusters,DiffDock-Pocket,0,7tsf_h4b,False,False,True,True,7tsf
posebusters,DiffDock-Pocket,0,7vbu_6i4,True,True,True,True,7vbu
posebusters,DiffDock-Pocket,0,8slg_g5a,True,False,True,True,8slg
posebusters,DiffDock-Pocket,0,7ebg_j0l,True,True,True,True,7ebg
posebusters,DiffDock-Pocket,0,8cnh_v6u,False,False,True,True,8cnh
posebusters,DiffDock-Pocket,0,7pri_7ti,False,False,False,False,7pri
posebusters,DiffDock-Pocket,0,7lou_ifm,False,False,True,True,7lou
posebusters,DiffDock-Pocket,0,7d5c_gv6,False,False,True,True,7d5c
posebusters,DiffDock-Pocket,0,7u0u_fk5,False,False,False,False,7u0u
posebusters,DiffDock-Pocket,0,6m2b_ezo,False,False,True,True,6m2b
posebusters,DiffDock-Pocket,0,6yr2_t1c,False,False,True,True,6yr2
posebusters,DiffDock-Pocket,0,7zdy_6mj,True,False,True,True,7zdy
posebusters,DiffDock-Pocket,0,7xg5_plp,False,False,True,True,7xg5
posebusters,DiffDock-Pocket,0,5sd5_hwi,True,False,True,True,5sd5
posebusters,DiffDock-Pocket,0,7r3d_apr,False,False,True,True,7r3d
posebusters,DiffDock-Pocket,0,7z2o_iaj,False,False,True,True,7z2o
posebusters,DiffDock-Pocket,0,7n6f_0i1,False,False,True,True,7n6f
posebusters,DiffDock-Pocket,0,7sza_dui,False,False,True,True,7sza
posebusters,DiffDock-Pocket,0,8aql_plg,False,False,True,True,8aql
posebusters,DiffDock-Pocket,0,6xct_478,False,False,True,False,6xct
posebusters,DiffDock-Pocket,0,7nf0_byn,True,False,True,True,7nf0
posebusters,DiffDock-Pocket,0,7c8q_dsg,False,False,True,True,7c8q
posebusters,DiffDock-Pocket,0,7mgt_zd4,True,True,True,True,7mgt
posebusters,DiffDock-Pocket,0,8d39_qdb,True,False,True,True,8d39
posebusters,DiffDock-Pocket,0,7bnh_bez,True,False,True,True,7bnh
posebusters,DiffDock-Pocket,0,7zzw_kkw,False,False,True,True,7zzw
posebusters,DiffDock-Pocket,0,7ljn_gtp,False,False,False,False,7ljn
posebusters,DiffDock-Pocket,0,7qta_uri,False,False,True,True,7qta
posebusters,DiffDock-Pocket,0,7l7c_xq1,False,False,True,True,7l7c
posebusters,DiffDock-Pocket,0,7wuy_76n,False,False,False,False,7wuy
posebusters,DiffDock-Pocket,0,7m6k_yrj,False,False,False,False,7m6k
posebusters,DiffDock-Pocket,0,8flv_zb9,False,False,True,True,8flv
posebusters,DiffDock-Pocket,0,6xbo_5mc,True,False,True,True,6xbo
posebusters,DiffDock-Pocket,0,7wux_6oi,False,False,True,True,7wux
posebusters,DiffDock-Pocket,0,7ofk_vch,True,False,True,True,7ofk
posebusters,DiffDock-Pocket,0,7op9_06k,False,False,False,False,7op9
posebusters,DiffDock-Pocket,0,7cij_g0c,False,False,True,True,7cij
posebusters,DiffDock-Pocket,0,7akl_rk5,False,False,True,True,7akl
posebusters,DiffDock-Pocket,0,7p2i_mfu,True,True,False,False,7p2i
posebusters,DiffDock-Pocket,0,7scw_gsp,True,True,True,True,7scw
posebusters,DiffDock-Pocket,0,6yyo_q1k,True,False,True,True,6yyo
posebusters,DiffDock-Pocket,0,7o0n_cdp,False,False,True,True,7o0n
posebusters,DiffDock-Pocket,0,8aau_lh0,True,False,True,True,8aau
posebusters,DiffDock-Pocket,0,7pom_7vz,True,True,True,True,7pom
posebusters,DiffDock-Pocket,0,7zxv_45d,False,False,False,False,7zxv
posebusters,DiffDock-Pocket,0,7v3n_akg,True,True,False,False,7v3n
posebusters,DiffDock-Pocket,0,7qe4_nga,True,True,True,True,7qe4
posebusters,DiffDock-Pocket,0,7xrl_fwk,False,False,False,False,7xrl
posebusters,DiffDock-Pocket,0,7myu_zr7,False,False,True,True,7myu
posebusters,DiffDock-Pocket,0,7f5d_euo,False,False,True,True,7f5d
posebusters,DiffDock-Pocket,0,8fo5_y4u,False,False,True,False,8fo5
posebusters,DiffDock-Pocket,0,7r6j_2i7,False,False,True,True,7r6j
posebusters,DiffDock-Pocket,0,7e4l_mdn,True,True,True,True,7e4l
posebusters,DiffDock-Pocket,0,7wqq_5z6,True,True,True,True,7wqq
posebusters,DiffDock-Pocket,0,7nlv_uje,True,False,True,True,7nlv
posebusters,DiffDock-Pocket,0,7pt3_3kk,False,False,False,False,7pt3
posebusters,DiffDock-Pocket,0,7sfo_98l,False,False,True,True,7sfo
posebusters,DiffDock-Pocket,0,7n4w_p4v,False,False,True,True,7n4w
posebusters,DiffDock-Pocket,0,6tw7_nzb,False,False,True,True,6tw7
posebusters,DiffDock-Pocket,0,8f8e_xji,False,False,True,True,8f8e
posebusters,DiffDock-Pocket,0,7ulc_56b,False,False,True,True,7ulc
posebusters,DiffDock-Pocket,0,7uj5_dgl,True,False,True,True,7uj5
posebusters,DiffDock-Pocket,0,7umw_nad,False,False,True,True,7umw
posebusters,DiffDock-Pocket,0,7np6_uk8,False,False,True,True,7np6
posebusters,DiffDock-Pocket,0,7moi_hps,False,False,False,False,7moi
posebusters,DiffDock-Pocket,0,7sdd_4ip,False,False,False,False,7sdd
posebusters,DiffDock-Pocket,0,7v14_oru,True,True,True,True,7v14
posebusters,DiffDock-Pocket,0,7frx_o88,False,False,True,True,7frx
posebusters,DiffDock-Pocket,0,8gfd_zhr,False,False,True,True,8gfd
posebusters,DiffDock-Pocket,0,7kqu_yof,False,False,True,True,7kqu
posebusters,DiffDock-Pocket,0,8bti_rfo,True,True,False,False,8bti
posebusters,DiffDock-Pocket,0,7tm6_gpj,False,False,True,True,7tm6
posebusters,DiffDock-Pocket,0,7m3h_ypv,False,False,True,True,7m3h
posebusters,DiffDock-Pocket,0,7cd9_fvr,False,False,True,True,7cd9
posebusters,DiffDock-Pocket,0,7rh3_59o,False,False,True,True,7rh3
posebusters,DiffDock-Pocket,0,7bmi_u4b,False,False,True,True,7bmi
posebusters,DiffDock-Pocket,0,7zu2_dht,True,True,True,True,7zu2
posebusters,DiffDock-Pocket,0,7nr8_uoe,False,False,True,True,7nr8
posebusters,DiffDock-Pocket,0,7n7b_t3f,False,False,False,False,7n7b
posebusters,DiffDock-Pocket,0,8d5d_5dk,False,False,True,True,8d5d
posebusters,DiffDock-Pocket,0,7vyj_ca0,False,False,True,True,7vyj
posebusters,DiffDock-Pocket,0,7c3u_azg,False,False,False,False,7c3u
posebusters,DiffDock-Pocket,0,8eab_vn2,False,False,True,True,8eab
posebusters,DiffDock-Pocket,0,7oeo_v9z,False,False,True,True,7oeo
posebusters,DiffDock-Pocket,0,7u3j_l6u,False,False,True,True,7u3j
posebusters,DiffDock-Pocket,0,8f4j_pho,False,False,False,False,8f4j
posebusters,DiffDock-Pocket,0,7ts6_kmi,False,False,True,True,7ts6
posebusters,DiffDock-Pocket,0,7ozc_g6s,True,False,True,True,7ozc
posebusters,DiffDock-Pocket,0,7tom_5ad,False,False,True,True,7tom
posebusters,DiffDock-Pocket,0,7jxx_vp7,True,True,True,True,7jxx
posebusters,DiffDock-Pocket,0,7lmo_nyo,False,False,True,True,7lmo
posebusters,DiffDock-Pocket,0,7th4_ffo,False,False,True,True,7th4
posebusters,DiffDock-Pocket,0,7siu_9id,True,False,True,True,7siu
posebusters,DiffDock-Pocket,0,7x5n_5m5,False,False,True,True,7x5n
posebusters,DiffDock-Pocket,0,7tbu_s3p,False,False,True,True,7tbu
posebusters,DiffDock-Pocket,0,7zoc_t8e,True,True,True,True,7zoc
posebusters,DiffDock-Pocket,0,7ft9_4mb,False,False,False,False,7ft9
posebusters,DiffDock-Pocket,0,7ecr_sin,True,False,True,True,7ecr
posebusters,DiffDock-Pocket,0,6z2c_q5e,False,False,True,True,6z2c
posebusters,DiffDock-Pocket,0,7t3e_slb,False,False,True,True,7t3e
posebusters,DiffDock-Pocket,0,7omx_cna,False,False,True,True,7omx
posebusters,DiffDock-Pocket,0,7kb1_wbj,False,False,True,True,7kb1
posebusters,DiffDock-Pocket,0,7a9h_tpp,False,False,True,True,7a9h
posebusters,DiffDock-Pocket,0,8ho0_3zi,False,False,True,True,8ho0
posebusters,DiffDock-Pocket,0,7jhq_vaj,False,False,True,True,7jhq
posebusters,DiffDock-Pocket,0,7q27_8kc,True,False,True,True,7q27
posebusters,DiffDock-Pocket,0,7puv_84z,True,False,True,True,7puv
posebusters,DiffDock-Pocket,0,7pgx_fmn,True,False,False,False,7pgx
posebusters,DiffDock-Pocket,0,7ztl_bcn,False,False,True,True,7ztl
posebusters,DiffDock-Pocket,0,5sb2_1k2,True,True,True,True,5sb2
posebusters,DiffDock-Pocket,0,7uyb_ok0,True,True,True,True,7uyb
posebusters,DiffDock-Pocket,0,7pl1_sfg,True,True,True,True,7pl1
posebusters,DiffDock-Pocket,0,7nf3_4lu,False,False,True,True,7nf3
posebusters,DiffDock-Pocket,0,7tb0_ud1,True,False,False,False,7tb0
posebusters,DiffDock-Pocket,0,7suc_com,True,False,True,True,7suc
posebusters,DiffDock-Pocket,0,7loe_y84,False,False,True,True,7loe
posebusters,DiffDock-Pocket,0,7msr_dca,False,False,True,True,7msr
posebusters,DiffDock-Pocket,0,8d19_gsh,False,False,False,False,8d19
posebusters,DiffDock-Pocket,0,7te8_p0t,False,False,True,True,7te8
posebusters,DiffDock-Pocket,0,8bom_qu6,False,False,True,True,8bom
posebusters,DiffDock-Pocket,0,6yqw_82i,True,True,True,True,6yqw
posebusters,DiffDock-Pocket,0,7elt_tym,False,False,True,True,7elt
posebusters,DiffDock-Pocket,0,7rou_66i,True,False,True,True,7rou
posebusters,DiffDock-Pocket,0,7a9e_r4w,False,False,False,False,7a9e
posebusters,DiffDock-Pocket,0,8a2d_kxy,False,False,False,False,8a2d
posebusters,DiffDock-Pocket,0,6yja_2ba,False,False,False,False,6yja
posebusters,DiffDock-Pocket,0,7nxo_uu8,False,False,True,True,7nxo
posebusters,DiffDock-Pocket,0,7q5i_i0f,False,False,True,True,7q5i
posebusters,DiffDock-Pocket,0,7dua_hj0,True,True,True,True,7dua
posebusters,DiffDock-Pocket,0,7xbv_apc,False,False,True,True,7xbv
posebusters,DiffDock-Pocket,0,7wkl_caq,False,False,True,True,7wkl
posebusters,DiffDock-Pocket,0,7ed2_a3p,False,False,True,True,7ed2
posebusters,DiffDock-Pocket,0,7rsv_7iq,True,True,True,True,7rsv
posebusters,DiffDock-Pocket,0,7fb7_8nf,True,True,True,True,7fb7
posebusters,DiffDock-Pocket,0,7mwu_zpm,False,False,True,True,7mwu
posebusters,DiffDock-Pocket,0,7mgy_zd1,False,False,True,True,7mgy
posebusters,DiffDock-Pocket,0,7wjb_bgc,False,False,True,True,7wjb
posebusters,DiffDock-Pocket,0,6z14_q4z,True,True,True,True,6z14
posebusters,DiffDock-Pocket,0,7z1q_nio,True,True,True,True,7z1q
posebusters,DiffDock-Pocket,0,8c3n_adp,False,False,True,True,8c3n
posebusters,DiffDock-Pocket,0,7dql_4cl,False,False,True,True,7dql
posebusters,DiffDock-Pocket,0,7km8_wpd,True,False,True,True,7km8
posebusters,DiffDock-Pocket,0,6zcy_qf8,True,True,True,True,6zcy
posebusters,DiffDock-Pocket,0,7a1p_qw2,True,False,True,True,7a1p
posebusters,DiffDock-Pocket,0,7f8t_fad,False,False,False,False,7f8t
posebusters,DiffDock-Pocket,0,7k0v_vqp,True,False,True,True,7k0v
posebusters,DiffDock-Pocket,0,7w06_itn,False,False,True,True,7w06
posebusters,DiffDock-Pocket,0,6yrv_pj8,True,False,True,True,6yrv
posebusters,DiffDock-Pocket,0,6zae_acv,False,False,True,True,6zae
posebusters,DiffDock-Pocket,0,8dp2_uma,False,False,False,False,8dp2
posebusters,DiffDock-Pocket,0,7ngw_uaw,True,True,True,True,7ngw
posebusters,DiffDock-Pocket,0,7lt0_onj,True,True,True,True,7lt0
posebusters,DiffDock-Pocket,0,8dhg_t78,False,False,False,False,8dhg
posebusters,DiffDock-Pocket,0,7r7r_awj,True,True,True,True,7r7r
posebusters,DiffDock-Pocket,0,7p5t_5yg,False,False,True,True,7p5t
posebusters,DiffDock-Pocket,0,7uxs_ojc,False,False,False,False,7uxs
posebusters,DiffDock-Pocket,0,8ap0_prp,True,False,False,False,8ap0
posebusters,DiffDock-Pocket,0,6yt6_pke,False,False,True,True,6yt6
posebusters,DiffDock-Pocket,0,7qgp_dj8,True,False,True,True,7qgp
posebusters,DiffDock-Pocket,0,5sis_jsm,False,False,True,True,5sis
posebusters,DiffDock-Pocket,0,7typ_kur,False,False,True,True,7typ
posebusters,DiffDock-Pocket,0,7opg_06n,False,False,True,True,7opg
posebusters,DiffDock-Pocket,0,7rc3_sah,True,True,True,True,7rc3
posebusters,DiffDock-Pocket,0,7ody_dgi,False,False,True,True,7ody
posebusters,DiffDock-Pocket,0,7qpp_vdx,True,False,True,False,7qpp
posebusters,DiffDock-Pocket,0,7nut_glp,False,False,True,True,7nut
posebusters,DiffDock-Pocket,0,7cuo_phb,False,False,True,True,7cuo
posebusters,DiffDock-Pocket,0,7uy4_smi,False,False,True,True,7uy4
posebusters,DiffDock-Pocket,0,6zc3_jor,False,False,True,True,6zc3
posebusters,DiffDock-Pocket,0,8g0v_yht,False,False,True,True,8g0v
posebusters,DiffDock-Pocket,0,7tuo_kl9,False,False,True,True,7tuo
posebusters,DiffDock-Pocket,0,7mmh_zjy,True,False,True,True,7mmh
posebusters,DiffDock-Pocket,0,7zl5_iwe,True,False,True,True,7zl5
posebusters,DiffDock-Pocket,0,7cns_pmv,False,False,True,True,7cns
posebusters,DiffDock-Pocket,0,6ysp_pal,False,False,True,True,6ysp
posebusters,DiffDock-Pocket,0,7zf0_dhr,True,False,True,True,7zf0
posebusters,DiffDock-Pocket,0,7kz9_xn7,True,False,True,True,7kz9
posebusters,DiffDock-Pocket,0,7d6o_mte,False,False,True,True,7d6o
posebusters,DiffDock-Pocket,0,7npl_ukz,False,False,True,True,7npl
posebusters,DiffDock-Pocket,0,7l00_xcj,False,False,True,True,7l00
posebusters,DiffDock-Pocket,0,7rni_60i,False,False,False,False,7rni
posebusters,DiffDock-Pocket,0,7wpw_f15,False,False,False,False,7wpw
posebusters,DiffDock-Pocket,0,7v3s_5i9,False,False,True,True,7v3s
posebusters,DiffDock-Pocket,0,7jg0_gar,False,False,True,True,7jg0
posebusters,DiffDock-Pocket,0,8aie_m7l,False,False,False,False,8aie
posebusters,DiffDock-Pocket,0,6yqv_8k2,True,True,True,True,6yqv
posebusters,DiffDock-Pocket,0,7oli_8hg,False,False,True,True,7oli
posebusters,DiffDock-Pocket,0,7rzl_npo,False,False,True,True,7rzl
posebusters,DiffDock-Pocket,0,7rkw_5tv,True,False,True,True,7rkw
posebusters,DiffDock-Pocket,0,7qhl_d5p,True,True,True,True,7qhl
posebusters,DiffDock-Pocket,0,7p1m_4iu,True,False,True,True,7p1m
posebusters,DiffDock-Pocket,0,7qfm_ay3,False,False,True,True,7qfm
posebusters,DiffDock-Pocket,0,7cl8_tes,False,False,True,True,7cl8
posebusters,DiffDock-Pocket,0,7lzd_yhy,False,False,True,True,7lzd
posebusters,DiffDock-Pocket,0,7mfp_z7p,False,False,False,False,7mfp
posebusters,DiffDock-Pocket,0,7b94_anp,True,False,False,False,7b94
posebusters,DiffDock-Pocket,0,7pjq_owh,False,False,True,True,7pjq
posebusters,DiffDock-Pocket,0,7l03_f9f,False,False,True,True,7l03
posebusters,DiffDock-Pocket,0,6xg5_top,True,True,True,True,6xg5
posebusters,DiffDock-Pocket,0,8b8h_ojq,False,False,True,True,8b8h
posebusters,DiffDock-Pocket,0,7f51_ba7,True,False,True,True,7f51
posebusters,DiffDock-Pocket,0,7uas_mbu,False,False,True,True,7uas
posebusters,DiffDock-Pocket,0,7uj4_oq4,False,False,True,True,7uj4
posebusters,DiffDock-Pocket,0,7prm_81i,False,False,True,True,7prm
posebusters,DiffDock-Pocket,0,7bjj_tvw,True,True,False,False,7bjj
posebusters,DiffDock-Pocket,0,7wcf_acp,False,False,True,True,7wcf
posebusters,DiffDock-Pocket,0,8csd_c5p,False,False,True,True,8csd
posebusters,DiffDock-Pocket,0,7xpo_upg,False,False,False,False,7xpo
posebusters,DiffDock-Pocket,0,8eye_x4i,False,False,False,False,8eye
posebusters,DiffDock-Pocket,0,7ctm_bdp,False,False,True,True,7ctm
posebusters,DiffDock-Pocket,0,6xm9_v55,False,False,True,True,6xm9
posebusters,DiffDock-Pocket,0,8fav_4y5,False,False,True,True,8fav
posebusters,DiffDock-Pocket,0,6wtn_rxt,True,True,True,True,6wtn
posebusters,DiffDock-Pocket,0,5sak_zry,True,True,False,False,5sak
posebusters,DiffDock-Pocket,0,7p4c_5ov,False,False,True,True,7p4c
posebusters,DiffDock-Pocket,0,7epv_fda,False,False,True,True,7epv
posebusters,DiffDock-Pocket,0,7q2b_m6h,False,False,True,True,7q2b
posebusters,DiffDock-Pocket,0,6z1c_7ey,True,False,True,True,6z1c
posebusters,DiffDock-Pocket,0,7n4n_0bk,False,False,True,True,7n4n
posebusters,DiffDock-Pocket,0,7n7h_ctp,False,False,True,True,7n7h
posebusters,DiffDock-Pocket,0,7lev_0jo,False,False,True,True,7lev
posebusters,DiffDock-Pocket,0,7m31_tdr,False,False,True,True,7m31
posebusters,DiffDock-Pocket,0,7xjn_nsd,True,False,True,True,7xjn
posebusters,DiffDock-Pocket,0,7ush_82v,True,True,True,True,7ush
posebusters,DiffDock-Pocket,0,7thi_pga,False,False,True,True,7thi
posebusters,DiffDock-Pocket,0,7xfa_d9j,False,False,True,True,7xfa
posebusters,DiffDock-Pocket,0,7yzu_do7,True,False,True,True,7yzu
posebusters,DiffDock-Pocket,0,7oso_0v1,False,False,False,False,7oso
posebusters,DiffDock-Pocket,0,7wdt_ngs,False,False,False,False,7wdt
posebusters,DiffDock-Pocket,0,7uq3_o2u,True,False,True,True,7uq3
posebusters,DiffDock-Pocket,0,6m73_fnr,False,False,True,True,6m73
posebusters,DiffDock-Pocket,0,8aem_lvf,False,False,True,True,8aem
posebusters,DiffDock-Pocket,0,7kc5_bjz,False,False,True,True,7kc5
posebusters,DiffDock-Pocket,0,7o1t_5x8,False,False,True,True,7o1t
posebusters,DiffDock-Pocket,0,7lcu_xta,False,False,True,True,7lcu
posebusters,DiffDock-Pocket,0,7pih_7qw,False,False,False,False,7pih
posebusters,DiffDock-Pocket,0,7r59_i5f,True,True,True,True,7r59
posebusters,DiffDock-Pocket,0,7my1_ipe,False,False,False,False,7my1
posebusters,DiffDock-Pocket,0,8auh_l9i,False,False,True,False,8auh
posebusters,DiffDock-Pocket,0,7vq9_isy,False,False,True,True,7vq9
posebusters,DiffDock-Pocket,0,6z0r_q4h,False,False,True,True,6z0r
posebusters,DiffDock-Pocket,0,7mwn_wi5,False,False,False,False,7mwn
posebusters,DiffDock-Pocket,0,8hfn_xgc,False,False,True,True,8hfn
posebusters,DiffDock-Pocket,0,7kru_atp,True,False,True,True,7kru
posebusters,DiffDock-Pocket,0,7x9k_8og,False,False,True,True,7x9k
posebusters,DiffDock-Pocket,0,8a1h_dlz,False,False,True,True,8a1h
posebusters,DiffDock-Pocket,0,7fha_adx,False,False,True,True,7fha
posebusters,DiffDock-Pocket,0,7zcc_oga,True,True,True,True,7zcc
posebusters,DiffDock-Pocket,0,7oz9_ngk,False,False,True,True,7oz9
posebusters,DiffDock-Pocket,0,7off_vcb,True,False,True,True,7off
posebusters,DiffDock-Pocket,0,8dko_tfb,False,False,True,True,8dko
posebusters,DiffDock-Pocket,0,7vkz_noj,False,False,False,False,7vkz
posebusters,DiffDock-Pocket,0,7afx_r9k,True,True,True,True,7afx
posebusters,DiffDock-Pocket,0,7uaw_mf6,False,False,True,True,7uaw
posebusters,DiffDock-Pocket,0,7xqz_fpf,False,False,True,True,7xqz
posebusters,DiffDock-Pocket,0,6zk5_imh,False,False,False,False,6zk5
posebusters,DiffDock-Pocket,0,7q25_8j9,True,False,False,False,7q25
posebusters,DiffDock-Pocket,0,7nsw_hc4,False,False,True,True,7nsw
posebusters,DiffDock-Pocket,0,6z4n_q7b,False,False,True,True,6z4n
posebusters,DiffDock-Pocket,1,7cnq_g8x,False,False,True,True,7cnq
posebusters,DiffDock-Pocket,1,6yms_ozh,False,False,False,False,6yms
posebusters,DiffDock-Pocket,1,7t0d_fpp,False,False,False,False,7t0d
posebusters,DiffDock-Pocket,1,6xht_v2v,False,False,True,True,6xht
posebusters,DiffDock-Pocket,1,7an5_rdh,False,False,True,True,7an5
posebusters,DiffDock-Pocket,1,8c5m_mta,False,False,True,True,8c5m
posebusters,DiffDock-Pocket,1,6vta_akn,False,False,False,False,6vta
posebusters,DiffDock-Pocket,1,7p1f_kfn,False,False,True,True,7p1f
posebusters,DiffDock-Pocket,1,7l5f_xng,False,False,True,True,7l5f
posebusters,DiffDock-Pocket,1,8exl_799,True,False,True,True,8exl
posebusters,DiffDock-Pocket,1,7utw_nai,True,False,True,False,7utw
posebusters,DiffDock-Pocket,1,7nfb_gen,True,True,True,True,7nfb
posebusters,DiffDock-Pocket,1,7nu0_dcl,False,False,True,True,7nu0
posebusters,DiffDock-Pocket,1,7btt_f8r,True,True,True,True,7btt
posebusters,DiffDock-Pocket,1,6tw5_9m2,False,False,True,True,6tw5
posebusters,DiffDock-Pocket,1,7txk_lw8,False,False,True,True,7txk
posebusters,DiffDock-Pocket,1,7wy1_d0l,False,False,True,True,7wy1
posebusters,DiffDock-Pocket,1,6t88_mwq,True,False,True,True,6t88
posebusters,DiffDock-Pocket,1,7ror_69x,False,False,True,True,7ror
posebusters,DiffDock-Pocket,1,7t1d_e7k,False,False,True,True,7t1d
posebusters,DiffDock-Pocket,1,7w05_gmp,False,False,True,True,7w05
posebusters,DiffDock-Pocket,1,7b2c_tp7,False,False,True,False,7b2c
posebusters,DiffDock-Pocket,1,8g6p_api,True,False,True,True,8g6p
posebusters,DiffDock-Pocket,1,6zpb_3d1,False,False,True,True,6zpb
posebusters,DiffDock-Pocket,1,7rws_4ur,False,False,False,False,7rws
posebusters,DiffDock-Pocket,1,7wl4_jfu,True,True,True,True,7wl4
posebusters,DiffDock-Pocket,1,7c0u_fgo,False,False,False,False,7c0u
posebusters,DiffDock-Pocket,1,7pk0_byc,False,False,False,False,7pk0
posebusters,DiffDock-Pocket,1,7xi7_4ri,True,False,True,True,7xi7
posebusters,DiffDock-Pocket,1,8ex2_q2q,True,True,True,True,8ex2
posebusters,DiffDock-Pocket,1,7jy3_vud,False,False,False,False,7jy3
posebusters,DiffDock-Pocket,1,7n03_zrp,False,False,True,True,7n03
posebusters,DiffDock-Pocket,1,7v43_c4o,True,False,False,False,7v43
posebusters,DiffDock-Pocket,1,7vb8_stl,True,False,False,False,7vb8
posebusters,DiffDock-Pocket,1,8dsc_nca,False,False,True,True,8dsc
posebusters,DiffDock-Pocket,1,7z7f_if3,True,False,True,True,7z7f
posebusters,DiffDock-Pocket,1,7bka_4jc,False,False,True,True,7bka
posebusters,DiffDock-Pocket,1,7dkt_glf,False,False,False,False,7dkt
posebusters,DiffDock-Pocket,1,7qf4_rbf,True,False,True,True,7qf4
posebusters,DiffDock-Pocket,1,7qhg_t3b,False,False,True,True,7qhg
posebusters,DiffDock-Pocket,1,7vwf_k55,False,False,True,True,7vwf
posebusters,DiffDock-Pocket,1,7zhp_iqy,True,True,True,True,7zhp
posebusters,DiffDock-Pocket,1,7es1_udp,False,False,True,True,7es1
posebusters,DiffDock-Pocket,1,7bcp_gco,False,False,True,True,7bcp
posebusters,DiffDock-Pocket,1,8ay3_oe3,False,False,False,False,8ay3
posebusters,DiffDock-Pocket,1,7r9n_f97,True,True,True,True,7r9n
posebusters,DiffDock-Pocket,1,7ujf_r3v,True,False,False,False,7ujf
posebusters,DiffDock-Pocket,1,7jmv_4nc,False,False,True,True,7jmv
posebusters,DiffDock-Pocket,1,7vc5_9sf,False,False,True,True,7vc5
posebusters,DiffDock-Pocket,1,7tsf_h4b,False,False,True,True,7tsf
posebusters,DiffDock-Pocket,1,7vbu_6i4,True,True,True,True,7vbu
posebusters,DiffDock-Pocket,1,8slg_g5a,True,False,True,True,8slg
posebusters,DiffDock-Pocket,1,7ebg_j0l,True,True,True,True,7ebg
posebusters,DiffDock-Pocket,1,8cnh_v6u,False,False,True,True,8cnh
posebusters,DiffDock-Pocket,1,7pri_7ti,False,False,False,False,7pri
posebusters,DiffDock-Pocket,1,7lou_ifm,False,False,True,True,7lou
posebusters,DiffDock-Pocket,1,7d5c_gv6,False,False,True,True,7d5c
posebusters,DiffDock-Pocket,1,7u0u_fk5,False,False,False,False,7u0u
posebusters,DiffDock-Pocket,1,6m2b_ezo,False,False,True,True,6m2b
posebusters,DiffDock-Pocket,1,6yr2_t1c,True,False,True,True,6yr2
posebusters,DiffDock-Pocket,1,7zdy_6mj,True,True,True,True,7zdy
posebusters,DiffDock-Pocket,1,7xg5_plp,False,False,True,True,7xg5
posebusters,DiffDock-Pocket,1,5sd5_hwi,True,False,True,True,5sd5
posebusters,DiffDock-Pocket,1,7r3d_apr,False,False,True,True,7r3d
posebusters,DiffDock-Pocket,1,7z2o_iaj,False,False,True,True,7z2o
posebusters,DiffDock-Pocket,1,7n6f_0i1,False,False,True,True,7n6f
posebusters,DiffDock-Pocket,1,7sza_dui,False,False,True,True,7sza
posebusters,DiffDock-Pocket,1,8aql_plg,False,False,True,True,8aql
posebusters,DiffDock-Pocket,1,6xct_478,True,True,True,False,6xct
posebusters,DiffDock-Pocket,1,7nf0_byn,False,False,True,True,7nf0
posebusters,DiffDock-Pocket,1,7c8q_dsg,False,False,True,True,7c8q
posebusters,DiffDock-Pocket,1,7mgt_zd4,True,False,True,True,7mgt
posebusters,DiffDock-Pocket,1,8d39_qdb,True,False,True,True,8d39
posebusters,DiffDock-Pocket,1,7bnh_bez,True,False,True,True,7bnh
posebusters,DiffDock-Pocket,1,7zzw_kkw,False,False,False,False,7zzw
posebusters,DiffDock-Pocket,1,7ljn_gtp,False,False,False,False,7ljn
posebusters,DiffDock-Pocket,1,7qta_uri,False,False,True,True,7qta
posebusters,DiffDock-Pocket,1,7l7c_xq1,False,False,True,True,7l7c
posebusters,DiffDock-Pocket,1,7wuy_76n,False,False,False,False,7wuy
posebusters,DiffDock-Pocket,1,7m6k_yrj,False,False,False,False,7m6k
posebusters,DiffDock-Pocket,1,8flv_zb9,False,False,True,True,8flv
posebusters,DiffDock-Pocket,1,6xbo_5mc,False,False,True,True,6xbo
posebusters,DiffDock-Pocket,1,7wux_6oi,False,False,True,True,7wux
posebusters,DiffDock-Pocket,1,7ofk_vch,True,False,True,True,7ofk
posebusters,DiffDock-Pocket,1,7op9_06k,False,False,False,False,7op9
posebusters,DiffDock-Pocket,1,7cij_g0c,False,False,True,True,7cij
posebusters,DiffDock-Pocket,1,7akl_rk5,True,True,True,True,7akl
posebusters,DiffDock-Pocket,1,7p2i_mfu,True,False,False,False,7p2i
posebusters,DiffDock-Pocket,1,7scw_gsp,True,True,True,True,7scw
posebusters,DiffDock-Pocket,1,6yyo_q1k,True,False,True,True,6yyo
posebusters,DiffDock-Pocket,1,7o0n_cdp,True,False,False,False,7o0n
posebusters,DiffDock-Pocket,1,8aau_lh0,True,True,True,True,8aau
posebusters,DiffDock-Pocket,1,7pom_7vz,True,True,True,True,7pom
posebusters,DiffDock-Pocket,1,7zxv_45d,False,False,False,False,7zxv
posebusters,DiffDock-Pocket,1,7v3n_akg,True,True,False,False,7v3n
posebusters,DiffDock-Pocket,1,7qe4_nga,True,True,True,True,7qe4
posebusters,DiffDock-Pocket,1,7xrl_fwk,False,False,False,False,7xrl
posebusters,DiffDock-Pocket,1,7myu_zr7,False,False,True,True,7myu
posebusters,DiffDock-Pocket,1,7f5d_euo,False,False,True,True,7f5d
posebusters,DiffDock-Pocket,1,8fo5_y4u,False,False,True,True,8fo5
posebusters,DiffDock-Pocket,1,7r6j_2i7,False,False,False,False,7r6j
posebusters,DiffDock-Pocket,1,7e4l_mdn,True,True,True,True,7e4l
posebusters,DiffDock-Pocket,1,7wqq_5z6,True,True,True,True,7wqq
posebusters,DiffDock-Pocket,1,7nlv_uje,True,False,True,True,7nlv
posebusters,DiffDock-Pocket,1,7pt3_3kk,False,False,False,False,7pt3
posebusters,DiffDock-Pocket,1,7sfo_98l,False,False,True,True,7sfo
posebusters,DiffDock-Pocket,1,7n4w_p4v,False,False,True,True,7n4w
posebusters,DiffDock-Pocket,1,6tw7_nzb,False,False,True,True,6tw7
posebusters,DiffDock-Pocket,1,8f8e_xji,False,False,True,True,8f8e
posebusters,DiffDock-Pocket,1,7ulc_56b,False,False,True,True,7ulc
posebusters,DiffDock-Pocket,1,7uj5_dgl,True,False,True,True,7uj5
posebusters,DiffDock-Pocket,1,7umw_nad,False,False,True,True,7umw
posebusters,DiffDock-Pocket,1,7np6_uk8,False,False,True,True,7np6
posebusters,DiffDock-Pocket,1,7moi_hps,False,False,True,True,7moi
posebusters,DiffDock-Pocket,1,7sdd_4ip,False,False,False,False,7sdd
posebusters,DiffDock-Pocket,1,7v14_oru,True,True,True,True,7v14
posebusters,DiffDock-Pocket,1,7frx_o88,False,False,True,True,7frx
posebusters,DiffDock-Pocket,1,8gfd_zhr,False,False,True,True,8gfd
posebusters,DiffDock-Pocket,1,7kqu_yof,False,False,True,True,7kqu
posebusters,DiffDock-Pocket,1,8bti_rfo,True,True,False,False,8bti
posebusters,DiffDock-Pocket,1,7tm6_gpj,False,False,True,True,7tm6
posebusters,DiffDock-Pocket,1,7m3h_ypv,False,False,True,True,7m3h
posebusters,DiffDock-Pocket,1,7cd9_fvr,False,False,True,True,7cd9
posebusters,DiffDock-Pocket,1,7rh3_59o,False,False,False,False,7rh3
posebusters,DiffDock-Pocket,1,7bmi_u4b,True,False,True,True,7bmi
posebusters,DiffDock-Pocket,1,7zu2_dht,True,False,True,True,7zu2
posebusters,DiffDock-Pocket,1,7nr8_uoe,False,False,True,True,7nr8
posebusters,DiffDock-Pocket,1,7n7b_t3f,False,False,True,True,7n7b
posebusters,DiffDock-Pocket,1,8d5d_5dk,False,False,True,True,8d5d
posebusters,DiffDock-Pocket,1,7vyj_ca0,False,False,False,False,7vyj
posebusters,DiffDock-Pocket,1,7c3u_azg,False,False,False,False,7c3u
posebusters,DiffDock-Pocket,1,8eab_vn2,False,False,False,False,8eab
posebusters,DiffDock-Pocket,1,7oeo_v9z,False,False,True,True,7oeo
posebusters,DiffDock-Pocket,1,7u3j_l6u,False,False,False,False,7u3j
posebusters,DiffDock-Pocket,1,8f4j_pho,False,False,False,False,8f4j
posebusters,DiffDock-Pocket,1,7ts6_kmi,False,False,True,True,7ts6
posebusters,DiffDock-Pocket,1,7ozc_g6s,True,False,True,True,7ozc
posebusters,DiffDock-Pocket,1,7tom_5ad,False,False,True,True,7tom
posebusters,DiffDock-Pocket,1,7jxx_vp7,True,True,True,True,7jxx
posebusters,DiffDock-Pocket,1,7lmo_nyo,False,False,True,True,7lmo
posebusters,DiffDock-Pocket,1,7th4_ffo,False,False,False,False,7th4
posebusters,DiffDock-Pocket,1,7siu_9id,True,True,True,True,7siu
posebusters,DiffDock-Pocket,1,7x5n_5m5,False,False,True,True,7x5n
posebusters,DiffDock-Pocket,1,7tbu_s3p,False,False,True,True,7tbu
posebusters,DiffDock-Pocket,1,7zoc_t8e,True,True,True,True,7zoc
posebusters,DiffDock-Pocket,1,7ft9_4mb,False,False,False,False,7ft9
posebusters,DiffDock-Pocket,1,7ecr_sin,True,False,True,True,7ecr
posebusters,DiffDock-Pocket,1,6z2c_q5e,False,False,True,True,6z2c
posebusters,DiffDock-Pocket,1,7t3e_slb,False,False,True,True,7t3e
posebusters,DiffDock-Pocket,1,7omx_cna,False,False,True,True,7omx
posebusters,DiffDock-Pocket,1,7kb1_wbj,False,False,True,True,7kb1
posebusters,DiffDock-Pocket,1,7a9h_tpp,False,False,True,True,7a9h
posebusters,DiffDock-Pocket,1,8ho0_3zi,False,False,True,True,8ho0
posebusters,DiffDock-Pocket,1,7jhq_vaj,False,False,True,True,7jhq
posebusters,DiffDock-Pocket,1,7q27_8kc,True,False,False,False,7q27
posebusters,DiffDock-Pocket,1,7puv_84z,False,False,True,True,7puv
posebusters,DiffDock-Pocket,1,7pgx_fmn,False,False,False,False,7pgx
posebusters,DiffDock-Pocket,1,7ztl_bcn,False,False,False,False,7ztl
posebusters,DiffDock-Pocket,1,5sb2_1k2,True,False,True,True,5sb2
posebusters,DiffDock-Pocket,1,7uyb_ok0,True,False,True,True,7uyb
posebusters,DiffDock-Pocket,1,7pl1_sfg,True,True,True,True,7pl1
posebusters,DiffDock-Pocket,1,7nf3_4lu,False,False,True,True,7nf3
posebusters,DiffDock-Pocket,1,7tb0_ud1,True,False,False,False,7tb0
posebusters,DiffDock-Pocket,1,7suc_com,False,False,True,True,7suc
posebusters,DiffDock-Pocket,1,7loe_y84,False,False,True,True,7loe
posebusters,DiffDock-Pocket,1,7msr_dca,True,False,True,True,7msr
posebusters,DiffDock-Pocket,1,8d19_gsh,False,False,True,True,8d19
posebusters,DiffDock-Pocket,1,7te8_p0t,False,False,True,True,7te8
posebusters,DiffDock-Pocket,1,8bom_qu6,True,False,True,True,8bom
posebusters,DiffDock-Pocket,1,6yqw_82i,True,True,True,True,6yqw
posebusters,DiffDock-Pocket,1,7elt_tym,False,False,True,True,7elt
posebusters,DiffDock-Pocket,1,7rou_66i,False,False,True,True,7rou
posebusters,DiffDock-Pocket,1,7a9e_r4w,False,False,False,False,7a9e
posebusters,DiffDock-Pocket,1,8a2d_kxy,False,False,False,False,8a2d
posebusters,DiffDock-Pocket,1,6yja_2ba,False,False,False,False,6yja
posebusters,DiffDock-Pocket,1,7nxo_uu8,False,False,True,True,7nxo
posebusters,DiffDock-Pocket,1,7q5i_i0f,False,False,True,True,7q5i
posebusters,DiffDock-Pocket,1,7dua_hj0,True,True,True,True,7dua
posebusters,DiffDock-Pocket,1,7xbv_apc,False,False,True,True,7xbv
posebusters,DiffDock-Pocket,1,7wkl_caq,False,False,True,True,7wkl
posebusters,DiffDock-Pocket,1,7ed2_a3p,False,False,True,True,7ed2
posebusters,DiffDock-Pocket,1,7rsv_7iq,True,False,True,True,7rsv
posebusters,DiffDock-Pocket,1,7fb7_8nf,True,True,True,True,7fb7
posebusters,DiffDock-Pocket,1,7mwu_zpm,False,False,True,True,7mwu
posebusters,DiffDock-Pocket,1,7mgy_zd1,False,False,True,True,7mgy
posebusters,DiffDock-Pocket,1,7wjb_bgc,False,False,True,True,7wjb
posebusters,DiffDock-Pocket,1,6z14_q4z,True,True,True,True,6z14
posebusters,DiffDock-Pocket,1,7z1q_nio,True,True,True,True,7z1q
posebusters,DiffDock-Pocket,1,8c3n_adp,False,False,True,True,8c3n
posebusters,DiffDock-Pocket,1,7dql_4cl,False,False,True,True,7dql
posebusters,DiffDock-Pocket,1,7km8_wpd,True,True,True,True,7km8
posebusters,DiffDock-Pocket,1,6zcy_qf8,True,True,True,True,6zcy
posebusters,DiffDock-Pocket,1,7a1p_qw2,True,False,True,True,7a1p
posebusters,DiffDock-Pocket,1,7f8t_fad,False,False,False,False,7f8t
posebusters,DiffDock-Pocket,1,7k0v_vqp,True,False,True,True,7k0v
posebusters,DiffDock-Pocket,1,7w06_itn,False,False,True,True,7w06
posebusters,DiffDock-Pocket,1,6yrv_pj8,True,True,True,True,6yrv
posebusters,DiffDock-Pocket,1,6zae_acv,False,False,True,True,6zae
posebusters,DiffDock-Pocket,1,8dp2_uma,False,False,False,False,8dp2
posebusters,DiffDock-Pocket,1,7ngw_uaw,False,False,True,True,7ngw
posebusters,DiffDock-Pocket,1,7lt0_onj,False,False,True,True,7lt0
posebusters,DiffDock-Pocket,1,8dhg_t78,False,False,True,True,8dhg
posebusters,DiffDock-Pocket,1,7r7r_awj,True,True,True,True,7r7r
posebusters,DiffDock-Pocket,1,7p5t_5yg,False,False,True,True,7p5t
posebusters,DiffDock-Pocket,1,7uxs_ojc,False,False,False,False,7uxs
posebusters,DiffDock-Pocket,1,8ap0_prp,False,False,False,False,8ap0
posebusters,DiffDock-Pocket,1,6yt6_pke,False,False,True,True,6yt6
posebusters,DiffDock-Pocket,1,7qgp_dj8,False,False,True,True,7qgp
posebusters,DiffDock-Pocket,1,5sis_jsm,True,True,True,True,5sis
posebusters,DiffDock-Pocket,1,7typ_kur,False,False,True,True,7typ
posebusters,DiffDock-Pocket,1,7opg_06n,False,False,True,True,7opg
posebusters,DiffDock-Pocket,1,7rc3_sah,True,True,True,True,7rc3
posebusters,DiffDock-Pocket,1,7ody_dgi,False,False,True,True,7ody
posebusters,DiffDock-Pocket,1,7qpp_vdx,True,True,True,False,7qpp
posebusters,DiffDock-Pocket,1,7nut_glp,False,False,True,True,7nut
posebusters,DiffDock-Pocket,1,7cuo_phb,False,False,True,True,7cuo
posebusters,DiffDock-Pocket,1,7uy4_smi,False,False,False,False,7uy4
posebusters,DiffDock-Pocket,1,6zc3_jor,False,False,True,True,6zc3
posebusters,DiffDock-Pocket,1,8g0v_yht,False,False,True,True,8g0v
posebusters,DiffDock-Pocket,1,7tuo_kl9,False,False,True,True,7tuo
posebusters,DiffDock-Pocket,1,7mmh_zjy,True,True,True,True,7mmh
posebusters,DiffDock-Pocket,1,7zl5_iwe,True,True,True,True,7zl5
posebusters,DiffDock-Pocket,1,7cns_pmv,False,False,True,True,7cns
posebusters,DiffDock-Pocket,1,6ysp_pal,True,False,True,True,6ysp
posebusters,DiffDock-Pocket,1,7zf0_dhr,True,False,True,True,7zf0
posebusters,DiffDock-Pocket,1,7kz9_xn7,False,False,True,True,7kz9
posebusters,DiffDock-Pocket,1,7d6o_mte,False,False,True,True,7d6o
posebusters,DiffDock-Pocket,1,7npl_ukz,False,False,True,True,7npl
posebusters,DiffDock-Pocket,1,7l00_xcj,False,False,True,True,7l00
posebusters,DiffDock-Pocket,1,7rni_60i,False,False,False,False,7rni
posebusters,DiffDock-Pocket,1,7wpw_f15,False,False,True,True,7wpw
posebusters,DiffDock-Pocket,1,7v3s_5i9,False,False,True,True,7v3s
posebusters,DiffDock-Pocket,1,7jg0_gar,False,False,False,False,7jg0
posebusters,DiffDock-Pocket,1,8aie_m7l,False,False,False,False,8aie
posebusters,DiffDock-Pocket,1,6yqv_8k2,True,True,True,True,6yqv
posebusters,DiffDock-Pocket,1,7oli_8hg,False,False,True,True,7oli
posebusters,DiffDock-Pocket,1,7rzl_npo,False,False,True,True,7rzl
posebusters,DiffDock-Pocket,1,7rkw_5tv,True,False,True,True,7rkw
posebusters,DiffDock-Pocket,1,7qhl_d5p,True,True,True,True,7qhl
posebusters,DiffDock-Pocket,1,7p1m_4iu,True,True,True,True,7p1m
posebusters,DiffDock-Pocket,1,7qfm_ay3,False,False,True,True,7qfm
posebusters,DiffDock-Pocket,1,7cl8_tes,False,False,True,True,7cl8
posebusters,DiffDock-Pocket,1,7lzd_yhy,False,False,True,True,7lzd
posebusters,DiffDock-Pocket,1,7mfp_z7p,False,False,True,False,7mfp
posebusters,DiffDock-Pocket,1,7b94_anp,True,False,True,True,7b94
posebusters,DiffDock-Pocket,1,7pjq_owh,False,False,True,True,7pjq
posebusters,DiffDock-Pocket,1,7l03_f9f,True,False,True,True,7l03
posebusters,DiffDock-Pocket,1,6xg5_top,True,True,True,True,6xg5
posebusters,DiffDock-Pocket,1,8b8h_ojq,False,False,True,True,8b8h
posebusters,DiffDock-Pocket,1,7f51_ba7,True,False,True,True,7f51
posebusters,DiffDock-Pocket,1,7uas_mbu,False,False,True,True,7uas
posebusters,DiffDock-Pocket,1,7uj4_oq4,False,False,True,True,7uj4
posebusters,DiffDock-Pocket,1,7prm_81i,False,False,True,True,7prm
posebusters,DiffDock-Pocket,1,7bjj_tvw,True,True,False,False,7bjj
posebusters,DiffDock-Pocket,1,7wcf_acp,False,False,False,False,7wcf
posebusters,DiffDock-Pocket,1,8csd_c5p,False,False,True,True,8csd
posebusters,DiffDock-Pocket,1,7xpo_upg,False,False,False,False,7xpo
posebusters,DiffDock-Pocket,1,8eye_x4i,False,False,True,True,8eye
posebusters,DiffDock-Pocket,1,7ctm_bdp,False,False,True,True,7ctm
posebusters,DiffDock-Pocket,1,6xm9_v55,False,False,True,True,6xm9
posebusters,DiffDock-Pocket,1,8fav_4y5,False,False,True,True,8fav
posebusters,DiffDock-Pocket,1,6wtn_rxt,True,True,True,True,6wtn
posebusters,DiffDock-Pocket,1,5sak_zry,True,True,False,False,5sak
posebusters,DiffDock-Pocket,1,7p4c_5ov,False,False,True,True,7p4c
posebusters,DiffDock-Pocket,1,7epv_fda,False,False,True,True,7epv
posebusters,DiffDock-Pocket,1,7q2b_m6h,False,False,True,True,7q2b
posebusters,DiffDock-Pocket,1,6z1c_7ey,True,True,True,True,6z1c
posebusters,DiffDock-Pocket,1,7n4n_0bk,False,False,True,True,7n4n
posebusters,DiffDock-Pocket,1,7n7h_ctp,False,False,True,True,7n7h
posebusters,DiffDock-Pocket,1,7lev_0jo,False,False,True,True,7lev
posebusters,DiffDock-Pocket,1,7m31_tdr,False,False,True,True,7m31
posebusters,DiffDock-Pocket,1,7xjn_nsd,True,False,True,True,7xjn
posebusters,DiffDock-Pocket,1,7ush_82v,True,True,True,True,7ush
posebusters,DiffDock-Pocket,1,7thi_pga,False,False,True,True,7thi
posebusters,DiffDock-Pocket,1,7xfa_d9j,False,False,True,True,7xfa
posebusters,DiffDock-Pocket,1,7yzu_do7,True,False,True,False,7yzu
posebusters,DiffDock-Pocket,1,7oso_0v1,False,False,False,False,7oso
posebusters,DiffDock-Pocket,1,7wdt_ngs,False,False,True,True,7wdt
posebusters,DiffDock-Pocket,1,7uq3_o2u,True,False,True,True,7uq3
posebusters,DiffDock-Pocket,1,6m73_fnr,True,False,True,True,6m73
posebusters,DiffDock-Pocket,1,8aem_lvf,False,False,True,True,8aem
posebusters,DiffDock-Pocket,1,7kc5_bjz,False,False,True,True,7kc5
posebusters,DiffDock-Pocket,1,7o1t_5x8,False,False,True,True,7o1t
posebusters,DiffDock-Pocket,1,7lcu_xta,False,False,True,True,7lcu
posebusters,DiffDock-Pocket,1,7pih_7qw,False,False,True,False,7pih
posebusters,DiffDock-Pocket,1,7r59_i5f,True,True,True,True,7r59
posebusters,DiffDock-Pocket,1,7my1_ipe,False,False,True,True,7my1
posebusters,DiffDock-Pocket,1,8auh_l9i,False,False,True,False,8auh
posebusters,DiffDock-Pocket,1,7vq9_isy,False,False,True,True,7vq9
posebusters,DiffDock-Pocket,1,6z0r_q4h,False,False,True,True,6z0r
posebusters,DiffDock-Pocket,1,7mwn_wi5,False,False,False,False,7mwn
posebusters,DiffDock-Pocket,1,8hfn_xgc,False,False,True,True,8hfn
posebusters,DiffDock-Pocket,1,7kru_atp,True,False,True,True,7kru
posebusters,DiffDock-Pocket,1,7x9k_8og,False,False,True,True,7x9k
posebusters,DiffDock-Pocket,1,8a1h_dlz,False,False,True,True,8a1h
posebusters,DiffDock-Pocket,1,7fha_adx,False,False,True,True,7fha
posebusters,DiffDock-Pocket,1,7zcc_oga,True,False,True,True,7zcc
posebusters,DiffDock-Pocket,1,7oz9_ngk,False,False,True,True,7oz9
posebusters,DiffDock-Pocket,1,7off_vcb,False,False,True,True,7off
posebusters,DiffDock-Pocket,1,8dko_tfb,False,False,True,True,8dko
posebusters,DiffDock-Pocket,1,7vkz_noj,False,False,False,False,7vkz
posebusters,DiffDock-Pocket,1,7afx_r9k,False,False,True,True,7afx
posebusters,DiffDock-Pocket,1,7uaw_mf6,False,False,True,True,7uaw
posebusters,DiffDock-Pocket,1,7xqz_fpf,False,False,True,False,7xqz
posebusters,DiffDock-Pocket,1,6zk5_imh,False,False,False,False,6zk5
posebusters,DiffDock-Pocket,1,7q25_8j9,True,False,False,False,7q25
posebusters,DiffDock-Pocket,1,7nsw_hc4,False,False,True,True,7nsw
posebusters,DiffDock-Pocket,1,6z4n_q7b,False,False,True,True,6z4n
posebusters,DiffDock-Pocket,2,7cnq_g8x,False,False,True,True,7cnq
posebusters,DiffDock-Pocket,2,6yms_ozh,False,False,False,False,6yms
posebusters,DiffDock-Pocket,2,7t0d_fpp,False,False,True,True,7t0d
posebusters,DiffDock-Pocket,2,6xht_v2v,False,False,True,True,6xht
posebusters,DiffDock-Pocket,2,7an5_rdh,False,False,True,True,7an5
posebusters,DiffDock-Pocket,2,8c5m_mta,False,False,True,True,8c5m
posebusters,DiffDock-Pocket,2,6vta_akn,False,False,False,False,6vta
posebusters,DiffDock-Pocket,2,7p1f_kfn,False,False,True,True,7p1f
posebusters,DiffDock-Pocket,2,7l5f_xng,False,False,True,True,7l5f
posebusters,DiffDock-Pocket,2,8exl_799,True,True,True,True,8exl
posebusters,DiffDock-Pocket,2,7utw_nai,True,False,True,False,7utw
posebusters,DiffDock-Pocket,2,7nfb_gen,True,True,True,True,7nfb
posebusters,DiffDock-Pocket,2,7nu0_dcl,False,False,True,True,7nu0
posebusters,DiffDock-Pocket,2,7btt_f8r,True,False,True,True,7btt
posebusters,DiffDock-Pocket,2,6tw5_9m2,False,False,True,True,6tw5
posebusters,DiffDock-Pocket,2,7txk_lw8,False,False,True,True,7txk
posebusters,DiffDock-Pocket,2,7wy1_d0l,False,False,True,True,7wy1
posebusters,DiffDock-Pocket,2,6t88_mwq,True,False,True,True,6t88
posebusters,DiffDock-Pocket,2,7ror_69x,False,False,True,True,7ror
posebusters,DiffDock-Pocket,2,7t1d_e7k,False,False,True,True,7t1d
posebusters,DiffDock-Pocket,2,7w05_gmp,False,False,True,True,7w05
posebusters,DiffDock-Pocket,2,7b2c_tp7,False,False,True,False,7b2c
posebusters,DiffDock-Pocket,2,8g6p_api,True,True,True,True,8g6p
posebusters,DiffDock-Pocket,2,6zpb_3d1,True,False,True,True,6zpb
posebusters,DiffDock-Pocket,2,7rws_4ur,False,False,False,False,7rws
posebusters,DiffDock-Pocket,2,7wl4_jfu,True,True,True,True,7wl4
posebusters,DiffDock-Pocket,2,7c0u_fgo,False,False,False,False,7c0u
posebusters,DiffDock-Pocket,2,7pk0_byc,False,False,False,False,7pk0
posebusters,DiffDock-Pocket,2,7xi7_4ri,True,False,True,True,7xi7
posebusters,DiffDock-Pocket,2,8ex2_q2q,True,False,True,True,8ex2
posebusters,DiffDock-Pocket,2,7jy3_vud,False,False,False,False,7jy3
posebusters,DiffDock-Pocket,2,7n03_zrp,False,False,True,True,7n03
posebusters,DiffDock-Pocket,2,7v43_c4o,False,False,False,False,7v43
posebusters,DiffDock-Pocket,2,7vb8_stl,False,False,False,False,7vb8
posebusters,DiffDock-Pocket,2,8dsc_nca,False,False,True,True,8dsc
posebusters,DiffDock-Pocket,2,7z7f_if3,True,False,True,True,7z7f
posebusters,DiffDock-Pocket,2,7bka_4jc,False,False,True,True,7bka
posebusters,DiffDock-Pocket,2,7dkt_glf,False,False,False,False,7dkt
posebusters,DiffDock-Pocket,2,7qf4_rbf,True,False,True,True,7qf4
posebusters,DiffDock-Pocket,2,7qhg_t3b,False,False,True,True,7qhg
posebusters,DiffDock-Pocket,2,7vwf_k55,True,False,True,True,7vwf
posebusters,DiffDock-Pocket,2,7zhp_iqy,True,True,True,True,7zhp
posebusters,DiffDock-Pocket,2,7es1_udp,True,False,True,True,7es1
posebusters,DiffDock-Pocket,2,7bcp_gco,True,False,True,True,7bcp
posebusters,DiffDock-Pocket,2,8ay3_oe3,False,False,True,True,8ay3
posebusters,DiffDock-Pocket,2,7r9n_f97,True,True,True,True,7r9n
posebusters,DiffDock-Pocket,2,7ujf_r3v,True,False,True,True,7ujf
posebusters,DiffDock-Pocket,2,7jmv_4nc,True,True,True,True,7jmv
posebusters,DiffDock-Pocket,2,7vc5_9sf,True,False,True,True,7vc5
posebusters,DiffDock-Pocket,2,7tsf_h4b,False,False,True,True,7tsf
posebusters,DiffDock-Pocket,2,7vbu_6i4,True,True,True,True,7vbu
posebusters,DiffDock-Pocket,2,8slg_g5a,True,False,True,True,8slg
posebusters,DiffDock-Pocket,2,7ebg_j0l,True,True,True,True,7ebg
posebusters,DiffDock-Pocket,2,8cnh_v6u,False,False,True,True,8cnh
posebusters,DiffDock-Pocket,2,7pri_7ti,False,False,False,False,7pri
posebusters,DiffDock-Pocket,2,7lou_ifm,False,False,True,True,7lou
posebusters,DiffDock-Pocket,2,7d5c_gv6,False,False,True,True,7d5c
posebusters,DiffDock-Pocket,2,7u0u_fk5,False,False,False,False,7u0u
posebusters,DiffDock-Pocket,2,6m2b_ezo,False,False,True,True,6m2b
posebusters,DiffDock-Pocket,2,6yr2_t1c,False,False,True,True,6yr2
posebusters,DiffDock-Pocket,2,7zdy_6mj,True,False,True,True,7zdy
posebusters,DiffDock-Pocket,2,7xg5_plp,False,False,True,True,7xg5
posebusters,DiffDock-Pocket,2,5sd5_hwi,True,False,True,True,5sd5
posebusters,DiffDock-Pocket,2,7r3d_apr,False,False,True,True,7r3d
posebusters,DiffDock-Pocket,2,7z2o_iaj,False,False,False,False,7z2o
posebusters,DiffDock-Pocket,2,7n6f_0i1,False,False,True,True,7n6f
posebusters,DiffDock-Pocket,2,7sza_dui,True,False,True,True,7sza
posebusters,DiffDock-Pocket,2,8aql_plg,False,False,True,True,8aql
posebusters,DiffDock-Pocket,2,6xct_478,True,True,True,False,6xct
posebusters,DiffDock-Pocket,2,7nf0_byn,True,False,True,True,7nf0
posebusters,DiffDock-Pocket,2,7c8q_dsg,False,False,True,True,7c8q
posebusters,DiffDock-Pocket,2,7mgt_zd4,True,False,True,True,7mgt
posebusters,DiffDock-Pocket,2,8d39_qdb,True,False,True,True,8d39
posebusters,DiffDock-Pocket,2,7bnh_bez,True,True,True,True,7bnh
posebusters,DiffDock-Pocket,2,7zzw_kkw,False,False,True,True,7zzw
posebusters,DiffDock-Pocket,2,7ljn_gtp,False,False,False,False,7ljn
posebusters,DiffDock-Pocket,2,7qta_uri,False,False,True,True,7qta
posebusters,DiffDock-Pocket,2,7l7c_xq1,False,False,True,True,7l7c
posebusters,DiffDock-Pocket,2,7wuy_76n,False,False,True,True,7wuy
posebusters,DiffDock-Pocket,2,7m6k_yrj,False,False,False,False,7m6k
posebusters,DiffDock-Pocket,2,8flv_zb9,False,False,True,True,8flv
posebusters,DiffDock-Pocket,2,6xbo_5mc,False,False,True,True,6xbo
posebusters,DiffDock-Pocket,2,7wux_6oi,False,False,True,True,7wux
posebusters,DiffDock-Pocket,2,7ofk_vch,True,False,True,True,7ofk
posebusters,DiffDock-Pocket,2,7op9_06k,False,False,False,False,7op9
posebusters,DiffDock-Pocket,2,7cij_g0c,False,False,True,True,7cij
posebusters,DiffDock-Pocket,2,7akl_rk5,False,False,True,True,7akl
posebusters,DiffDock-Pocket,2,7p2i_mfu,True,True,False,False,7p2i
posebusters,DiffDock-Pocket,2,7scw_gsp,True,False,True,True,7scw
posebusters,DiffDock-Pocket,2,6yyo_q1k,False,False,True,True,6yyo
posebusters,DiffDock-Pocket,2,7o0n_cdp,False,False,False,False,7o0n
posebusters,DiffDock-Pocket,2,8aau_lh0,True,False,True,True,8aau
posebusters,DiffDock-Pocket,2,7pom_7vz,True,True,True,True,7pom
posebusters,DiffDock-Pocket,2,7zxv_45d,False,False,False,False,7zxv
posebusters,DiffDock-Pocket,2,7v3n_akg,True,True,False,False,7v3n
posebusters,DiffDock-Pocket,2,7qe4_nga,True,False,True,True,7qe4
posebusters,DiffDock-Pocket,2,7xrl_fwk,False,False,False,False,7xrl
posebusters,DiffDock-Pocket,2,7myu_zr7,False,False,True,True,7myu
posebusters,DiffDock-Pocket,2,7f5d_euo,False,False,True,True,7f5d
posebusters,DiffDock-Pocket,2,8fo5_y4u,False,False,True,False,8fo5
posebusters,DiffDock-Pocket,2,7r6j_2i7,False,False,True,True,7r6j
posebusters,DiffDock-Pocket,2,7e4l_mdn,True,True,True,True,7e4l
posebusters,DiffDock-Pocket,2,7wqq_5z6,True,True,True,True,7wqq
posebusters,DiffDock-Pocket,2,7nlv_uje,True,False,True,True,7nlv
posebusters,DiffDock-Pocket,2,7pt3_3kk,False,False,False,False,7pt3
posebusters,DiffDock-Pocket,2,7sfo_98l,False,False,True,True,7sfo
posebusters,DiffDock-Pocket,2,7n4w_p4v,False,False,True,True,7n4w
posebusters,DiffDock-Pocket,2,6tw7_nzb,False,False,True,True,6tw7
posebusters,DiffDock-Pocket,2,8f8e_xji,False,False,True,True,8f8e
posebusters,DiffDock-Pocket,2,7ulc_56b,True,False,True,True,7ulc
posebusters,DiffDock-Pocket,2,7uj5_dgl,True,False,True,True,7uj5
posebusters,DiffDock-Pocket,2,7umw_nad,False,False,True,True,7umw
posebusters,DiffDock-Pocket,2,7np6_uk8,False,False,True,True,7np6
posebusters,DiffDock-Pocket,2,7moi_hps,False,False,True,True,7moi
posebusters,DiffDock-Pocket,2,7sdd_4ip,True,False,False,False,7sdd
posebusters,DiffDock-Pocket,2,7v14_oru,True,False,True,True,7v14
posebusters,DiffDock-Pocket,2,7frx_o88,False,False,False,False,7frx
posebusters,DiffDock-Pocket,2,8gfd_zhr,False,False,True,True,8gfd
posebusters,DiffDock-Pocket,2,7kqu_yof,False,False,True,True,7kqu
posebusters,DiffDock-Pocket,2,8bti_rfo,True,True,False,False,8bti
posebusters,DiffDock-Pocket,2,7tm6_gpj,False,False,True,True,7tm6
posebusters,DiffDock-Pocket,2,7m3h_ypv,False,False,True,True,7m3h
posebusters,DiffDock-Pocket,2,7cd9_fvr,False,False,False,False,7cd9
posebusters,DiffDock-Pocket,2,7rh3_59o,False,False,True,True,7rh3
posebusters,DiffDock-Pocket,2,7bmi_u4b,False,False,True,True,7bmi
posebusters,DiffDock-Pocket,2,7zu2_dht,True,False,True,True,7zu2
posebusters,DiffDock-Pocket,2,7nr8_uoe,True,False,True,True,7nr8
posebusters,DiffDock-Pocket,2,7n7b_t3f,False,False,True,True,7n7b
posebusters,DiffDock-Pocket,2,8d5d_5dk,False,False,True,True,8d5d
posebusters,DiffDock-Pocket,2,7vyj_ca0,False,False,True,True,7vyj
posebusters,DiffDock-Pocket,2,7c3u_azg,False,False,False,False,7c3u
posebusters,DiffDock-Pocket,2,8eab_vn2,False,False,False,False,8eab
posebusters,DiffDock-Pocket,2,7oeo_v9z,False,False,False,False,7oeo
posebusters,DiffDock-Pocket,2,7u3j_l6u,False,False,True,True,7u3j
posebusters,DiffDock-Pocket,2,8f4j_pho,False,False,False,False,8f4j
posebusters,DiffDock-Pocket,2,7ts6_kmi,False,False,True,True,7ts6
posebusters,DiffDock-Pocket,2,7ozc_g6s,False,False,True,True,7ozc
posebusters,DiffDock-Pocket,2,7tom_5ad,False,False,True,True,7tom
posebusters,DiffDock-Pocket,2,7jxx_vp7,True,True,True,True,7jxx
posebusters,DiffDock-Pocket,2,7lmo_nyo,False,False,True,True,7lmo
posebusters,DiffDock-Pocket,2,7th4_ffo,False,False,True,True,7th4
posebusters,DiffDock-Pocket,2,7siu_9id,True,False,True,True,7siu
posebusters,DiffDock-Pocket,2,7x5n_5m5,False,False,True,True,7x5n
posebusters,DiffDock-Pocket,2,7tbu_s3p,False,False,True,True,7tbu
posebusters,DiffDock-Pocket,2,7zoc_t8e,True,True,True,True,7zoc
posebusters,DiffDock-Pocket,2,7ft9_4mb,False,False,False,False,7ft9
posebusters,DiffDock-Pocket,2,7ecr_sin,False,False,True,True,7ecr
posebusters,DiffDock-Pocket,2,6z2c_q5e,False,False,True,True,6z2c
posebusters,DiffDock-Pocket,2,7t3e_slb,True,False,True,True,7t3e
posebusters,DiffDock-Pocket,2,7omx_cna,False,False,True,True,7omx
posebusters,DiffDock-Pocket,2,7kb1_wbj,False,False,True,True,7kb1
posebusters,DiffDock-Pocket,2,7a9h_tpp,False,False,True,True,7a9h
posebusters,DiffDock-Pocket,2,8ho0_3zi,False,False,True,True,8ho0
posebusters,DiffDock-Pocket,2,7jhq_vaj,False,False,True,True,7jhq
posebusters,DiffDock-Pocket,2,7q27_8kc,True,False,True,True,7q27
posebusters,DiffDock-Pocket,2,7puv_84z,True,True,True,True,7puv
posebusters,DiffDock-Pocket,2,7pgx_fmn,True,False,True,True,7pgx
posebusters,DiffDock-Pocket,2,7ztl_bcn,False,False,False,False,7ztl
posebusters,DiffDock-Pocket,2,5sb2_1k2,True,False,True,True,5sb2
posebusters,DiffDock-Pocket,2,7uyb_ok0,True,True,True,True,7uyb
posebusters,DiffDock-Pocket,2,7pl1_sfg,False,False,True,True,7pl1
posebusters,DiffDock-Pocket,2,7nf3_4lu,False,False,True,True,7nf3
posebusters,DiffDock-Pocket,2,7tb0_ud1,False,False,True,True,7tb0
posebusters,DiffDock-Pocket,2,7suc_com,True,False,True,True,7suc
posebusters,DiffDock-Pocket,2,7loe_y84,False,False,True,True,7loe
posebusters,DiffDock-Pocket,2,7msr_dca,True,False,True,True,7msr
posebusters,DiffDock-Pocket,2,8d19_gsh,False,False,True,True,8d19
posebusters,DiffDock-Pocket,2,7te8_p0t,False,False,True,True,7te8
posebusters,DiffDock-Pocket,2,8bom_qu6,False,False,True,True,8bom
posebusters,DiffDock-Pocket,2,6yqw_82i,True,True,True,True,6yqw
posebusters,DiffDock-Pocket,2,7elt_tym,False,False,True,True,7elt
posebusters,DiffDock-Pocket,2,7rou_66i,True,False,True,True,7rou
posebusters,DiffDock-Pocket,2,7a9e_r4w,False,False,True,True,7a9e
posebusters,DiffDock-Pocket,2,8a2d_kxy,False,False,False,False,8a2d
posebusters,DiffDock-Pocket,2,6yja_2ba,False,False,False,False,6yja
posebusters,DiffDock-Pocket,2,7nxo_uu8,False,False,True,True,7nxo
posebusters,DiffDock-Pocket,2,7q5i_i0f,False,False,True,False,7q5i
posebusters,DiffDock-Pocket,2,7dua_hj0,True,True,True,True,7dua
posebusters,DiffDock-Pocket,2,7xbv_apc,False,False,True,True,7xbv
posebusters,DiffDock-Pocket,2,7wkl_caq,False,False,True,True,7wkl
posebusters,DiffDock-Pocket,2,7ed2_a3p,False,False,True,True,7ed2
posebusters,DiffDock-Pocket,2,7rsv_7iq,True,False,True,True,7rsv
posebusters,DiffDock-Pocket,2,7fb7_8nf,True,True,True,True,7fb7
posebusters,DiffDock-Pocket,2,7mwu_zpm,False,False,True,True,7mwu
posebusters,DiffDock-Pocket,2,7mgy_zd1,False,False,True,True,7mgy
posebusters,DiffDock-Pocket,2,7wjb_bgc,False,False,True,True,7wjb
posebusters,DiffDock-Pocket,2,6z14_q4z,True,True,True,True,6z14
posebusters,DiffDock-Pocket,2,7z1q_nio,False,False,True,True,7z1q
posebusters,DiffDock-Pocket,2,8c3n_adp,False,False,True,True,8c3n
posebusters,DiffDock-Pocket,2,7dql_4cl,False,False,True,True,7dql
posebusters,DiffDock-Pocket,2,7km8_wpd,True,False,True,True,7km8
posebusters,DiffDock-Pocket,2,6zcy_qf8,True,True,True,True,6zcy
posebusters,DiffDock-Pocket,2,7a1p_qw2,True,True,True,True,7a1p
posebusters,DiffDock-Pocket,2,7f8t_fad,False,False,False,False,7f8t
posebusters,DiffDock-Pocket,2,7k0v_vqp,True,False,True,True,7k0v
posebusters,DiffDock-Pocket,2,7w06_itn,False,False,True,True,7w06
posebusters,DiffDock-Pocket,2,6yrv_pj8,True,False,True,True,6yrv
posebusters,DiffDock-Pocket,2,6zae_acv,False,False,True,True,6zae
posebusters,DiffDock-Pocket,2,8dp2_uma,False,False,False,False,8dp2
posebusters,DiffDock-Pocket,2,7ngw_uaw,True,True,True,True,7ngw
posebusters,DiffDock-Pocket,2,7lt0_onj,True,False,True,True,7lt0
posebusters,DiffDock-Pocket,2,8dhg_t78,False,False,True,True,8dhg
posebusters,DiffDock-Pocket,2,7r7r_awj,True,True,True,True,7r7r
posebusters,DiffDock-Pocket,2,7p5t_5yg,False,False,True,True,7p5t
posebusters,DiffDock-Pocket,2,7uxs_ojc,False,False,False,False,7uxs
posebusters,DiffDock-Pocket,2,8ap0_prp,True,False,False,False,8ap0
posebusters,DiffDock-Pocket,2,6yt6_pke,False,False,True,True,6yt6
posebusters,DiffDock-Pocket,2,7qgp_dj8,False,False,True,True,7qgp
posebusters,DiffDock-Pocket,2,5sis_jsm,False,False,True,True,5sis
posebusters,DiffDock-Pocket,2,7typ_kur,False,False,True,True,7typ
posebusters,DiffDock-Pocket,2,7opg_06n,False,False,True,True,7opg
posebusters,DiffDock-Pocket,2,7rc3_sah,True,True,True,True,7rc3
posebusters,DiffDock-Pocket,2,7ody_dgi,False,False,True,True,7ody
posebusters,DiffDock-Pocket,2,7qpp_vdx,True,True,True,False,7qpp
posebusters,DiffDock-Pocket,2,7nut_glp,False,False,True,True,7nut
posebusters,DiffDock-Pocket,2,7cuo_phb,False,False,True,True,7cuo
posebusters,DiffDock-Pocket,2,7uy4_smi,False,False,False,False,7uy4
posebusters,DiffDock-Pocket,2,6zc3_jor,False,False,False,False,6zc3
posebusters,DiffDock-Pocket,2,8g0v_yht,False,False,True,True,8g0v
posebusters,DiffDock-Pocket,2,7tuo_kl9,False,False,True,True,7tuo
posebusters,DiffDock-Pocket,2,7mmh_zjy,True,True,True,True,7mmh
posebusters,DiffDock-Pocket,2,7zl5_iwe,True,True,True,True,7zl5
posebusters,DiffDock-Pocket,2,7cns_pmv,False,False,True,True,7cns
posebusters,DiffDock-Pocket,2,6ysp_pal,False,False,True,True,6ysp
posebusters,DiffDock-Pocket,2,7zf0_dhr,True,True,True,True,7zf0
posebusters,DiffDock-Pocket,2,7kz9_xn7,False,False,True,True,7kz9
posebusters,DiffDock-Pocket,2,7d6o_mte,False,False,True,True,7d6o
posebusters,DiffDock-Pocket,2,7npl_ukz,False,False,True,True,7npl
posebusters,DiffDock-Pocket,2,7l00_xcj,False,False,True,True,7l00
posebusters,DiffDock-Pocket,2,7rni_60i,False,False,False,False,7rni
posebusters,DiffDock-Pocket,2,7wpw_f15,False,False,True,True,7wpw
posebusters,DiffDock-Pocket,2,7v3s_5i9,False,False,True,True,7v3s
posebusters,DiffDock-Pocket,2,7jg0_gar,False,False,True,True,7jg0
posebusters,DiffDock-Pocket,2,8aie_m7l,False,False,False,False,8aie
posebusters,DiffDock-Pocket,2,6yqv_8k2,True,True,True,True,6yqv
posebusters,DiffDock-Pocket,2,7oli_8hg,False,False,True,True,7oli
posebusters,DiffDock-Pocket,2,7rzl_npo,False,False,True,True,7rzl
posebusters,DiffDock-Pocket,2,7rkw_5tv,True,False,True,True,7rkw
posebusters,DiffDock-Pocket,2,7qhl_d5p,True,True,True,True,7qhl
posebusters,DiffDock-Pocket,2,7p1m_4iu,True,True,True,True,7p1m
posebusters,DiffDock-Pocket,2,7qfm_ay3,False,False,True,True,7qfm
posebusters,DiffDock-Pocket,2,7cl8_tes,False,False,True,True,7cl8
posebusters,DiffDock-Pocket,2,7lzd_yhy,False,False,True,True,7lzd
posebusters,DiffDock-Pocket,2,7mfp_z7p,False,False,True,False,7mfp
posebusters,DiffDock-Pocket,2,7b94_anp,True,False,True,True,7b94
posebusters,DiffDock-Pocket,2,7pjq_owh,False,False,True,True,7pjq
posebusters,DiffDock-Pocket,2,7l03_f9f,False,False,True,True,7l03
posebusters,DiffDock-Pocket,2,6xg5_top,True,True,True,True,6xg5
posebusters,DiffDock-Pocket,2,8b8h_ojq,False,False,True,True,8b8h
posebusters,DiffDock-Pocket,2,7f51_ba7,True,False,True,True,7f51
posebusters,DiffDock-Pocket,2,7uas_mbu,False,False,True,True,7uas
posebusters,DiffDock-Pocket,2,7uj4_oq4,False,False,False,False,7uj4
posebusters,DiffDock-Pocket,2,7prm_81i,False,False,True,True,7prm
posebusters,DiffDock-Pocket,2,7bjj_tvw,True,True,False,False,7bjj
posebusters,DiffDock-Pocket,2,7wcf_acp,False,False,True,True,7wcf
posebusters,DiffDock-Pocket,2,8csd_c5p,False,False,True,True,8csd
posebusters,DiffDock-Pocket,2,7xpo_upg,False,False,False,False,7xpo
posebusters,DiffDock-Pocket,2,8eye_x4i,False,False,False,False,8eye
posebusters,DiffDock-Pocket,2,7ctm_bdp,False,False,True,True,7ctm
posebusters,DiffDock-Pocket,2,6xm9_v55,True,True,True,True,6xm9
posebusters,DiffDock-Pocket,2,8fav_4y5,False,False,True,True,8fav
posebusters,DiffDock-Pocket,2,6wtn_rxt,True,True,True,True,6wtn
posebusters,DiffDock-Pocket,2,5sak_zry,True,True,False,False,5sak
posebusters,DiffDock-Pocket,2,7p4c_5ov,False,False,True,True,7p4c
posebusters,DiffDock-Pocket,2,7epv_fda,False,False,True,True,7epv
posebusters,DiffDock-Pocket,2,7q2b_m6h,False,False,True,True,7q2b
posebusters,DiffDock-Pocket,2,6z1c_7ey,False,False,True,True,6z1c
posebusters,DiffDock-Pocket,2,7n4n_0bk,False,False,True,True,7n4n
posebusters,DiffDock-Pocket,2,7n7h_ctp,False,False,True,True,7n7h
posebusters,DiffDock-Pocket,2,7lev_0jo,False,False,True,True,7lev
posebusters,DiffDock-Pocket,2,7m31_tdr,False,False,True,True,7m31
posebusters,DiffDock-Pocket,2,7xjn_nsd,True,False,True,True,7xjn
posebusters,DiffDock-Pocket,2,7ush_82v,True,True,True,True,7ush
posebusters,DiffDock-Pocket,2,7thi_pga,False,False,True,True,7thi
posebusters,DiffDock-Pocket,2,7xfa_d9j,False,False,False,False,7xfa
posebusters,DiffDock-Pocket,2,7yzu_do7,True,False,True,True,7yzu
posebusters,DiffDock-Pocket,2,7oso_0v1,False,False,False,False,7oso
posebusters,DiffDock-Pocket,2,7wdt_ngs,False,False,True,True,7wdt
posebusters,DiffDock-Pocket,2,7uq3_o2u,True,False,True,True,7uq3
posebusters,DiffDock-Pocket,2,6m73_fnr,True,False,True,True,6m73
posebusters,DiffDock-Pocket,2,8aem_lvf,False,False,True,True,8aem
posebusters,DiffDock-Pocket,2,7kc5_bjz,False,False,True,True,7kc5
posebusters,DiffDock-Pocket,2,7o1t_5x8,False,False,True,True,7o1t
posebusters,DiffDock-Pocket,2,7lcu_xta,False,False,True,True,7lcu
posebusters,DiffDock-Pocket,2,7pih_7qw,False,False,False,False,7pih
posebusters,DiffDock-Pocket,2,7r59_i5f,True,True,True,True,7r59
posebusters,DiffDock-Pocket,2,7my1_ipe,False,False,False,False,7my1
posebusters,DiffDock-Pocket,2,8auh_l9i,False,False,True,True,8auh
posebusters,DiffDock-Pocket,2,7vq9_isy,False,False,False,False,7vq9
posebusters,DiffDock-Pocket,2,6z0r_q4h,False,False,True,True,6z0r
posebusters,DiffDock-Pocket,2,7mwn_wi5,False,False,False,False,7mwn
posebusters,DiffDock-Pocket,2,8hfn_xgc,False,False,True,True,8hfn
posebusters,DiffDock-Pocket,2,7kru_atp,True,False,True,True,7kru
posebusters,DiffDock-Pocket,2,7x9k_8og,True,False,True,True,7x9k
posebusters,DiffDock-Pocket,2,8a1h_dlz,False,False,True,True,8a1h
posebusters,DiffDock-Pocket,2,7fha_adx,False,False,True,True,7fha
posebusters,DiffDock-Pocket,2,7zcc_oga,True,False,False,False,7zcc
posebusters,DiffDock-Pocket,2,7oz9_ngk,False,False,True,True,7oz9
posebusters,DiffDock-Pocket,2,7off_vcb,False,False,True,True,7off
posebusters,DiffDock-Pocket,2,8dko_tfb,False,False,True,True,8dko
posebusters,DiffDock-Pocket,2,7vkz_noj,False,False,False,False,7vkz
posebusters,DiffDock-Pocket,2,7afx_r9k,False,False,True,True,7afx
posebusters,DiffDock-Pocket,2,7uaw_mf6,False,False,True,True,7uaw
posebusters,DiffDock-Pocket,2,7xqz_fpf,False,False,True,True,7xqz
posebusters,DiffDock-Pocket,2,6zk5_imh,False,False,False,False,6zk5
posebusters,DiffDock-Pocket,2,7q25_8j9,True,False,True,True,7q25
posebusters,DiffDock-Pocket,2,7nsw_hc4,False,False,True,True,7nsw
posebusters,DiffDock-Pocket,2,6z4n_q7b,False,False,True,True,6z4n
posebusters,RLDiff RL++,0,7cnq_g8x,True,True,True,True,7cnq
posebusters,RLDiff RL++,0,6yms_ozh,True,True,False,False,6yms
posebusters,RLDiff RL++,0,7t0d_fpp,False,False,True,True,7t0d
posebusters,RLDiff RL++,0,6xht_v2v,False,False,True,True,6xht
posebusters,RLDiff RL++,0,7an5_rdh,False,False,True,True,7an5
posebusters,RLDiff RL++,0,8c5m_mta,True,True,True,True,8c5m
posebusters,RLDiff RL++,0,6vta_akn,False,False,False,False,6vta
posebusters,RLDiff RL++,0,7p1f_kfn,True,True,True,True,7p1f
posebusters,RLDiff RL++,0,7l5f_xng,False,False,True,True,7l5f
posebusters,RLDiff RL++,0,8exl_799,True,True,True,True,8exl
posebusters,RLDiff RL++,0,7utw_nai,True,True,True,False,7utw
posebusters,RLDiff RL++,0,7nfb_gen,True,True,True,True,7nfb
posebusters,RLDiff RL++,0,7nu0_dcl,True,True,True,True,7nu0
posebusters,RLDiff RL++,0,7btt_f8r,True,True,True,True,7btt
posebusters,RLDiff RL++,0,6tw5_9m2,False,False,True,True,6tw5
posebusters,RLDiff RL++,0,7txk_lw8,True,True,True,True,7txk
posebusters,RLDiff RL++,0,7wy1_d0l,True,True,True,True,7wy1
posebusters,RLDiff RL++,0,6t88_mwq,True,True,True,True,6t88
posebusters,RLDiff RL++,0,7ror_69x,True,True,True,True,7ror
posebusters,RLDiff RL++,0,7t1d_e7k,True,True,True,True,7t1d
posebusters,RLDiff RL++,0,7w05_gmp,False,False,True,True,7w05
posebusters,RLDiff RL++,0,7b2c_tp7,True,False,False,False,7b2c
posebusters,RLDiff RL++,0,8g6p_api,False,False,True,True,8g6p
posebusters,RLDiff RL++,0,6zpb_3d1,True,True,True,True,6zpb
posebusters,RLDiff RL++,0,7rws_4ur,False,False,False,False,7rws
posebusters,RLDiff RL++,0,7wl4_jfu,True,True,True,True,7wl4
posebusters,RLDiff RL++,0,7c0u_fgo,False,False,False,False,7c0u
posebusters,RLDiff RL++,0,7pk0_byc,False,False,True,True,7pk0
posebusters,RLDiff RL++,0,7xi7_4ri,True,True,True,True,7xi7
posebusters,RLDiff RL++,0,8ex2_q2q,True,True,True,True,8ex2
posebusters,RLDiff RL++,0,7jy3_vud,False,False,False,False,7jy3
posebusters,RLDiff RL++,0,7n03_zrp,False,False,True,True,7n03
posebusters,RLDiff RL++,0,7v43_c4o,True,True,False,False,7v43
posebusters,RLDiff RL++,0,7vb8_stl,True,True,False,False,7vb8
posebusters,RLDiff RL++,0,8dsc_nca,True,True,True,True,8dsc
posebusters,RLDiff RL++,0,7z7f_if3,True,True,True,True,7z7f
posebusters,RLDiff RL++,0,7bka_4jc,True,True,True,True,7bka
posebusters,RLDiff RL++,0,7dkt_glf,True,True,False,False,7dkt
posebusters,RLDiff RL++,0,7qf4_rbf,True,True,True,True,7qf4
posebusters,RLDiff RL++,0,7qhg_t3b,True,True,True,True,7qhg
posebusters,RLDiff RL++,0,7vwf_k55,True,True,True,True,7vwf
posebusters,RLDiff RL++,0,7zhp_iqy,True,True,True,True,7zhp
posebusters,RLDiff RL++,0,7es1_udp,True,True,True,True,7es1
posebusters,RLDiff RL++,0,7bcp_gco,True,True,True,True,7bcp
posebusters,RLDiff RL++,0,8ay3_oe3,False,False,True,True,8ay3
posebusters,RLDiff RL++,0,7r9n_f97,True,True,True,True,7r9n
posebusters,RLDiff RL++,0,7ujf_r3v,True,True,True,False,7ujf
posebusters,RLDiff RL++,0,7jmv_4nc,False,False,True,True,7jmv
posebusters,RLDiff RL++,0,7vc5_9sf,True,True,True,True,7vc5
posebusters,RLDiff RL++,0,7tsf_h4b,True,True,True,True,7tsf
posebusters,RLDiff RL++,0,7vbu_6i4,False,False,True,True,7vbu
posebusters,RLDiff RL++,0,8slg_g5a,True,True,True,True,8slg
posebusters,RLDiff RL++,0,7ebg_j0l,True,True,True,True,7ebg
posebusters,RLDiff RL++,0,8cnh_v6u,False,False,True,True,8cnh
posebusters,RLDiff RL++,0,7pri_7ti,False,False,False,False,7pri
posebusters,RLDiff RL++,0,7lou_ifm,True,True,True,True,7lou
posebusters,RLDiff RL++,0,7d5c_gv6,True,True,True,True,7d5c
posebusters,RLDiff RL++,0,7u0u_fk5,True,True,False,False,7u0u
posebusters,RLDiff RL++,0,6m2b_ezo,True,True,True,True,6m2b
posebusters,RLDiff RL++,0,6yr2_t1c,True,True,True,True,6yr2
posebusters,RLDiff RL++,0,7zdy_6mj,True,True,True,True,7zdy
posebusters,RLDiff RL++,0,7xg5_plp,True,True,True,True,7xg5
posebusters,RLDiff RL++,0,5sd5_hwi,True,True,True,True,5sd5
posebusters,RLDiff RL++,0,7r3d_apr,False,False,True,True,7r3d
posebusters,RLDiff RL++,0,7z2o_iaj,False,False,True,True,7z2o
posebusters,RLDiff RL++,0,7n6f_0i1,True,True,True,True,7n6f
posebusters,RLDiff RL++,0,7sza_dui,True,True,True,True,7sza
posebusters,RLDiff RL++,0,8aql_plg,False,False,True,True,8aql
posebusters,RLDiff RL++,0,6xct_478,True,True,True,False,6xct
posebusters,RLDiff RL++,0,7nf0_byn,True,True,True,True,7nf0
posebusters,RLDiff RL++,0,7c8q_dsg,True,True,True,True,7c8q
posebusters,RLDiff RL++,0,7mgt_zd4,True,True,True,True,7mgt
posebusters,RLDiff RL++,0,8d39_qdb,True,True,True,True,8d39
posebusters,RLDiff RL++,0,7bnh_bez,True,True,True,True,7bnh
posebusters,RLDiff RL++,0,7zzw_kkw,True,True,True,True,7zzw
posebusters,RLDiff RL++,0,7ljn_gtp,False,False,False,False,7ljn
posebusters,RLDiff RL++,0,7qta_uri,True,True,True,True,7qta
posebusters,RLDiff RL++,0,7l7c_xq1,True,True,True,True,7l7c
posebusters,RLDiff RL++,0,7wuy_76n,True,False,False,False,7wuy
posebusters,RLDiff RL++,0,7m6k_yrj,True,True,False,False,7m6k
posebusters,RLDiff RL++,0,8flv_zb9,True,True,True,True,8flv
posebusters,RLDiff RL++,0,6xbo_5mc,True,True,True,True,6xbo
posebusters,RLDiff RL++,0,7wux_6oi,True,True,True,True,7wux
posebusters,RLDiff RL++,0,7ofk_vch,True,True,True,True,7ofk
posebusters,RLDiff RL++,0,7op9_06k,False,False,False,False,7op9
posebusters,RLDiff RL++,0,7cij_g0c,True,True,True,True,7cij
posebusters,RLDiff RL++,0,7akl_rk5,True,True,True,True,7akl
posebusters,RLDiff RL++,0,7p2i_mfu,True,True,False,False,7p2i
posebusters,RLDiff RL++,0,7scw_gsp,True,True,True,True,7scw
posebusters,RLDiff RL++,0,6yyo_q1k,True,True,True,True,6yyo
posebusters,RLDiff RL++,0,7o0n_cdp,False,False,True,True,7o0n
posebusters,RLDiff RL++,0,8aau_lh0,True,True,True,True,8aau
posebusters,RLDiff RL++,0,7pom_7vz,True,True,True,True,7pom
posebusters,RLDiff RL++,0,7zxv_45d,True,False,False,False,7zxv
posebusters,RLDiff RL++,0,7v3n_akg,True,True,False,False,7v3n
posebusters,RLDiff RL++,0,7qe4_nga,True,True,True,True,7qe4
posebusters,RLDiff RL++,0,7xrl_fwk,False,False,False,False,7xrl
posebusters,RLDiff RL++,0,7myu_zr7,True,True,True,True,7myu
posebusters,RLDiff RL++,0,7f5d_euo,True,True,True,True,7f5d
posebusters,RLDiff RL++,0,8fo5_y4u,True,True,True,False,8fo5
posebusters,RLDiff RL++,0,7r6j_2i7,False,False,True,True,7r6j
posebusters,RLDiff RL++,0,7e4l_mdn,True,True,True,True,7e4l
posebusters,RLDiff RL++,0,7wqq_5z6,True,True,True,True,7wqq
posebusters,RLDiff RL++,0,7nlv_uje,True,True,True,True,7nlv
posebusters,RLDiff RL++,0,7pt3_3kk,True,True,False,False,7pt3
posebusters,RLDiff RL++,0,7sfo_98l,True,True,True,True,7sfo
posebusters,RLDiff RL++,0,7n4w_p4v,True,True,True,True,7n4w
posebusters,RLDiff RL++,0,6tw7_nzb,False,False,True,True,6tw7
posebusters,RLDiff RL++,0,8f8e_xji,True,True,True,True,8f8e
posebusters,RLDiff RL++,0,7ulc_56b,True,True,True,True,7ulc
posebusters,RLDiff RL++,0,7uj5_dgl,True,True,True,True,7uj5
posebusters,RLDiff RL++,0,7umw_nad,True,True,True,True,7umw
posebusters,RLDiff RL++,0,7np6_uk8,True,True,True,True,7np6
posebusters,RLDiff RL++,0,7moi_hps,True,True,False,False,7moi
posebusters,RLDiff RL++,0,7sdd_4ip,True,True,False,False,7sdd
posebusters,RLDiff RL++,0,7v14_oru,True,True,True,True,7v14
posebusters,RLDiff RL++,0,7frx_o88,True,True,True,True,7frx
posebusters,RLDiff RL++,0,8gfd_zhr,True,True,True,True,8gfd
posebusters,RLDiff RL++,0,7kqu_yof,True,True,True,True,7kqu
posebusters,RLDiff RL++,0,8bti_rfo,True,True,False,False,8bti
posebusters,RLDiff RL++,0,7tm6_gpj,True,True,True,True,7tm6
posebusters,RLDiff RL++,0,7m3h_ypv,False,False,True,True,7m3h
posebusters,RLDiff RL++,0,7cd9_fvr,True,True,True,True,7cd9
posebusters,RLDiff RL++,0,7rh3_59o,False,False,True,True,7rh3
posebusters,RLDiff RL++,0,7bmi_u4b,True,True,True,True,7bmi
posebusters,RLDiff RL++,0,7zu2_dht,True,True,True,True,7zu2
posebusters,RLDiff RL++,0,7nr8_uoe,True,True,True,True,7nr8
posebusters,RLDiff RL++,0,7n7b_t3f,False,False,False,False,7n7b
posebusters,RLDiff RL++,0,8d5d_5dk,True,True,True,True,8d5d
posebusters,RLDiff RL++,0,7vyj_ca0,False,False,True,True,7vyj
posebusters,RLDiff RL++,0,7c3u_azg,False,False,False,False,7c3u
posebusters,RLDiff RL++,0,8eab_vn2,False,False,True,True,8eab
posebusters,RLDiff RL++,0,7oeo_v9z,True,True,True,True,7oeo
posebusters,RLDiff RL++,0,7u3j_l6u,True,True,True,True,7u3j
posebusters,RLDiff RL++,0,8f4j_pho,True,False,False,False,8f4j
posebusters,RLDiff RL++,0,7ts6_kmi,False,False,True,True,7ts6
posebusters,RLDiff RL++,0,7ozc_g6s,True,True,True,True,7ozc
posebusters,RLDiff RL++,0,7tom_5ad,True,True,True,True,7tom
posebusters,RLDiff RL++,0,7jxx_vp7,True,True,True,True,7jxx
posebusters,RLDiff RL++,0,7lmo_nyo,False,False,True,True,7lmo
posebusters,RLDiff RL++,0,7th4_ffo,True,True,True,True,7th4
posebusters,RLDiff RL++,0,7siu_9id,True,True,True,True,7siu
posebusters,RLDiff RL++,0,7x5n_5m5,True,True,True,True,7x5n
posebusters,RLDiff RL++,0,7tbu_s3p,True,True,True,True,7tbu
posebusters,RLDiff RL++,0,7zoc_t8e,True,True,True,True,7zoc
posebusters,RLDiff RL++,0,7ft9_4mb,True,True,False,False,7ft9
posebusters,RLDiff RL++,0,7ecr_sin,True,True,True,True,7ecr
posebusters,RLDiff RL++,0,6z2c_q5e,False,False,True,True,6z2c
posebusters,RLDiff RL++,0,7t3e_slb,True,True,True,True,7t3e
posebusters,RLDiff RL++,0,7omx_cna,False,False,True,True,7omx
posebusters,RLDiff RL++,0,7kb1_wbj,True,True,True,True,7kb1
posebusters,RLDiff RL++,0,7a9h_tpp,False,False,True,True,7a9h
posebusters,RLDiff RL++,0,8ho0_3zi,True,True,True,True,8ho0
posebusters,RLDiff RL++,0,7jhq_vaj,False,False,True,True,7jhq
posebusters,RLDiff RL++,0,7q27_8kc,True,True,True,True,7q27
posebusters,RLDiff RL++,0,7puv_84z,True,True,True,True,7puv
posebusters,RLDiff RL++,0,7pgx_fmn,True,True,False,False,7pgx
posebusters,RLDiff RL++,0,7ztl_bcn,False,False,True,True,7ztl
posebusters,RLDiff RL++,0,5sb2_1k2,True,True,True,True,5sb2
posebusters,RLDiff RL++,0,7uyb_ok0,True,True,True,True,7uyb
posebusters,RLDiff RL++,0,7pl1_sfg,True,True,True,True,7pl1
posebusters,RLDiff RL++,0,7nf3_4lu,True,True,True,True,7nf3
posebusters,RLDiff RL++,0,7tb0_ud1,True,True,False,False,7tb0
posebusters,RLDiff RL++,0,7suc_com,False,False,True,True,7suc
posebusters,RLDiff RL++,0,7loe_y84,True,True,True,True,7loe
posebusters,RLDiff RL++,0,7msr_dca,True,True,True,True,7msr
posebusters,RLDiff RL++,0,8d19_gsh,False,False,False,False,8d19
posebusters,RLDiff RL++,0,7te8_p0t,True,True,True,True,7te8
posebusters,RLDiff RL++,0,8bom_qu6,True,True,True,True,8bom
posebusters,RLDiff RL++,0,6yqw_82i,True,True,True,True,6yqw
posebusters,RLDiff RL++,0,7elt_tym,True,True,True,True,7elt
posebusters,RLDiff RL++,0,7rou_66i,True,True,True,True,7rou
posebusters,RLDiff RL++,0,7a9e_r4w,False,False,False,False,7a9e
posebusters,RLDiff RL++,0,8a2d_kxy,False,False,False,False,8a2d
posebusters,RLDiff RL++,0,6yja_2ba,True,True,False,False,6yja
posebusters,RLDiff RL++,0,7nxo_uu8,True,False,True,True,7nxo
posebusters,RLDiff RL++,0,7q5i_i0f,True,True,True,True,7q5i
posebusters,RLDiff RL++,0,7dua_hj0,True,True,True,True,7dua
posebusters,RLDiff RL++,0,7xbv_apc,False,False,True,True,7xbv
posebusters,RLDiff RL++,0,7wkl_caq,False,False,True,True,7wkl
posebusters,RLDiff RL++,0,7ed2_a3p,False,False,True,True,7ed2
posebusters,RLDiff RL++,0,7rsv_7iq,True,True,True,True,7rsv
posebusters,RLDiff RL++,0,7fb7_8nf,False,False,True,True,7fb7
posebusters,RLDiff RL++,0,7mwu_zpm,True,True,True,True,7mwu
posebusters,RLDiff RL++,0,7mgy_zd1,False,False,True,True,7mgy
posebusters,RLDiff RL++,0,7wjb_bgc,False,False,True,True,7wjb
posebusters,RLDiff RL++,0,6z14_q4z,True,True,True,True,6z14
posebusters,RLDiff RL++,0,7z1q_nio,True,True,True,True,7z1q
posebusters,RLDiff RL++,0,8c3n_adp,True,True,True,True,8c3n
posebusters,RLDiff RL++,0,7dql_4cl,False,False,True,True,7dql
posebusters,RLDiff RL++,0,7km8_wpd,True,True,True,True,7km8
posebusters,RLDiff RL++,0,6zcy_qf8,True,True,True,True,6zcy
posebusters,RLDiff RL++,0,7a1p_qw2,True,True,True,True,7a1p
posebusters,RLDiff RL++,0,7f8t_fad,False,False,False,False,7f8t
posebusters,RLDiff RL++,0,7k0v_vqp,True,True,True,True,7k0v
posebusters,RLDiff RL++,0,7w06_itn,True,True,True,True,7w06
posebusters,RLDiff RL++,0,6yrv_pj8,True,True,True,True,6yrv
posebusters,RLDiff RL++,0,6zae_acv,False,False,True,True,6zae
posebusters,RLDiff RL++,0,8dp2_uma,False,False,False,False,8dp2
posebusters,RLDiff RL++,0,7ngw_uaw,True,True,True,True,7ngw
posebusters,RLDiff RL++,0,7lt0_onj,True,True,True,True,7lt0
posebusters,RLDiff RL++,0,8dhg_t78,False,False,False,False,8dhg
posebusters,RLDiff RL++,0,7r7r_awj,True,True,True,True,7r7r
posebusters,RLDiff RL++,0,7p5t_5yg,True,True,True,True,7p5t
posebusters,RLDiff RL++,0,7uxs_ojc,True,True,False,False,7uxs
posebusters,RLDiff RL++,0,8ap0_prp,False,False,False,False,8ap0
posebusters,RLDiff RL++,0,6yt6_pke,True,True,True,True,6yt6
posebusters,RLDiff RL++,0,7qgp_dj8,True,True,True,True,7qgp
posebusters,RLDiff RL++,0,5sis_jsm,True,True,True,True,5sis
posebusters,RLDiff RL++,0,7typ_kur,False,False,True,True,7typ
posebusters,RLDiff RL++,0,7opg_06n,True,True,True,True,7opg
posebusters,RLDiff RL++,0,7rc3_sah,True,True,True,True,7rc3
posebusters,RLDiff RL++,0,7ody_dgi,True,True,True,True,7ody
posebusters,RLDiff RL++,0,7qpp_vdx,True,True,True,False,7qpp
posebusters,RLDiff RL++,0,7nut_glp,True,True,True,True,7nut
posebusters,RLDiff RL++,0,7cuo_phb,True,True,True,True,7cuo
posebusters,RLDiff RL++,0,7uy4_smi,False,False,True,True,7uy4
posebusters,RLDiff RL++,0,6zc3_jor,True,True,True,True,6zc3
posebusters,RLDiff RL++,0,8g0v_yht,True,True,True,True,8g0v
posebusters,RLDiff RL++,0,7tuo_kl9,False,False,True,True,7tuo
posebusters,RLDiff RL++,0,7mmh_zjy,True,True,True,True,7mmh
posebusters,RLDiff RL++,0,7zl5_iwe,True,True,True,True,7zl5
posebusters,RLDiff RL++,0,7cns_pmv,True,True,True,True,7cns
posebusters,RLDiff RL++,0,6ysp_pal,True,True,True,True,6ysp
posebusters,RLDiff RL++,0,7zf0_dhr,True,True,True,True,7zf0
posebusters,RLDiff RL++,0,7kz9_xn7,True,True,True,True,7kz9
posebusters,RLDiff RL++,0,7d6o_mte,True,True,True,True,7d6o
posebusters,RLDiff RL++,0,7npl_ukz,True,True,True,True,7npl
posebusters,RLDiff RL++,0,7l00_xcj,True,True,True,True,7l00
posebusters,RLDiff RL++,0,7rni_60i,False,False,False,False,7rni
posebusters,RLDiff RL++,0,7wpw_f15,True,True,False,False,7wpw
posebusters,RLDiff RL++,0,7v3s_5i9,True,True,True,True,7v3s
posebusters,RLDiff RL++,0,7jg0_gar,True,True,True,True,7jg0
posebusters,RLDiff RL++,0,8aie_m7l,True,False,False,False,8aie
posebusters,RLDiff RL++,0,6yqv_8k2,True,True,True,True,6yqv
posebusters,RLDiff RL++,0,7oli_8hg,False,False,True,True,7oli
posebusters,RLDiff RL++,0,7rzl_npo,True,True,True,True,7rzl
posebusters,RLDiff RL++,0,7rkw_5tv,True,True,True,True,7rkw
posebusters,RLDiff RL++,0,7qhl_d5p,True,True,True,True,7qhl
posebusters,RLDiff RL++,0,7p1m_4iu,False,False,True,True,7p1m
posebusters,RLDiff RL++,0,7qfm_ay3,True,True,True,True,7qfm
posebusters,RLDiff RL++,0,7cl8_tes,True,True,True,True,7cl8
posebusters,RLDiff RL++,0,7lzd_yhy,True,True,True,True,7lzd
posebusters,RLDiff RL++,0,7mfp_z7p,True,True,False,False,7mfp
posebusters,RLDiff RL++,0,7b94_anp,True,True,False,False,7b94
posebusters,RLDiff RL++,0,7pjq_owh,True,True,True,True,7pjq
posebusters,RLDiff RL++,0,7l03_f9f,True,True,True,True,7l03
posebusters,RLDiff RL++,0,6xg5_top,True,True,True,True,6xg5
posebusters,RLDiff RL++,0,8b8h_ojq,True,True,True,True,8b8h
posebusters,RLDiff RL++,0,7f51_ba7,True,True,True,True,7f51
posebusters,RLDiff RL++,0,7uas_mbu,False,False,True,True,7uas
posebusters,RLDiff RL++,0,7uj4_oq4,True,True,True,True,7uj4
posebusters,RLDiff RL++,0,7prm_81i,True,True,True,True,7prm
posebusters,RLDiff RL++,0,7bjj_tvw,True,True,False,False,7bjj
posebusters,RLDiff RL++,0,7wcf_acp,True,True,True,True,7wcf
posebusters,RLDiff RL++,0,8csd_c5p,True,True,True,True,8csd
posebusters,RLDiff RL++,0,7xpo_upg,False,False,False,False,7xpo
posebusters,RLDiff RL++,0,8eye_x4i,True,True,False,False,8eye
posebusters,RLDiff RL++,0,7ctm_bdp,True,True,True,True,7ctm
posebusters,RLDiff RL++,0,6xm9_v55,True,True,True,True,6xm9
posebusters,RLDiff RL++,0,8fav_4y5,False,False,True,True,8fav
posebusters,RLDiff RL++,0,6wtn_rxt,True,True,True,True,6wtn
posebusters,RLDiff RL++,0,5sak_zry,True,True,False,False,5sak
posebusters,RLDiff RL++,0,7p4c_5ov,True,True,True,True,7p4c
posebusters,RLDiff RL++,0,7epv_fda,False,False,True,True,7epv
posebusters,RLDiff RL++,0,7q2b_m6h,True,True,True,True,7q2b
posebusters,RLDiff RL++,0,6z1c_7ey,True,True,True,True,6z1c
posebusters,RLDiff RL++,0,7n4n_0bk,False,False,True,True,7n4n
posebusters,RLDiff RL++,0,7n7h_ctp,True,True,True,True,7n7h
posebusters,RLDiff RL++,0,7lev_0jo,True,True,True,True,7lev
posebusters,RLDiff RL++,0,7m31_tdr,False,False,True,True,7m31
posebusters,RLDiff RL++,0,7xjn_nsd,True,True,True,True,7xjn
posebusters,RLDiff RL++,0,7ush_82v,True,True,True,True,7ush
posebusters,RLDiff RL++,0,7thi_pga,True,True,True,True,7thi
posebusters,RLDiff RL++,0,7xfa_d9j,True,True,True,True,7xfa
posebusters,RLDiff RL++,0,7yzu_do7,True,True,True,True,7yzu
posebusters,RLDiff RL++,0,7oso_0v1,False,False,False,False,7oso
posebusters,RLDiff RL++,0,7wdt_ngs,True,True,False,False,7wdt
posebusters,RLDiff RL++,0,7uq3_o2u,True,True,True,True,7uq3
posebusters,RLDiff RL++,0,6m73_fnr,True,True,True,True,6m73
posebusters,RLDiff RL++,0,8aem_lvf,True,True,True,True,8aem
posebusters,RLDiff RL++,0,7kc5_bjz,True,True,True,True,7kc5
posebusters,RLDiff RL++,0,7o1t_5x8,True,True,True,True,7o1t
posebusters,RLDiff RL++,0,7lcu_xta,True,True,True,True,7lcu
posebusters,RLDiff RL++,0,7pih_7qw,True,True,False,False,7pih
posebusters,RLDiff RL++,0,7r59_i5f,True,True,True,True,7r59
posebusters,RLDiff RL++,0,7my1_ipe,True,True,False,False,7my1
posebusters,RLDiff RL++,0,8auh_l9i,False,False,True,False,8auh
posebusters,RLDiff RL++,0,7vq9_isy,True,True,True,True,7vq9
posebusters,RLDiff RL++,0,6z0r_q4h,False,False,True,True,6z0r
posebusters,RLDiff RL++,0,7mwn_wi5,True,True,False,False,7mwn
posebusters,RLDiff RL++,0,8hfn_xgc,True,True,True,True,8hfn
posebusters,RLDiff RL++,0,7kru_atp,True,True,True,True,7kru
posebusters,RLDiff RL++,0,7x9k_8og,True,True,True,True,7x9k
posebusters,RLDiff RL++,0,8a1h_dlz,True,True,True,True,8a1h
posebusters,RLDiff RL++,0,7fha_adx,True,True,True,True,7fha
posebusters,RLDiff RL++,0,7zcc_oga,True,True,True,True,7zcc
posebusters,RLDiff RL++,0,7oz9_ngk,True,True,True,True,7oz9
posebusters,RLDiff RL++,0,7off_vcb,True,True,True,True,7off
posebusters,RLDiff RL++,0,8dko_tfb,True,True,True,True,8dko
posebusters,RLDiff RL++,0,7vkz_noj,False,False,False,False,7vkz
posebusters,RLDiff RL++,0,7afx_r9k,True,True,True,True,7afx
posebusters,RLDiff RL++,0,7uaw_mf6,True,False,True,True,7uaw
posebusters,RLDiff RL++,0,7xqz_fpf,False,False,True,True,7xqz
posebusters,RLDiff RL++,0,6zk5_imh,False,False,False,False,6zk5
posebusters,RLDiff RL++,0,7q25_8j9,True,True,False,False,7q25
posebusters,RLDiff RL++,0,7nsw_hc4,True,True,True,True,7nsw
posebusters,RLDiff RL++,0,6z4n_q7b,True,True,True,True,6z4n
posebusters,RLDiff RL++,1,7cnq_g8x,True,True,True,True,7cnq
posebusters,RLDiff RL++,1,6yms_ozh,False,False,False,False,6yms
posebusters,RLDiff RL++,1,7t0d_fpp,False,False,False,False,7t0d
posebusters,RLDiff RL++,1,6xht_v2v,True,True,True,True,6xht
posebusters,RLDiff RL++,1,7an5_rdh,False,False,True,True,7an5
posebusters,RLDiff RL++,1,8c5m_mta,True,True,True,True,8c5m
posebusters,RLDiff RL++,1,6vta_akn,False,False,False,False,6vta
posebusters,RLDiff RL++,1,7p1f_kfn,False,False,True,True,7p1f
posebusters,RLDiff RL++,1,7l5f_xng,False,False,True,True,7l5f
posebusters,RLDiff RL++,1,8exl_799,True,True,True,True,8exl
posebusters,RLDiff RL++,1,7utw_nai,True,True,True,False,7utw
posebusters,RLDiff RL++,1,7nfb_gen,True,True,True,True,7nfb
posebusters,RLDiff RL++,1,7nu0_dcl,True,True,True,True,7nu0
posebusters,RLDiff RL++,1,7btt_f8r,True,True,True,True,7btt
posebusters,RLDiff RL++,1,6tw5_9m2,True,True,True,True,6tw5
posebusters,RLDiff RL++,1,7txk_lw8,True,True,True,True,7txk
posebusters,RLDiff RL++,1,7wy1_d0l,False,False,True,True,7wy1
posebusters,RLDiff RL++,1,6t88_mwq,True,True,True,True,6t88
posebusters,RLDiff RL++,1,7ror_69x,True,True,True,True,7ror
posebusters,RLDiff RL++,1,7t1d_e7k,True,True,True,True,7t1d
posebusters,RLDiff RL++,1,7w05_gmp,False,False,True,True,7w05
posebusters,RLDiff RL++,1,7b2c_tp7,True,False,True,False,7b2c
posebusters,RLDiff RL++,1,8g6p_api,True,True,True,True,8g6p
posebusters,RLDiff RL++,1,6zpb_3d1,True,True,True,True,6zpb
posebusters,RLDiff RL++,1,7rws_4ur,False,False,False,False,7rws
posebusters,RLDiff RL++,1,7wl4_jfu,False,False,True,True,7wl4
posebusters,RLDiff RL++,1,7c0u_fgo,False,False,False,False,7c0u
posebusters,RLDiff RL++,1,7pk0_byc,False,False,False,False,7pk0
posebusters,RLDiff RL++,1,7xi7_4ri,True,True,True,True,7xi7
posebusters,RLDiff RL++,1,8ex2_q2q,True,True,True,True,8ex2
posebusters,RLDiff RL++,1,7jy3_vud,False,False,False,False,7jy3
posebusters,RLDiff RL++,1,7n03_zrp,False,False,True,True,7n03
posebusters,RLDiff RL++,1,7v43_c4o,True,True,False,False,7v43
posebusters,RLDiff RL++,1,7vb8_stl,True,True,False,False,7vb8
posebusters,RLDiff RL++,1,8dsc_nca,True,True,True,True,8dsc
posebusters,RLDiff RL++,1,7z7f_if3,True,True,True,True,7z7f
posebusters,RLDiff RL++,1,7bka_4jc,True,True,True,True,7bka
posebusters,RLDiff RL++,1,7dkt_glf,True,True,False,False,7dkt
posebusters,RLDiff RL++,1,7qf4_rbf,True,True,True,True,7qf4
posebusters,RLDiff RL++,1,7qhg_t3b,True,True,True,True,7qhg
posebusters,RLDiff RL++,1,7vwf_k55,True,True,True,True,7vwf
posebusters,RLDiff RL++,1,7zhp_iqy,True,True,True,True,7zhp
posebusters,RLDiff RL++,1,7es1_udp,True,True,True,True,7es1
posebusters,RLDiff RL++,1,7bcp_gco,True,True,True,True,7bcp
posebusters,RLDiff RL++,1,8ay3_oe3,False,False,False,False,8ay3
posebusters,RLDiff RL++,1,7r9n_f97,True,True,True,True,7r9n
posebusters,RLDiff RL++,1,7ujf_r3v,True,True,False,False,7ujf
posebusters,RLDiff RL++,1,7jmv_4nc,False,False,True,True,7jmv
posebusters,RLDiff RL++,1,7vc5_9sf,True,True,True,True,7vc5
posebusters,RLDiff RL++,1,7tsf_h4b,True,True,True,True,7tsf
posebusters,RLDiff RL++,1,7vbu_6i4,False,False,True,True,7vbu
posebusters,RLDiff RL++,1,8slg_g5a,True,True,True,True,8slg
posebusters,RLDiff RL++,1,7ebg_j0l,True,True,True,True,7ebg
posebusters,RLDiff RL++,1,8cnh_v6u,False,False,True,True,8cnh
posebusters,RLDiff RL++,1,7pri_7ti,False,False,False,False,7pri
posebusters,RLDiff RL++,1,7lou_ifm,True,True,True,True,7lou
posebusters,RLDiff RL++,1,7d5c_gv6,True,True,True,True,7d5c
posebusters,RLDiff RL++,1,7u0u_fk5,True,True,False,False,7u0u
posebusters,RLDiff RL++,1,6m2b_ezo,True,True,True,True,6m2b
posebusters,RLDiff RL++,1,6yr2_t1c,True,True,True,True,6yr2
posebusters,RLDiff RL++,1,7zdy_6mj,True,True,True,True,7zdy
posebusters,RLDiff RL++,1,7xg5_plp,True,True,True,True,7xg5
posebusters,RLDiff RL++,1,5sd5_hwi,True,True,True,True,5sd5
posebusters,RLDiff RL++,1,7r3d_apr,False,False,True,True,7r3d
posebusters,RLDiff RL++,1,7z2o_iaj,False,False,True,True,7z2o
posebusters,RLDiff RL++,1,7n6f_0i1,True,True,True,True,7n6f
posebusters,RLDiff RL++,1,7sza_dui,True,True,True,True,7sza
posebusters,RLDiff RL++,1,8aql_plg,False,False,True,True,8aql
posebusters,RLDiff RL++,1,6xct_478,True,True,True,False,6xct
posebusters,RLDiff RL++,1,7nf0_byn,True,True,True,True,7nf0
posebusters,RLDiff RL++,1,7c8q_dsg,True,True,True,True,7c8q
posebusters,RLDiff RL++,1,7mgt_zd4,True,True,True,True,7mgt
posebusters,RLDiff RL++,1,8d39_qdb,True,True,True,True,8d39
posebusters,RLDiff RL++,1,7bnh_bez,True,True,True,True,7bnh
posebusters,RLDiff RL++,1,7zzw_kkw,True,True,False,False,7zzw
posebusters,RLDiff RL++,1,7ljn_gtp,False,False,False,False,7ljn
posebusters,RLDiff RL++,1,7qta_uri,True,True,True,True,7qta
posebusters,RLDiff RL++,1,7l7c_xq1,True,True,True,True,7l7c
posebusters,RLDiff RL++,1,7wuy_76n,True,True,False,False,7wuy
posebusters,RLDiff RL++,1,7m6k_yrj,False,False,False,False,7m6k
posebusters,RLDiff RL++,1,8flv_zb9,True,True,True,True,8flv
posebusters,RLDiff RL++,1,6xbo_5mc,True,True,True,True,6xbo
posebusters,RLDiff RL++,1,7wux_6oi,True,True,True,True,7wux
posebusters,RLDiff RL++,1,7ofk_vch,True,True,True,True,7ofk
posebusters,RLDiff RL++,1,7op9_06k,False,False,False,False,7op9
posebusters,RLDiff RL++,1,7cij_g0c,True,True,True,True,7cij
posebusters,RLDiff RL++,1,7akl_rk5,False,False,True,True,7akl
posebusters,RLDiff RL++,1,7p2i_mfu,True,True,False,False,7p2i
posebusters,RLDiff RL++,1,7scw_gsp,True,True,True,True,7scw
posebusters,RLDiff RL++,1,6yyo_q1k,True,True,True,True,6yyo
posebusters,RLDiff RL++,1,7o0n_cdp,True,True,False,False,7o0n
posebusters,RLDiff RL++,1,8aau_lh0,True,True,True,True,8aau
posebusters,RLDiff RL++,1,7pom_7vz,True,True,True,True,7pom
posebusters,RLDiff RL++,1,7zxv_45d,True,False,False,False,7zxv
posebusters,RLDiff RL++,1,7v3n_akg,True,True,False,False,7v3n
posebusters,RLDiff RL++,1,7qe4_nga,True,True,True,True,7qe4
posebusters,RLDiff RL++,1,7xrl_fwk,False,False,False,False,7xrl
posebusters,RLDiff RL++,1,7myu_zr7,True,True,True,True,7myu
posebusters,RLDiff RL++,1,7f5d_euo,True,True,True,True,7f5d
posebusters,RLDiff RL++,1,8fo5_y4u,True,True,True,True,8fo5
posebusters,RLDiff RL++,1,7r6j_2i7,False,False,False,False,7r6j
posebusters,RLDiff RL++,1,7e4l_mdn,True,True,True,True,7e4l
posebusters,RLDiff RL++,1,7wqq_5z6,True,True,True,True,7wqq
posebusters,RLDiff RL++,1,7nlv_uje,True,True,True,True,7nlv
posebusters,RLDiff RL++,1,7pt3_3kk,True,True,False,False,7pt3
posebusters,RLDiff RL++,1,7sfo_98l,True,True,True,True,7sfo
posebusters,RLDiff RL++,1,7n4w_p4v,True,True,True,True,7n4w
posebusters,RLDiff RL++,1,6tw7_nzb,False,False,True,True,6tw7
posebusters,RLDiff RL++,1,8f8e_xji,False,False,True,True,8f8e
posebusters,RLDiff RL++,1,7ulc_56b,True,True,True,True,7ulc
posebusters,RLDiff RL++,1,7uj5_dgl,True,True,True,True,7uj5
posebusters,RLDiff RL++,1,7umw_nad,True,True,True,True,7umw
posebusters,RLDiff RL++,1,7np6_uk8,True,True,True,True,7np6
posebusters,RLDiff RL++,1,7moi_hps,True,True,True,True,7moi
posebusters,RLDiff RL++,1,7sdd_4ip,True,True,False,False,7sdd
posebusters,RLDiff RL++,1,7v14_oru,True,True,True,True,7v14
posebusters,RLDiff RL++,1,7frx_o88,False,False,True,True,7frx
posebusters,RLDiff RL++,1,8gfd_zhr,True,True,True,True,8gfd
posebusters,RLDiff RL++,1,7kqu_yof,True,True,True,True,7kqu
posebusters,RLDiff RL++,1,8bti_rfo,True,True,False,False,8bti
posebusters,RLDiff RL++,1,7tm6_gpj,True,True,True,True,7tm6
posebusters,RLDiff RL++,1,7m3h_ypv,False,False,True,True,7m3h
posebusters,RLDiff RL++,1,7cd9_fvr,True,True,True,True,7cd9
posebusters,RLDiff RL++,1,7rh3_59o,True,True,False,False,7rh3
posebusters,RLDiff RL++,1,7bmi_u4b,True,True,True,True,7bmi
posebusters,RLDiff RL++,1,7zu2_dht,True,True,True,True,7zu2
posebusters,RLDiff RL++,1,7nr8_uoe,True,True,True,True,7nr8
posebusters,RLDiff RL++,1,7n7b_t3f,False,False,True,True,7n7b
posebusters,RLDiff RL++,1,8d5d_5dk,False,False,True,True,8d5d
posebusters,RLDiff RL++,1,7vyj_ca0,False,False,False,False,7vyj
posebusters,RLDiff RL++,1,7c3u_azg,False,False,False,False,7c3u
posebusters,RLDiff RL++,1,8eab_vn2,False,False,False,False,8eab
posebusters,RLDiff RL++,1,7oeo_v9z,False,False,True,True,7oeo
posebusters,RLDiff RL++,1,7u3j_l6u,False,False,False,False,7u3j
posebusters,RLDiff RL++,1,8f4j_pho,False,False,False,False,8f4j
posebusters,RLDiff RL++,1,7ts6_kmi,False,False,True,True,7ts6
posebusters,RLDiff RL++,1,7ozc_g6s,True,True,True,True,7ozc
posebusters,RLDiff RL++,1,7tom_5ad,True,True,True,True,7tom
posebusters,RLDiff RL++,1,7jxx_vp7,True,True,True,True,7jxx
posebusters,RLDiff RL++,1,7lmo_nyo,False,False,True,True,7lmo
posebusters,RLDiff RL++,1,7th4_ffo,True,True,False,False,7th4
posebusters,RLDiff RL++,1,7siu_9id,True,True,True,True,7siu
posebusters,RLDiff RL++,1,7x5n_5m5,True,True,True,True,7x5n
posebusters,RLDiff RL++,1,7tbu_s3p,True,True,True,True,7tbu
posebusters,RLDiff RL++,1,7zoc_t8e,True,True,True,True,7zoc
posebusters,RLDiff RL++,1,7ft9_4mb,False,False,False,False,7ft9
posebusters,RLDiff RL++,1,7ecr_sin,True,True,True,True,7ecr
posebusters,RLDiff RL++,1,6z2c_q5e,True,True,True,True,6z2c
posebusters,RLDiff RL++,1,7t3e_slb,True,True,True,True,7t3e
posebusters,RLDiff RL++,1,7omx_cna,False,False,True,True,7omx
posebusters,RLDiff RL++,1,7kb1_wbj,True,True,True,True,7kb1
posebusters,RLDiff RL++,1,7a9h_tpp,False,False,True,True,7a9h
posebusters,RLDiff RL++,1,8ho0_3zi,True,True,True,True,8ho0
posebusters,RLDiff RL++,1,7jhq_vaj,True,True,True,True,7jhq
posebusters,RLDiff RL++,1,7q27_8kc,True,True,False,False,7q27
posebusters,RLDiff RL++,1,7puv_84z,True,True,True,True,7puv
posebusters,RLDiff RL++,1,7pgx_fmn,True,True,False,False,7pgx
posebusters,RLDiff RL++,1,7ztl_bcn,False,False,False,False,7ztl
posebusters,RLDiff RL++,1,5sb2_1k2,True,True,True,True,5sb2
posebusters,RLDiff RL++,1,7uyb_ok0,True,True,True,True,7uyb
posebusters,RLDiff RL++,1,7pl1_sfg,True,True,True,True,7pl1
posebusters,RLDiff RL++,1,7nf3_4lu,True,True,True,True,7nf3
posebusters,RLDiff RL++,1,7tb0_ud1,True,True,False,False,7tb0
posebusters,RLDiff RL++,1,7suc_com,False,False,True,True,7suc
posebusters,RLDiff RL++,1,7loe_y84,False,False,True,True,7loe
posebusters,RLDiff RL++,1,7msr_dca,True,True,True,True,7msr
posebusters,RLDiff RL++,1,8d19_gsh,False,False,True,True,8d19
posebusters,RLDiff RL++,1,7te8_p0t,True,True,True,True,7te8
posebusters,RLDiff RL++,1,8bom_qu6,True,True,True,True,8bom
posebusters,RLDiff RL++,1,6yqw_82i,True,True,True,True,6yqw
posebusters,RLDiff RL++,1,7elt_tym,True,True,True,True,7elt
posebusters,RLDiff RL++,1,7rou_66i,True,True,True,True,7rou
posebusters,RLDiff RL++,1,7a9e_r4w,True,True,False,False,7a9e
posebusters,RLDiff RL++,1,8a2d_kxy,False,False,False,False,8a2d
posebusters,RLDiff RL++,1,6yja_2ba,True,True,False,False,6yja
posebusters,RLDiff RL++,1,7nxo_uu8,True,True,True,True,7nxo
posebusters,RLDiff RL++,1,7q5i_i0f,True,True,True,True,7q5i
posebusters,RLDiff RL++,1,7dua_hj0,True,True,True,True,7dua
posebusters,RLDiff RL++,1,7xbv_apc,False,False,True,True,7xbv
posebusters,RLDiff RL++,1,7wkl_caq,False,False,True,True,7wkl
posebusters,RLDiff RL++,1,7ed2_a3p,False,False,True,True,7ed2
posebusters,RLDiff RL++,1,7rsv_7iq,True,True,True,True,7rsv
posebusters,RLDiff RL++,1,7fb7_8nf,False,False,True,True,7fb7
posebusters,RLDiff RL++,1,7mwu_zpm,True,True,True,True,7mwu
posebusters,RLDiff RL++,1,7mgy_zd1,False,False,True,True,7mgy
posebusters,RLDiff RL++,1,7wjb_bgc,True,False,True,True,7wjb
posebusters,RLDiff RL++,1,6z14_q4z,True,True,True,True,6z14
posebusters,RLDiff RL++,1,7z1q_nio,True,True,True,True,7z1q
posebusters,RLDiff RL++,1,8c3n_adp,True,True,True,True,8c3n
posebusters,RLDiff RL++,1,7dql_4cl,False,False,True,True,7dql
posebusters,RLDiff RL++,1,7km8_wpd,True,True,True,True,7km8
posebusters,RLDiff RL++,1,6zcy_qf8,True,True,True,True,6zcy
posebusters,RLDiff RL++,1,7a1p_qw2,True,True,True,True,7a1p
posebusters,RLDiff RL++,1,7f8t_fad,False,False,False,False,7f8t
posebusters,RLDiff RL++,1,7k0v_vqp,True,True,True,True,7k0v
posebusters,RLDiff RL++,1,7w06_itn,True,True,True,True,7w06
posebusters,RLDiff RL++,1,6yrv_pj8,True,True,True,True,6yrv
posebusters,RLDiff RL++,1,6zae_acv,False,False,True,True,6zae
posebusters,RLDiff RL++,1,8dp2_uma,True,True,False,False,8dp2
posebusters,RLDiff RL++,1,7ngw_uaw,True,True,True,True,7ngw
posebusters,RLDiff RL++,1,7lt0_onj,True,True,True,True,7lt0
posebusters,RLDiff RL++,1,8dhg_t78,False,False,True,True,8dhg
posebusters,RLDiff RL++,1,7r7r_awj,True,True,True,True,7r7r
posebusters,RLDiff RL++,1,7p5t_5yg,True,True,True,True,7p5t
posebusters,RLDiff RL++,1,7uxs_ojc,True,True,False,False,7uxs
posebusters,RLDiff RL++,1,8ap0_prp,False,False,False,False,8ap0
posebusters,RLDiff RL++,1,6yt6_pke,True,True,True,True,6yt6
posebusters,RLDiff RL++,1,7qgp_dj8,True,True,True,True,7qgp
posebusters,RLDiff RL++,1,5sis_jsm,True,True,True,True,5sis
posebusters,RLDiff RL++,1,7typ_kur,False,False,True,True,7typ
posebusters,RLDiff RL++,1,7opg_06n,True,True,True,True,7opg
posebusters,RLDiff RL++,1,7rc3_sah,True,True,True,True,7rc3
posebusters,RLDiff RL++,1,7ody_dgi,True,True,True,True,7ody
posebusters,RLDiff RL++,1,7qpp_vdx,True,True,True,False,7qpp
posebusters,RLDiff RL++,1,7nut_glp,True,True,True,True,7nut
posebusters,RLDiff RL++,1,7cuo_phb,True,True,True,True,7cuo
posebusters,RLDiff RL++,1,7uy4_smi,False,False,False,False,7uy4
posebusters,RLDiff RL++,1,6zc3_jor,True,True,True,True,6zc3
posebusters,RLDiff RL++,1,8g0v_yht,True,True,True,True,8g0v
posebusters,RLDiff RL++,1,7tuo_kl9,False,False,True,True,7tuo
posebusters,RLDiff RL++,1,7mmh_zjy,True,True,True,True,7mmh
posebusters,RLDiff RL++,1,7zl5_iwe,True,True,True,True,7zl5
posebusters,RLDiff RL++,1,7cns_pmv,True,True,True,True,7cns
posebusters,RLDiff RL++,1,6ysp_pal,True,True,True,True,6ysp
posebusters,RLDiff RL++,1,7zf0_dhr,True,True,True,True,7zf0
posebusters,RLDiff RL++,1,7kz9_xn7,True,True,True,True,7kz9
posebusters,RLDiff RL++,1,7d6o_mte,True,True,True,True,7d6o
posebusters,RLDiff RL++,1,7npl_ukz,True,True,True,True,7npl
posebusters,RLDiff RL++,1,7l00_xcj,True,True,True,True,7l00
posebusters,RLDiff RL++,1,7rni_60i,True,True,False,False,7rni
posebusters,RLDiff RL++,1,7wpw_f15,True,True,True,True,7wpw
posebusters,RLDiff RL++,1,7v3s_5i9,True,True,True,True,7v3s
posebusters,RLDiff RL++,1,7jg0_gar,True,True,False,False,7jg0
posebusters,RLDiff RL++,1,8aie_m7l,False,False,False,False,8aie
posebusters,RLDiff RL++,1,6yqv_8k2,True,True,True,True,6yqv
posebusters,RLDiff RL++,1,7oli_8hg,True,True,True,True,7oli
posebusters,RLDiff RL++,1,7rzl_npo,True,True,True,True,7rzl
posebusters,RLDiff RL++,1,7rkw_5tv,True,True,True,True,7rkw
posebusters,RLDiff RL++,1,7qhl_d5p,False,False,True,True,7qhl
posebusters,RLDiff RL++,1,7p1m_4iu,False,False,True,True,7p1m
posebusters,RLDiff RL++,1,7qfm_ay3,True,True,True,True,7qfm
posebusters,RLDiff RL++,1,7cl8_tes,True,True,True,True,7cl8
posebusters,RLDiff RL++,1,7lzd_yhy,True,True,True,True,7lzd
posebusters,RLDiff RL++,1,7mfp_z7p,False,False,True,False,7mfp
posebusters,RLDiff RL++,1,7b94_anp,True,True,True,True,7b94
posebusters,RLDiff RL++,1,7pjq_owh,False,False,True,True,7pjq
posebusters,RLDiff RL++,1,7l03_f9f,True,True,True,True,7l03
posebusters,RLDiff RL++,1,6xg5_top,True,True,True,True,6xg5
posebusters,RLDiff RL++,1,8b8h_ojq,True,True,True,True,8b8h
posebusters,RLDiff RL++,1,7f51_ba7,True,True,True,True,7f51
posebusters,RLDiff RL++,1,7uas_mbu,False,False,True,True,7uas
posebusters,RLDiff RL++,1,7uj4_oq4,True,True,True,True,7uj4
posebusters,RLDiff RL++,1,7prm_81i,True,True,True,True,7prm
posebusters,RLDiff RL++,1,7bjj_tvw,True,True,False,False,7bjj
posebusters,RLDiff RL++,1,7wcf_acp,True,True,False,False,7wcf
posebusters,RLDiff RL++,1,8csd_c5p,True,True,True,True,8csd
posebusters,RLDiff RL++,1,7xpo_upg,False,False,False,False,7xpo
posebusters,RLDiff RL++,1,8eye_x4i,True,True,True,True,8eye
posebusters,RLDiff RL++,1,7ctm_bdp,True,True,True,True,7ctm
posebusters,RLDiff RL++,1,6xm9_v55,True,True,True,True,6xm9
posebusters,RLDiff RL++,1,8fav_4y5,True,True,True,True,8fav
posebusters,RLDiff RL++,1,6wtn_rxt,True,True,True,True,6wtn
posebusters,RLDiff RL++,1,5sak_zry,True,True,False,False,5sak
posebusters,RLDiff RL++,1,7p4c_5ov,True,True,True,True,7p4c
posebusters,RLDiff RL++,1,7epv_fda,False,False,True,True,7epv
posebusters,RLDiff RL++,1,7q2b_m6h,True,True,True,True,7q2b
posebusters,RLDiff RL++,1,6z1c_7ey,True,True,True,True,6z1c
posebusters,RLDiff RL++,1,7n4n_0bk,True,True,True,True,7n4n
posebusters,RLDiff RL++,1,7n7h_ctp,True,True,True,True,7n7h
posebusters,RLDiff RL++,1,7lev_0jo,True,True,True,True,7lev
posebusters,RLDiff RL++,1,7m31_tdr,True,True,True,True,7m31
posebusters,RLDiff RL++,1,7xjn_nsd,True,True,True,True,7xjn
posebusters,RLDiff RL++,1,7ush_82v,True,True,True,True,7ush
posebusters,RLDiff RL++,1,7thi_pga,False,False,True,True,7thi
posebusters,RLDiff RL++,1,7xfa_d9j,True,True,True,True,7xfa
posebusters,RLDiff RL++,1,7yzu_do7,True,True,True,False,7yzu
posebusters,RLDiff RL++,1,7oso_0v1,False,False,False,False,7oso
posebusters,RLDiff RL++,1,7wdt_ngs,True,True,True,True,7wdt
posebusters,RLDiff RL++,1,7uq3_o2u,True,True,True,True,7uq3
posebusters,RLDiff RL++,1,6m73_fnr,True,True,True,True,6m73
posebusters,RLDiff RL++,1,8aem_lvf,True,True,True,True,8aem
posebusters,RLDiff RL++,1,7kc5_bjz,True,True,True,True,7kc5
posebusters,RLDiff RL++,1,7o1t_5x8,True,True,True,True,7o1t
posebusters,RLDiff RL++,1,7lcu_xta,True,True,True,True,7lcu
posebusters,RLDiff RL++,1,7pih_7qw,True,True,True,False,7pih
posebusters,RLDiff RL++,1,7r59_i5f,True,True,True,True,7r59
posebusters,RLDiff RL++,1,7my1_ipe,True,True,True,True,7my1
posebusters,RLDiff RL++,1,8auh_l9i,False,False,True,False,8auh
posebusters,RLDiff RL++,1,7vq9_isy,False,False,True,True,7vq9
posebusters,RLDiff RL++,1,6z0r_q4h,False,False,True,True,6z0r
posebusters,RLDiff RL++,1,7mwn_wi5,True,True,False,False,7mwn
posebusters,RLDiff RL++,1,8hfn_xgc,True,True,True,True,8hfn
posebusters,RLDiff RL++,1,7kru_atp,True,True,True,True,7kru
posebusters,RLDiff RL++,1,7x9k_8og,True,True,True,True,7x9k
posebusters,RLDiff RL++,1,8a1h_dlz,False,False,True,True,8a1h
posebusters,RLDiff RL++,1,7fha_adx,True,True,True,True,7fha
posebusters,RLDiff RL++,1,7zcc_oga,True,True,True,True,7zcc
posebusters,RLDiff RL++,1,7oz9_ngk,False,False,True,True,7oz9
posebusters,RLDiff RL++,1,7off_vcb,True,True,True,True,7off
posebusters,RLDiff RL++,1,8dko_tfb,True,True,True,True,8dko
posebusters,RLDiff RL++,1,7vkz_noj,False,False,False,False,7vkz
posebusters,RLDiff RL++,1,7afx_r9k,True,True,True,True,7afx
posebusters,RLDiff RL++,1,7uaw_mf6,False,False,True,True,7uaw
posebusters,RLDiff RL++,1,7xqz_fpf,False,False,True,False,7xqz
posebusters,RLDiff RL++,1,6zk5_imh,False,False,False,False,6zk5
posebusters,RLDiff RL++,1,7q25_8j9,True,True,False,False,7q25
posebusters,RLDiff RL++,1,7nsw_hc4,True,True,True,True,7nsw
posebusters,RLDiff RL++,1,6z4n_q7b,True,True,True,True,6z4n
posebusters,RLDiff RL++,2,7cnq_g8x,True,True,True,True,7cnq
posebusters,RLDiff RL++,2,6yms_ozh,False,False,False,False,6yms
posebusters,RLDiff RL++,2,7t0d_fpp,False,False,True,True,7t0d
posebusters,RLDiff RL++,2,6xht_v2v,True,True,True,True,6xht
posebusters,RLDiff RL++,2,7an5_rdh,False,False,True,True,7an5
posebusters,RLDiff RL++,2,8c5m_mta,True,True,True,True,8c5m
posebusters,RLDiff RL++,2,6vta_akn,False,False,False,False,6vta
posebusters,RLDiff RL++,2,7p1f_kfn,False,False,True,True,7p1f
posebusters,RLDiff RL++,2,7l5f_xng,False,False,True,True,7l5f
posebusters,RLDiff RL++,2,8exl_799,True,True,True,True,8exl
posebusters,RLDiff RL++,2,7utw_nai,True,True,True,False,7utw
posebusters,RLDiff RL++,2,7nfb_gen,True,True,True,True,7nfb
posebusters,RLDiff RL++,2,7nu0_dcl,True,True,True,True,7nu0
posebusters,RLDiff RL++,2,7btt_f8r,True,True,True,True,7btt
posebusters,RLDiff RL++,2,6tw5_9m2,False,False,True,True,6tw5
posebusters,RLDiff RL++,2,7txk_lw8,True,True,True,True,7txk
posebusters,RLDiff RL++,2,7wy1_d0l,True,True,True,True,7wy1
posebusters,RLDiff RL++,2,6t88_mwq,True,True,True,True,6t88
posebusters,RLDiff RL++,2,7ror_69x,True,True,True,True,7ror
posebusters,RLDiff RL++,2,7t1d_e7k,True,True,True,True,7t1d
posebusters,RLDiff RL++,2,7w05_gmp,True,True,True,True,7w05
posebusters,RLDiff RL++,2,7b2c_tp7,True,True,True,False,7b2c
posebusters,RLDiff RL++,2,8g6p_api,True,True,True,True,8g6p
posebusters,RLDiff RL++,2,6zpb_3d1,True,True,True,True,6zpb
posebusters,RLDiff RL++,2,7rws_4ur,False,False,False,False,7rws
posebusters,RLDiff RL++,2,7wl4_jfu,True,True,True,True,7wl4
posebusters,RLDiff RL++,2,7c0u_fgo,False,False,False,False,7c0u
posebusters,RLDiff RL++,2,7pk0_byc,False,False,False,False,7pk0
posebusters,RLDiff RL++,2,7xi7_4ri,True,True,True,True,7xi7
posebusters,RLDiff RL++,2,8ex2_q2q,True,True,True,True,8ex2
posebusters,RLDiff RL++,2,7jy3_vud,True,True,False,False,7jy3
posebusters,RLDiff RL++,2,7n03_zrp,False,False,True,True,7n03
posebusters,RLDiff RL++,2,7v43_c4o,True,True,False,False,7v43
posebusters,RLDiff RL++,2,7vb8_stl,True,True,False,False,7vb8
posebusters,RLDiff RL++,2,8dsc_nca,True,True,True,True,8dsc
posebusters,RLDiff RL++,2,7z7f_if3,True,True,True,True,7z7f
posebusters,RLDiff RL++,2,7bka_4jc,True,True,True,True,7bka
posebusters,RLDiff RL++,2,7dkt_glf,True,True,False,False,7dkt
posebusters,RLDiff RL++,2,7qf4_rbf,True,True,True,True,7qf4
posebusters,RLDiff RL++,2,7qhg_t3b,True,True,True,True,7qhg
posebusters,RLDiff RL++,2,7vwf_k55,True,True,True,True,7vwf
posebusters,RLDiff RL++,2,7zhp_iqy,True,True,True,True,7zhp
posebusters,RLDiff RL++,2,7es1_udp,True,True,True,True,7es1
posebusters,RLDiff RL++,2,7bcp_gco,True,True,True,True,7bcp
posebusters,RLDiff RL++,2,8ay3_oe3,False,False,True,True,8ay3
posebusters,RLDiff RL++,2,7r9n_f97,True,True,True,True,7r9n
posebusters,RLDiff RL++,2,7ujf_r3v,True,True,True,True,7ujf
posebusters,RLDiff RL++,2,7jmv_4nc,False,False,True,True,7jmv
posebusters,RLDiff RL++,2,7vc5_9sf,True,True,True,True,7vc5
posebusters,RLDiff RL++,2,7tsf_h4b,True,True,True,True,7tsf
posebusters,RLDiff RL++,2,7vbu_6i4,False,False,True,True,7vbu
posebusters,RLDiff RL++,2,8slg_g5a,True,True,True,True,8slg
posebusters,RLDiff RL++,2,7ebg_j0l,True,True,True,True,7ebg
posebusters,RLDiff RL++,2,8cnh_v6u,False,False,True,True,8cnh
posebusters,RLDiff RL++,2,7pri_7ti,False,False,False,False,7pri
posebusters,RLDiff RL++,2,7lou_ifm,True,True,True,True,7lou
posebusters,RLDiff RL++,2,7d5c_gv6,True,True,True,True,7d5c
posebusters,RLDiff RL++,2,7u0u_fk5,True,True,False,False,7u0u
posebusters,RLDiff RL++,2,6m2b_ezo,True,True,True,True,6m2b
posebusters,RLDiff RL++,2,6yr2_t1c,True,True,True,True,6yr2
posebusters,RLDiff RL++,2,7zdy_6mj,True,True,True,True,7zdy
posebusters,RLDiff RL++,2,7xg5_plp,False,False,True,True,7xg5
posebusters,RLDiff RL++,2,5sd5_hwi,True,True,True,True,5sd5
posebusters,RLDiff RL++,2,7r3d_apr,False,False,True,True,7r3d
posebusters,RLDiff RL++,2,7z2o_iaj,False,False,False,False,7z2o
posebusters,RLDiff RL++,2,7n6f_0i1,True,True,True,True,7n6f
posebusters,RLDiff RL++,2,7sza_dui,True,True,True,True,7sza
posebusters,RLDiff RL++,2,8aql_plg,True,True,True,True,8aql
posebusters,RLDiff RL++,2,6xct_478,True,True,True,False,6xct
posebusters,RLDiff RL++,2,7nf0_byn,True,True,True,True,7nf0
posebusters,RLDiff RL++,2,7c8q_dsg,False,False,True,True,7c8q
posebusters,RLDiff RL++,2,7mgt_zd4,True,True,True,True,7mgt
posebusters,RLDiff RL++,2,8d39_qdb,True,True,True,True,8d39
posebusters,RLDiff RL++,2,7bnh_bez,True,True,True,True,7bnh
posebusters,RLDiff RL++,2,7zzw_kkw,True,True,True,True,7zzw
posebusters,RLDiff RL++,2,7ljn_gtp,False,False,False,False,7ljn
posebusters,RLDiff RL++,2,7qta_uri,True,True,True,True,7qta
posebusters,RLDiff RL++,2,7l7c_xq1,True,True,True,True,7l7c
posebusters,RLDiff RL++,2,7wuy_76n,False,False,True,True,7wuy
posebusters,RLDiff RL++,2,7m6k_yrj,False,False,False,False,7m6k
posebusters,RLDiff RL++,2,8flv_zb9,True,True,True,True,8flv
posebusters,RLDiff RL++,2,6xbo_5mc,True,True,True,True,6xbo
posebusters,RLDiff RL++,2,7wux_6oi,False,False,True,True,7wux
posebusters,RLDiff RL++,2,7ofk_vch,True,True,True,True,7ofk
posebusters,RLDiff RL++,2,7op9_06k,False,False,False,False,7op9
posebusters,RLDiff RL++,2,7cij_g0c,False,False,True,True,7cij
posebusters,RLDiff RL++,2,7akl_rk5,False,False,True,True,7akl
posebusters,RLDiff RL++,2,7p2i_mfu,True,True,False,False,7p2i
posebusters,RLDiff RL++,2,7scw_gsp,True,True,True,True,7scw
posebusters,RLDiff RL++,2,6yyo_q1k,False,False,True,True,6yyo
posebusters,RLDiff RL++,2,7o0n_cdp,True,False,False,False,7o0n
posebusters,RLDiff RL++,2,8aau_lh0,True,True,True,True,8aau
posebusters,RLDiff RL++,2,7pom_7vz,True,True,True,True,7pom
posebusters,RLDiff RL++,2,7zxv_45d,True,False,False,False,7zxv
posebusters,RLDiff RL++,2,7v3n_akg,True,True,False,False,7v3n
posebusters,RLDiff RL++,2,7qe4_nga,True,True,True,True,7qe4
posebusters,RLDiff RL++,2,7xrl_fwk,False,False,False,False,7xrl
posebusters,RLDiff RL++,2,7myu_zr7,True,True,True,True,7myu
posebusters,RLDiff RL++,2,7f5d_euo,True,True,True,True,7f5d
posebusters,RLDiff RL++,2,8fo5_y4u,True,True,True,False,8fo5
posebusters,RLDiff RL++,2,7r6j_2i7,False,False,True,True,7r6j
posebusters,RLDiff RL++,2,7e4l_mdn,True,True,True,True,7e4l
posebusters,RLDiff RL++,2,7wqq_5z6,True,True,True,True,7wqq
posebusters,RLDiff RL++,2,7nlv_uje,True,True,True,True,7nlv
posebusters,RLDiff RL++,2,7pt3_3kk,False,False,False,False,7pt3
posebusters,RLDiff RL++,2,7sfo_98l,False,False,True,True,7sfo
posebusters,RLDiff RL++,2,7n4w_p4v,True,True,True,True,7n4w
posebusters,RLDiff RL++,2,6tw7_nzb,False,False,True,True,6tw7
posebusters,RLDiff RL++,2,8f8e_xji,True,True,True,True,8f8e
posebusters,RLDiff RL++,2,7ulc_56b,True,True,True,True,7ulc
posebusters,RLDiff RL++,2,7uj5_dgl,False,False,True,True,7uj5
posebusters,RLDiff RL++,2,7umw_nad,True,True,True,True,7umw
posebusters,RLDiff RL++,2,7np6_uk8,True,True,True,True,7np6
posebusters,RLDiff RL++,2,7moi_hps,True,True,True,True,7moi
posebusters,RLDiff RL++,2,7sdd_4ip,True,True,False,False,7sdd
posebusters,RLDiff RL++,2,7v14_oru,True,True,True,True,7v14
posebusters,RLDiff RL++,2,7frx_o88,True,True,False,False,7frx
posebusters,RLDiff RL++,2,8gfd_zhr,True,True,True,True,8gfd
posebusters,RLDiff RL++,2,7kqu_yof,True,True,True,True,7kqu
posebusters,RLDiff RL++,2,8bti_rfo,True,True,False,False,8bti
posebusters,RLDiff RL++,2,7tm6_gpj,True,True,True,True,7tm6
posebusters,RLDiff RL++,2,7m3h_ypv,True,True,True,True,7m3h
posebusters,RLDiff RL++,2,7cd9_fvr,True,True,False,False,7cd9
posebusters,RLDiff RL++,2,7rh3_59o,False,False,True,True,7rh3
posebusters,RLDiff RL++,2,7bmi_u4b,True,True,True,True,7bmi
posebusters,RLDiff RL++,2,7zu2_dht,True,True,True,True,7zu2
posebusters,RLDiff RL++,2,7nr8_uoe,True,True,True,True,7nr8
posebusters,RLDiff RL++,2,7n7b_t3f,False,False,True,True,7n7b
posebusters,RLDiff RL++,2,8d5d_5dk,True,True,True,True,8d5d
posebusters,RLDiff RL++,2,7vyj_ca0,False,False,True,True,7vyj
posebusters,RLDiff RL++,2,7c3u_azg,False,False,False,False,7c3u
posebusters,RLDiff RL++,2,8eab_vn2,False,False,False,False,8eab
posebusters,RLDiff RL++,2,7oeo_v9z,True,True,False,False,7oeo
posebusters,RLDiff RL++,2,7u3j_l6u,False,False,True,True,7u3j
posebusters,RLDiff RL++,2,8f4j_pho,True,False,False,False,8f4j
posebusters,RLDiff RL++,2,7ts6_kmi,False,False,True,True,7ts6
posebusters,RLDiff RL++,2,7ozc_g6s,False,False,True,True,7ozc
posebusters,RLDiff RL++,2,7tom_5ad,True,True,True,True,7tom
posebusters,RLDiff RL++,2,7jxx_vp7,True,True,True,True,7jxx
posebusters,RLDiff RL++,2,7lmo_nyo,False,False,True,True,7lmo
posebusters,RLDiff RL++,2,7th4_ffo,True,True,True,True,7th4
posebusters,RLDiff RL++,2,7siu_9id,True,True,True,True,7siu
posebusters,RLDiff RL++,2,7x5n_5m5,True,True,True,True,7x5n
posebusters,RLDiff RL++,2,7tbu_s3p,True,True,True,True,7tbu
posebusters,RLDiff RL++,2,7zoc_t8e,True,True,True,True,7zoc
posebusters,RLDiff RL++,2,7ft9_4mb,False,False,False,False,7ft9
posebusters,RLDiff RL++,2,7ecr_sin,True,True,True,True,7ecr
posebusters,RLDiff RL++,2,6z2c_q5e,True,True,True,True,6z2c
posebusters,RLDiff RL++,2,7t3e_slb,True,True,True,True,7t3e
posebusters,RLDiff RL++,2,7omx_cna,False,False,True,True,7omx
posebusters,RLDiff RL++,2,7kb1_wbj,True,True,True,True,7kb1
posebusters,RLDiff RL++,2,7a9h_tpp,True,True,True,True,7a9h
posebusters,RLDiff RL++,2,8ho0_3zi,True,True,True,True,8ho0
posebusters,RLDiff RL++,2,7jhq_vaj,False,False,True,True,7jhq
posebusters,RLDiff RL++,2,7q27_8kc,True,True,True,True,7q27
posebusters,RLDiff RL++,2,7puv_84z,True,True,True,True,7puv
posebusters,RLDiff RL++,2,7pgx_fmn,True,True,True,True,7pgx
posebusters,RLDiff RL++,2,7ztl_bcn,False,False,False,False,7ztl
posebusters,RLDiff RL++,2,5sb2_1k2,True,True,True,True,5sb2
posebusters,RLDiff RL++,2,7uyb_ok0,True,True,True,True,7uyb
posebusters,RLDiff RL++,2,7pl1_sfg,True,True,True,True,7pl1
posebusters,RLDiff RL++,2,7nf3_4lu,True,True,True,True,7nf3
posebusters,RLDiff RL++,2,7tb0_ud1,False,False,True,True,7tb0
posebusters,RLDiff RL++,2,7suc_com,True,True,True,True,7suc
posebusters,RLDiff RL++,2,7loe_y84,True,True,True,True,7loe
posebusters,RLDiff RL++,2,7msr_dca,True,True,True,True,7msr
posebusters,RLDiff RL++,2,8d19_gsh,False,False,True,True,8d19
posebusters,RLDiff RL++,2,7te8_p0t,True,True,True,True,7te8
posebusters,RLDiff RL++,2,8bom_qu6,True,True,True,True,8bom
posebusters,RLDiff RL++,2,6yqw_82i,True,True,True,True,6yqw
posebusters,RLDiff RL++,2,7elt_tym,True,True,True,True,7elt
posebusters,RLDiff RL++,2,7rou_66i,True,True,True,True,7rou
posebusters,RLDiff RL++,2,7a9e_r4w,False,False,True,True,7a9e
posebusters,RLDiff RL++,2,8a2d_kxy,False,False,False,False,8a2d
posebusters,RLDiff RL++,2,6yja_2ba,True,True,False,False,6yja
posebusters,RLDiff RL++,2,7nxo_uu8,True,True,True,True,7nxo
posebusters,RLDiff RL++,2,7q5i_i0f,True,True,True,False,7q5i
posebusters,RLDiff RL++,2,7dua_hj0,True,True,True,True,7dua
posebusters,RLDiff RL++,2,7xbv_apc,False,False,True,True,7xbv
posebusters,RLDiff RL++,2,7wkl_caq,False,False,True,True,7wkl
posebusters,RLDiff RL++,2,7ed2_a3p,False,False,True,True,7ed2
posebusters,RLDiff RL++,2,7rsv_7iq,True,True,True,True,7rsv
posebusters,RLDiff RL++,2,7fb7_8nf,False,False,True,True,7fb7
posebusters,RLDiff RL++,2,7mwu_zpm,True,True,True,True,7mwu
posebusters,RLDiff RL++,2,7mgy_zd1,False,False,True,True,7mgy
posebusters,RLDiff RL++,2,7wjb_bgc,False,False,True,True,7wjb
posebusters,RLDiff RL++,2,6z14_q4z,True,True,True,True,6z14
posebusters,RLDiff RL++,2,7z1q_nio,True,True,True,True,7z1q
posebusters,RLDiff RL++,2,8c3n_adp,True,True,True,True,8c3n
posebusters,RLDiff RL++,2,7dql_4cl,False,False,True,True,7dql
posebusters,RLDiff RL++,2,7km8_wpd,True,True,True,True,7km8
posebusters,RLDiff RL++,2,6zcy_qf8,True,True,True,True,6zcy
posebusters,RLDiff RL++,2,7a1p_qw2,True,True,True,True,7a1p
posebusters,RLDiff RL++,2,7f8t_fad,False,False,False,False,7f8t
posebusters,RLDiff RL++,2,7k0v_vqp,True,True,True,True,7k0v
posebusters,RLDiff RL++,2,7w06_itn,True,True,True,True,7w06
posebusters,RLDiff RL++,2,6yrv_pj8,True,True,True,True,6yrv
posebusters,RLDiff RL++,2,6zae_acv,False,False,True,True,6zae
posebusters,RLDiff RL++,2,8dp2_uma,True,True,False,False,8dp2
posebusters,RLDiff RL++,2,7ngw_uaw,True,True,True,True,7ngw
posebusters,RLDiff RL++,2,7lt0_onj,True,True,True,True,7lt0
posebusters,RLDiff RL++,2,8dhg_t78,False,False,True,True,8dhg
posebusters,RLDiff RL++,2,7r7r_awj,True,True,True,True,7r7r
posebusters,RLDiff RL++,2,7p5t_5yg,True,True,True,True,7p5t
posebusters,RLDiff RL++,2,7uxs_ojc,True,True,False,False,7uxs
posebusters,RLDiff RL++,2,8ap0_prp,True,True,False,False,8ap0
posebusters,RLDiff RL++,2,6yt6_pke,True,True,True,True,6yt6
posebusters,RLDiff RL++,2,7qgp_dj8,True,True,True,True,7qgp
posebusters,RLDiff RL++,2,5sis_jsm,True,True,True,True,5sis
posebusters,RLDiff RL++,2,7typ_kur,False,False,True,True,7typ
posebusters,RLDiff RL++,2,7opg_06n,True,True,True,True,7opg
posebusters,RLDiff RL++,2,7rc3_sah,True,True,True,True,7rc3
posebusters,RLDiff RL++,2,7ody_dgi,True,True,True,True,7ody
posebusters,RLDiff RL++,2,7qpp_vdx,True,True,True,False,7qpp
posebusters,RLDiff RL++,2,7nut_glp,True,True,True,True,7nut
posebusters,RLDiff RL++,2,7cuo_phb,True,True,True,True,7cuo
posebusters,RLDiff RL++,2,7uy4_smi,False,False,False,False,7uy4
posebusters,RLDiff RL++,2,6zc3_jor,True,True,False,False,6zc3
posebusters,RLDiff RL++,2,8g0v_yht,True,True,True,True,8g0v
posebusters,RLDiff RL++,2,7tuo_kl9,True,True,True,True,7tuo
posebusters,RLDiff RL++,2,7mmh_zjy,True,True,True,True,7mmh
posebusters,RLDiff RL++,2,7zl5_iwe,True,True,True,True,7zl5
posebusters,RLDiff RL++,2,7cns_pmv,False,False,True,True,7cns
posebusters,RLDiff RL++,2,6ysp_pal,True,True,True,True,6ysp
posebusters,RLDiff RL++,2,7zf0_dhr,True,True,True,True,7zf0
posebusters,RLDiff RL++,2,7kz9_xn7,True,True,True,True,7kz9
posebusters,RLDiff RL++,2,7d6o_mte,True,True,True,True,7d6o
posebusters,RLDiff RL++,2,7npl_ukz,True,True,True,True,7npl
posebusters,RLDiff RL++,2,7l00_xcj,True,True,True,True,7l00
posebusters,RLDiff RL++,2,7rni_60i,True,True,False,False,7rni
posebusters,RLDiff RL++,2,7wpw_f15,True,True,True,True,7wpw
posebusters,RLDiff RL++,2,7v3s_5i9,True,True,True,True,7v3s
posebusters,RLDiff RL++,2,7jg0_gar,True,True,True,True,7jg0
posebusters,RLDiff RL++,2,8aie_m7l,True,False,False,False,8aie
posebusters,RLDiff RL++,2,6yqv_8k2,True,True,True,True,6yqv
posebusters,RLDiff RL++,2,7oli_8hg,False,False,True,True,7oli
posebusters,RLDiff RL++,2,7rzl_npo,False,False,True,True,7rzl
posebusters,RLDiff RL++,2,7rkw_5tv,True,True,True,True,7rkw
posebusters,RLDiff RL++,2,7qhl_d5p,False,False,True,True,7qhl
posebusters,RLDiff RL++,2,7p1m_4iu,True,True,True,True,7p1m
posebusters,RLDiff RL++,2,7qfm_ay3,True,True,True,True,7qfm
posebusters,RLDiff RL++,2,7cl8_tes,True,True,True,True,7cl8
posebusters,RLDiff RL++,2,7lzd_yhy,True,True,True,True,7lzd
posebusters,RLDiff RL++,2,7mfp_z7p,False,False,True,False,7mfp
posebusters,RLDiff RL++,2,7b94_anp,True,True,True,True,7b94
posebusters,RLDiff RL++,2,7pjq_owh,True,True,True,True,7pjq
posebusters,RLDiff RL++,2,7l03_f9f,True,True,True,True,7l03
posebusters,RLDiff RL++,2,6xg5_top,True,True,True,True,6xg5
posebusters,RLDiff RL++,2,8b8h_ojq,False,False,True,True,8b8h
posebusters,RLDiff RL++,2,7f51_ba7,True,True,True,True,7f51
posebusters,RLDiff RL++,2,7uas_mbu,False,False,True,True,7uas
posebusters,RLDiff RL++,2,7uj4_oq4,True,True,False,False,7uj4
posebusters,RLDiff RL++,2,7prm_81i,True,True,True,True,7prm
posebusters,RLDiff RL++,2,7bjj_tvw,True,True,False,False,7bjj
posebusters,RLDiff RL++,2,7wcf_acp,True,True,True,True,7wcf
posebusters,RLDiff RL++,2,8csd_c5p,True,True,True,True,8csd
posebusters,RLDiff RL++,2,7xpo_upg,True,True,False,False,7xpo
posebusters,RLDiff RL++,2,8eye_x4i,True,True,False,False,8eye
posebusters,RLDiff RL++,2,7ctm_bdp,True,True,True,True,7ctm
posebusters,RLDiff RL++,2,6xm9_v55,True,True,True,True,6xm9
posebusters,RLDiff RL++,2,8fav_4y5,True,True,True,True,8fav
posebusters,RLDiff RL++,2,6wtn_rxt,True,True,True,True,6wtn
posebusters,RLDiff RL++,2,5sak_zry,True,True,False,False,5sak
posebusters,RLDiff RL++,2,7p4c_5ov,True,True,True,True,7p4c
posebusters,RLDiff RL++,2,7epv_fda,True,True,True,True,7epv
posebusters,RLDiff RL++,2,7q2b_m6h,True,True,True,True,7q2b
posebusters,RLDiff RL++,2,6z1c_7ey,True,True,True,True,6z1c
posebusters,RLDiff RL++,2,7n4n_0bk,True,True,True,True,7n4n
posebusters,RLDiff RL++,2,7n7h_ctp,True,True,True,True,7n7h
posebusters,RLDiff RL++,2,7lev_0jo,True,True,True,True,7lev
posebusters,RLDiff RL++,2,7m31_tdr,True,True,True,True,7m31
posebusters,RLDiff RL++,2,7xjn_nsd,True,True,True,True,7xjn
posebusters,RLDiff RL++,2,7ush_82v,True,True,True,True,7ush
posebusters,RLDiff RL++,2,7thi_pga,True,True,True,True,7thi
posebusters,RLDiff RL++,2,7xfa_d9j,True,True,False,False,7xfa
posebusters,RLDiff RL++,2,7yzu_do7,True,True,True,True,7yzu
posebusters,RLDiff RL++,2,7oso_0v1,False,False,False,False,7oso
posebusters,RLDiff RL++,2,7wdt_ngs,True,True,True,True,7wdt
posebusters,RLDiff RL++,2,7uq3_o2u,True,True,True,True,7uq3
posebusters,RLDiff RL++,2,6m73_fnr,True,True,True,True,6m73
posebusters,RLDiff RL++,2,8aem_lvf,True,True,True,True,8aem
posebusters,RLDiff RL++,2,7kc5_bjz,True,True,True,True,7kc5
posebusters,RLDiff RL++,2,7o1t_5x8,True,True,True,True,7o1t
posebusters,RLDiff RL++,2,7lcu_xta,True,True,True,True,7lcu
posebusters,RLDiff RL++,2,7pih_7qw,True,True,False,False,7pih
posebusters,RLDiff RL++,2,7r59_i5f,True,True,True,True,7r59
posebusters,RLDiff RL++,2,7my1_ipe,True,True,False,False,7my1
posebusters,RLDiff RL++,2,8auh_l9i,False,False,True,True,8auh
posebusters,RLDiff RL++,2,7vq9_isy,False,False,False,False,7vq9
posebusters,RLDiff RL++,2,6z0r_q4h,False,False,True,True,6z0r
posebusters,RLDiff RL++,2,7mwn_wi5,True,True,False,False,7mwn
posebusters,RLDiff RL++,2,8hfn_xgc,True,True,True,True,8hfn
posebusters,RLDiff RL++,2,7kru_atp,True,True,True,True,7kru
posebusters,RLDiff RL++,2,7x9k_8og,True,True,True,True,7x9k
posebusters,RLDiff RL++,2,8a1h_dlz,True,True,True,True,8a1h
posebusters,RLDiff RL++,2,7fha_adx,True,True,True,True,7fha
posebusters,RLDiff RL++,2,7zcc_oga,True,True,False,False,7zcc
posebusters,RLDiff RL++,2,7oz9_ngk,True,True,True,True,7oz9
posebusters,RLDiff RL++,2,7off_vcb,True,True,True,True,7off
posebusters,RLDiff RL++,2,8dko_tfb,False,False,True,True,8dko
posebusters,RLDiff RL++,2,7vkz_noj,False,False,False,False,7vkz
posebusters,RLDiff RL++,2,7afx_r9k,False,False,True,True,7afx
posebusters,RLDiff RL++,2,7uaw_mf6,False,False,True,True,7uaw
posebusters,RLDiff RL++,2,7xqz_fpf,False,False,True,True,7xqz
posebusters,RLDiff RL++,2,6zk5_imh,False,False,False,False,6zk5
posebusters,RLDiff RL++,2,7q25_8j9,True,True,True,True,7q25
posebusters,RLDiff RL++,2,7nsw_hc4,True,True,True,True,7nsw
posebusters,RLDiff RL++,2,6z4n_q7b,True,True,True,True,6z4n
posebusters,DiffBindFR + MDN/EC,0,7cnq_g8x,True,False,True,True,7cnq
posebusters,DiffBindFR + MDN/EC,0,6yms_ozh,False,False,False,False,6yms
posebusters,DiffBindFR + MDN/EC,0,7t0d_fpp,False,False,True,True,7t0d
posebusters,DiffBindFR + MDN/EC,0,6xht_v2v,False,False,True,True,6xht
posebusters,DiffBindFR + MDN/EC,0,7an5_rdh,True,False,True,True,7an5
posebusters,DiffBindFR + MDN/EC,0,8c5m_mta,True,True,True,True,8c5m
posebusters,DiffBindFR + MDN/EC,0,6vta_akn,False,False,False,False,6vta
posebusters,DiffBindFR + MDN/EC,0,7p1f_kfn,True,True,True,True,7p1f
posebusters,DiffBindFR + MDN/EC,0,7l5f_xng,True,True,True,True,7l5f
posebusters,DiffBindFR + MDN/EC,0,8exl_799,True,True,True,True,8exl
posebusters,DiffBindFR + MDN/EC,0,7utw_nai,False,False,True,False,7utw
posebusters,DiffBindFR + MDN/EC,0,7nfb_gen,True,True,True,True,7nfb
posebusters,DiffBindFR + MDN/EC,0,7nu0_dcl,True,True,True,True,7nu0
posebusters,DiffBindFR + MDN/EC,0,7btt_f8r,True,True,True,True,7btt
posebusters,DiffBindFR + MDN/EC,0,6tw5_9m2,True,True,True,True,6tw5
posebusters,DiffBindFR + MDN/EC,0,7txk_lw8,True,False,True,True,7txk
posebusters,DiffBindFR + MDN/EC,0,7wy1_d0l,True,True,True,True,7wy1
posebusters,DiffBindFR + MDN/EC,0,6t88_mwq,True,True,True,True,6t88
posebusters,DiffBindFR + MDN/EC,0,7ror_69x,True,False,True,True,7ror
posebusters,DiffBindFR + MDN/EC,0,7t1d_e7k,True,True,True,True,7t1d
posebusters,DiffBindFR + MDN/EC,0,7w05_gmp,True,False,True,True,7w05
posebusters,DiffBindFR + MDN/EC,0,7b2c_tp7,False,False,False,False,7b2c
posebusters,DiffBindFR + MDN/EC,0,8g6p_api,False,False,True,True,8g6p
posebusters,DiffBindFR + MDN/EC,0,6zpb_3d1,False,False,True,True,6zpb
posebusters,DiffBindFR + MDN/EC,0,7rws_4ur,True,True,False,False,7rws
posebusters,DiffBindFR + MDN/EC,0,7wl4_jfu,True,True,True,True,7wl4
posebusters,DiffBindFR + MDN/EC,0,7c0u_fgo,False,False,False,False,7c0u
posebusters,DiffBindFR + MDN/EC,0,7pk0_byc,False,False,True,True,7pk0
posebusters,DiffBindFR + MDN/EC,0,7xi7_4ri,True,True,True,True,7xi7
posebusters,DiffBindFR + MDN/EC,0,8ex2_q2q,True,True,True,True,8ex2
posebusters,DiffBindFR + MDN/EC,0,7jy3_vud,False,False,False,False,7jy3
posebusters,DiffBindFR + MDN/EC,0,7n03_zrp,True,True,True,True,7n03
posebusters,DiffBindFR + MDN/EC,0,7v43_c4o,True,True,False,False,7v43
posebusters,DiffBindFR + MDN/EC,0,7vb8_stl,True,True,False,False,7vb8
posebusters,DiffBindFR + MDN/EC,0,8dsc_nca,True,True,True,True,8dsc
posebusters,DiffBindFR + MDN/EC,0,7z7f_if3,False,False,True,True,7z7f
posebusters,DiffBindFR + MDN/EC,0,7bka_4jc,True,True,True,True,7bka
posebusters,DiffBindFR + MDN/EC,0,7dkt_glf,True,False,False,False,7dkt
posebusters,DiffBindFR + MDN/EC,0,7qf4_rbf,False,False,True,True,7qf4
posebusters,DiffBindFR + MDN/EC,0,7qhg_t3b,False,False,True,True,7qhg
posebusters,DiffBindFR + MDN/EC,0,7vwf_k55,True,True,True,True,7vwf
posebusters,DiffBindFR + MDN/EC,0,7zhp_iqy,True,True,True,True,7zhp
posebusters,DiffBindFR + MDN/EC,0,7es1_udp,False,False,True,True,7es1
posebusters,DiffBindFR + MDN/EC,0,7bcp_gco,True,False,True,True,7bcp
posebusters,DiffBindFR + MDN/EC,0,8ay3_oe3,True,True,True,True,8ay3
posebusters,DiffBindFR + MDN/EC,0,7r9n_f97,True,True,True,True,7r9n
posebusters,DiffBindFR + MDN/EC,0,7ujf_r3v,True,False,True,False,7ujf
posebusters,DiffBindFR + MDN/EC,0,7jmv_4nc,False,False,True,True,7jmv
posebusters,DiffBindFR + MDN/EC,0,7vc5_9sf,False,False,True,True,7vc5
posebusters,DiffBindFR + MDN/EC,0,7tsf_h4b,False,False,True,True,7tsf
posebusters,DiffBindFR + MDN/EC,0,7vbu_6i4,False,False,True,True,7vbu
posebusters,DiffBindFR + MDN/EC,0,8slg_g5a,True,True,True,True,8slg
posebusters,DiffBindFR + MDN/EC,0,7ebg_j0l,False,False,True,True,7ebg
posebusters,DiffBindFR + MDN/EC,0,8cnh_v6u,True,False,True,True,8cnh
posebusters,DiffBindFR + MDN/EC,0,7pri_7ti,False,False,False,False,7pri
posebusters,DiffBindFR + MDN/EC,0,7lou_ifm,True,True,True,True,7lou
posebusters,DiffBindFR + MDN/EC,0,7d5c_gv6,False,False,True,True,7d5c
posebusters,DiffBindFR + MDN/EC,0,7u0u_fk5,True,True,False,False,7u0u
posebusters,DiffBindFR + MDN/EC,0,6m2b_ezo,False,False,True,True,6m2b
posebusters,DiffBindFR + MDN/EC,0,6yr2_t1c,True,False,True,True,6yr2
posebusters,DiffBindFR + MDN/EC,0,7zdy_6mj,True,True,True,True,7zdy
posebusters,DiffBindFR + MDN/EC,0,7xg5_plp,True,True,True,True,7xg5
posebusters,DiffBindFR + MDN/EC,0,5sd5_hwi,False,False,True,True,5sd5
posebusters,DiffBindFR + MDN/EC,0,7r3d_apr,True,False,True,True,7r3d
posebusters,DiffBindFR + MDN/EC,0,7z2o_iaj,False,False,True,True,7z2o
posebusters,DiffBindFR + MDN/EC,0,7n6f_0i1,True,False,True,True,7n6f
posebusters,DiffBindFR + MDN/EC,0,7sza_dui,False,False,True,True,7sza
posebusters,DiffBindFR + MDN/EC,0,8aql_plg,True,True,True,True,8aql
posebusters,DiffBindFR + MDN/EC,0,6xct_478,False,False,True,False,6xct
posebusters,DiffBindFR + MDN/EC,0,7nf0_byn,False,False,True,True,7nf0
posebusters,DiffBindFR + MDN/EC,0,7c8q_dsg,False,False,True,True,7c8q
posebusters,DiffBindFR + MDN/EC,0,7mgt_zd4,True,True,True,True,7mgt
posebusters,DiffBindFR + MDN/EC,0,8d39_qdb,True,True,True,True,8d39
posebusters,DiffBindFR + MDN/EC,0,7bnh_bez,True,False,True,True,7bnh
posebusters,DiffBindFR + MDN/EC,0,7zzw_kkw,False,False,True,True,7zzw
posebusters,DiffBindFR + MDN/EC,0,7ljn_gtp,False,False,False,False,7ljn
posebusters,DiffBindFR + MDN/EC,0,7qta_uri,True,True,True,True,7qta
posebusters,DiffBindFR + MDN/EC,0,7l7c_xq1,False,False,True,True,7l7c
posebusters,DiffBindFR + MDN/EC,0,7wuy_76n,False,False,False,False,7wuy
posebusters,DiffBindFR + MDN/EC,0,7m6k_yrj,False,False,False,False,7m6k
posebusters,DiffBindFR + MDN/EC,0,8flv_zb9,False,False,True,True,8flv
posebusters,DiffBindFR + MDN/EC,0,6xbo_5mc,True,False,True,True,6xbo
posebusters,DiffBindFR + MDN/EC,0,7wux_6oi,False,False,True,True,7wux
posebusters,DiffBindFR + MDN/EC,0,7ofk_vch,True,False,True,True,7ofk
posebusters,DiffBindFR + MDN/EC,0,7op9_06k,False,False,False,False,7op9
posebusters,DiffBindFR + MDN/EC,0,7cij_g0c,True,True,True,True,7cij
posebusters,DiffBindFR + MDN/EC,0,7akl_rk5,False,False,True,True,7akl
posebusters,DiffBindFR + MDN/EC,0,7p2i_mfu,True,True,False,False,7p2i
posebusters,DiffBindFR + MDN/EC,0,7scw_gsp,True,True,True,True,7scw
posebusters,DiffBindFR + MDN/EC,0,6yyo_q1k,True,True,True,True,6yyo
posebusters,DiffBindFR + MDN/EC,0,7o0n_cdp,True,False,True,True,7o0n
posebusters,DiffBindFR + MDN/EC,0,8aau_lh0,False,False,True,True,8aau
posebusters,DiffBindFR + MDN/EC,0,7pom_7vz,False,False,True,True,7pom
posebusters,DiffBindFR + MDN/EC,0,7zxv_45d,True,False,False,False,7zxv
posebusters,DiffBindFR + MDN/EC,0,7v3n_akg,True,True,False,False,7v3n
posebusters,DiffBindFR + MDN/EC,0,7qe4_nga,False,False,True,True,7qe4
posebusters,DiffBindFR + MDN/EC,0,7xrl_fwk,False,False,False,False,7xrl
posebusters,DiffBindFR + MDN/EC,0,7myu_zr7,True,True,True,True,7myu
posebusters,DiffBindFR + MDN/EC,0,7f5d_euo,True,True,True,True,7f5d
posebusters,DiffBindFR + MDN/EC,0,8fo5_y4u,True,True,True,False,8fo5
posebusters,DiffBindFR + MDN/EC,0,7r6j_2i7,False,False,True,True,7r6j
posebusters,DiffBindFR + MDN/EC,0,7e4l_mdn,False,False,True,True,7e4l
posebusters,DiffBindFR + MDN/EC,0,7wqq_5z6,True,True,True,True,7wqq
posebusters,DiffBindFR + MDN/EC,0,7nlv_uje,True,True,True,True,7nlv
posebusters,DiffBindFR + MDN/EC,0,7pt3_3kk,False,False,False,False,7pt3
posebusters,DiffBindFR + MDN/EC,0,7sfo_98l,False,False,True,True,7sfo
posebusters,DiffBindFR + MDN/EC,0,7n4w_p4v,False,False,True,True,7n4w
posebusters,DiffBindFR + MDN/EC,0,6tw7_nzb,False,False,True,True,6tw7
posebusters,DiffBindFR + MDN/EC,0,8f8e_xji,False,False,True,True,8f8e
posebusters,DiffBindFR + MDN/EC,0,7ulc_56b,True,True,True,True,7ulc
posebusters,DiffBindFR + MDN/EC,0,7uj5_dgl,False,False,True,True,7uj5
posebusters,DiffBindFR + MDN/EC,0,7umw_nad,False,False,True,True,7umw
posebusters,DiffBindFR + MDN/EC,0,7np6_uk8,False,False,True,True,7np6
posebusters,DiffBindFR + MDN/EC,0,7moi_hps,True,True,False,False,7moi
posebusters,DiffBindFR + MDN/EC,0,7sdd_4ip,False,False,False,False,7sdd
posebusters,DiffBindFR + MDN/EC,0,7v14_oru,True,True,True,True,7v14
posebusters,DiffBindFR + MDN/EC,0,7frx_o88,False,False,True,True,7frx
posebusters,DiffBindFR + MDN/EC,0,8gfd_zhr,False,False,True,True,8gfd
posebusters,DiffBindFR + MDN/EC,0,7kqu_yof,True,False,True,True,7kqu
posebusters,DiffBindFR + MDN/EC,0,8bti_rfo,True,False,False,False,8bti
posebusters,DiffBindFR + MDN/EC,0,7tm6_gpj,False,False,True,True,7tm6
posebusters,DiffBindFR + MDN/EC,0,7m3h_ypv,False,False,True,True,7m3h
posebusters,DiffBindFR + MDN/EC,0,7cd9_fvr,True,True,True,True,7cd9
posebusters,DiffBindFR + MDN/EC,0,7rh3_59o,False,False,True,True,7rh3
posebusters,DiffBindFR + MDN/EC,0,7bmi_u4b,False,False,True,True,7bmi
posebusters,DiffBindFR + MDN/EC,0,7zu2_dht,True,True,True,True,7zu2
posebusters,DiffBindFR + MDN/EC,0,7nr8_uoe,True,False,True,True,7nr8
posebusters,DiffBindFR + MDN/EC,0,7n7b_t3f,False,False,False,False,7n7b
posebusters,DiffBindFR + MDN/EC,0,8d5d_5dk,False,False,True,True,8d5d
posebusters,DiffBindFR + MDN/EC,0,7vyj_ca0,False,False,True,True,7vyj
posebusters,DiffBindFR + MDN/EC,0,7c3u_azg,False,False,False,False,7c3u
posebusters,DiffBindFR + MDN/EC,0,8eab_vn2,False,False,True,True,8eab
posebusters,DiffBindFR + MDN/EC,0,7oeo_v9z,False,False,True,True,7oeo
posebusters,DiffBindFR + MDN/EC,0,7u3j_l6u,False,False,True,True,7u3j
posebusters,DiffBindFR + MDN/EC,0,8f4j_pho,False,False,False,False,8f4j
posebusters,DiffBindFR + MDN/EC,0,7ts6_kmi,False,False,True,True,7ts6
posebusters,DiffBindFR + MDN/EC,0,7ozc_g6s,False,False,True,True,7ozc
posebusters,DiffBindFR + MDN/EC,0,7tom_5ad,True,False,True,True,7tom
posebusters,DiffBindFR + MDN/EC,0,7jxx_vp7,True,False,True,True,7jxx
posebusters,DiffBindFR + MDN/EC,0,7lmo_nyo,False,False,True,True,7lmo
posebusters,DiffBindFR + MDN/EC,0,7th4_ffo,False,False,True,True,7th4
posebusters,DiffBindFR + MDN/EC,0,7siu_9id,True,True,True,True,7siu
posebusters,DiffBindFR + MDN/EC,0,7x5n_5m5,True,True,True,True,7x5n
posebusters,DiffBindFR + MDN/EC,0,7tbu_s3p,True,False,True,True,7tbu
posebusters,DiffBindFR + MDN/EC,0,7zoc_t8e,False,False,True,True,7zoc
posebusters,DiffBindFR + MDN/EC,0,7ft9_4mb,True,True,False,False,7ft9
posebusters,DiffBindFR + MDN/EC,0,7ecr_sin,True,True,True,True,7ecr
posebusters,DiffBindFR + MDN/EC,0,6z2c_q5e,False,False,True,True,6z2c
posebusters,DiffBindFR + MDN/EC,0,7t3e_slb,True,True,True,True,7t3e
posebusters,DiffBindFR + MDN/EC,0,7omx_cna,False,False,True,True,7omx
posebusters,DiffBindFR + MDN/EC,0,7kb1_wbj,True,False,True,True,7kb1
posebusters,DiffBindFR + MDN/EC,0,7a9h_tpp,False,False,True,True,7a9h
posebusters,DiffBindFR + MDN/EC,0,8ho0_3zi,True,True,True,True,8ho0
posebusters,DiffBindFR + MDN/EC,0,7jhq_vaj,True,False,True,True,7jhq
posebusters,DiffBindFR + MDN/EC,0,7q27_8kc,True,True,True,True,7q27
posebusters,DiffBindFR + MDN/EC,0,7puv_84z,True,True,True,True,7puv
posebusters,DiffBindFR + MDN/EC,0,7pgx_fmn,True,True,False,False,7pgx
posebusters,DiffBindFR + MDN/EC,0,7ztl_bcn,False,False,True,True,7ztl
posebusters,DiffBindFR + MDN/EC,0,5sb2_1k2,True,True,True,True,5sb2
posebusters,DiffBindFR + MDN/EC,0,7uyb_ok0,False,False,True,True,7uyb
posebusters,DiffBindFR + MDN/EC,0,7pl1_sfg,True,True,True,True,7pl1
posebusters,DiffBindFR + MDN/EC,0,7nf3_4lu,True,False,True,True,7nf3
posebusters,DiffBindFR + MDN/EC,0,7tb0_ud1,False,False,False,False,7tb0
posebusters,DiffBindFR + MDN/EC,0,7suc_com,True,False,True,True,7suc
posebusters,DiffBindFR + MDN/EC,0,7loe_y84,False,False,True,True,7loe
posebusters,DiffBindFR + MDN/EC,0,7msr_dca,True,False,True,True,7msr
posebusters,DiffBindFR + MDN/EC,0,8d19_gsh,True,False,False,False,8d19
posebusters,DiffBindFR + MDN/EC,0,7te8_p0t,False,False,True,True,7te8
posebusters,DiffBindFR + MDN/EC,0,8bom_qu6,True,True,True,True,8bom
posebusters,DiffBindFR + MDN/EC,0,6yqw_82i,False,False,True,True,6yqw
posebusters,DiffBindFR + MDN/EC,0,7elt_tym,True,True,True,True,7elt
posebusters,DiffBindFR + MDN/EC,0,7rou_66i,True,True,True,True,7rou
posebusters,DiffBindFR + MDN/EC,0,7a9e_r4w,True,True,False,False,7a9e
posebusters,DiffBindFR + MDN/EC,0,8a2d_kxy,False,False,False,False,8a2d
posebusters,DiffBindFR + MDN/EC,0,6yja_2ba,True,False,False,False,6yja
posebusters,DiffBindFR + MDN/EC,0,7nxo_uu8,False,False,True,True,7nxo
posebusters,DiffBindFR + MDN/EC,0,7q5i_i0f,True,True,True,True,7q5i
posebusters,DiffBindFR + MDN/EC,0,7dua_hj0,True,True,True,True,7dua
posebusters,DiffBindFR + MDN/EC,0,7xbv_apc,True,True,True,True,7xbv
posebusters,DiffBindFR + MDN/EC,0,7wkl_caq,False,False,True,True,7wkl
posebusters,DiffBindFR + MDN/EC,0,7ed2_a3p,False,False,True,True,7ed2
posebusters,DiffBindFR + MDN/EC,0,7rsv_7iq,True,True,True,True,7rsv
posebusters,DiffBindFR + MDN/EC,0,7fb7_8nf,False,False,True,True,7fb7
posebusters,DiffBindFR + MDN/EC,0,7mwu_zpm,True,False,True,True,7mwu
posebusters,DiffBindFR + MDN/EC,0,7mgy_zd1,True,True,True,True,7mgy
posebusters,DiffBindFR + MDN/EC,0,7wjb_bgc,True,False,True,True,7wjb
posebusters,DiffBindFR + MDN/EC,0,6z14_q4z,True,True,True,True,6z14
posebusters,DiffBindFR + MDN/EC,0,7z1q_nio,True,True,True,True,7z1q
posebusters,DiffBindFR + MDN/EC,0,8c3n_adp,False,False,True,True,8c3n
posebusters,DiffBindFR + MDN/EC,0,7dql_4cl,False,False,True,True,7dql
posebusters,DiffBindFR + MDN/EC,0,7km8_wpd,True,True,True,True,7km8
posebusters,DiffBindFR + MDN/EC,0,6zcy_qf8,True,False,True,True,6zcy
posebusters,DiffBindFR + MDN/EC,0,7a1p_qw2,True,True,True,True,7a1p
posebusters,DiffBindFR + MDN/EC,0,7f8t_fad,False,False,False,False,7f8t
posebusters,DiffBindFR + MDN/EC,0,7k0v_vqp,True,True,True,True,7k0v
posebusters,DiffBindFR + MDN/EC,0,7w06_itn,False,False,True,True,7w06
posebusters,DiffBindFR + MDN/EC,0,6yrv_pj8,True,True,True,True,6yrv
posebusters,DiffBindFR + MDN/EC,0,6zae_acv,False,False,True,True,6zae
posebusters,DiffBindFR + MDN/EC,0,8dp2_uma,False,False,False,False,8dp2
posebusters,DiffBindFR + MDN/EC,0,7ngw_uaw,True,True,True,True,7ngw
posebusters,DiffBindFR + MDN/EC,0,7lt0_onj,True,True,True,True,7lt0
posebusters,DiffBindFR + MDN/EC,0,8dhg_t78,False,False,False,False,8dhg
posebusters,DiffBindFR + MDN/EC,0,7r7r_awj,True,True,True,True,7r7r
posebusters,DiffBindFR + MDN/EC,0,7p5t_5yg,True,True,True,True,7p5t
posebusters,DiffBindFR + MDN/EC,0,7uxs_ojc,True,True,False,False,7uxs
posebusters,DiffBindFR + MDN/EC,0,8ap0_prp,True,True,False,False,8ap0
posebusters,DiffBindFR + MDN/EC,0,6yt6_pke,False,False,True,True,6yt6
posebusters,DiffBindFR + MDN/EC,0,7qgp_dj8,True,True,True,True,7qgp
posebusters,DiffBindFR + MDN/EC,0,5sis_jsm,True,True,True,True,5sis
posebusters,DiffBindFR + MDN/EC,0,7typ_kur,False,False,True,True,7typ
posebusters,DiffBindFR + MDN/EC,0,7opg_06n,False,False,True,True,7opg
posebusters,DiffBindFR + MDN/EC,0,7rc3_sah,True,True,True,True,7rc3
posebusters,DiffBindFR + MDN/EC,0,7ody_dgi,True,False,True,True,7ody
posebusters,DiffBindFR + MDN/EC,0,7qpp_vdx,True,True,True,False,7qpp
posebusters,DiffBindFR + MDN/EC,0,7nut_glp,True,False,True,True,7nut
posebusters,DiffBindFR + MDN/EC,0,7cuo_phb,True,True,True,True,7cuo
posebusters,DiffBindFR + MDN/EC,0,7uy4_smi,False,False,True,True,7uy4
posebusters,DiffBindFR + MDN/EC,0,6zc3_jor,False,False,True,True,6zc3
posebusters,DiffBindFR + MDN/EC,0,8g0v_yht,False,False,True,True,8g0v
posebusters,DiffBindFR + MDN/EC,0,7tuo_kl9,False,False,True,True,7tuo
posebusters,DiffBindFR + MDN/EC,0,7mmh_zjy,True,True,True,True,7mmh
posebusters,DiffBindFR + MDN/EC,0,7zl5_iwe,True,True,True,True,7zl5
posebusters,DiffBindFR + MDN/EC,0,7cns_pmv,True,False,True,True,7cns
posebusters,DiffBindFR + MDN/EC,0,6ysp_pal,True,False,True,True,6ysp
posebusters,DiffBindFR + MDN/EC,0,7zf0_dhr,True,False,True,True,7zf0
posebusters,DiffBindFR + MDN/EC,0,7kz9_xn7,False,False,True,True,7kz9
posebusters,DiffBindFR + MDN/EC,0,7d6o_mte,True,False,True,True,7d6o
posebusters,DiffBindFR + MDN/EC,0,7npl_ukz,False,False,True,True,7npl
posebusters,DiffBindFR + MDN/EC,0,7l00_xcj,True,False,True,True,7l00
posebusters,DiffBindFR + MDN/EC,0,7rni_60i,True,True,False,False,7rni
posebusters,DiffBindFR + MDN/EC,0,7wpw_f15,True,True,False,False,7wpw
posebusters,DiffBindFR + MDN/EC,0,7v3s_5i9,True,False,True,True,7v3s
posebusters,DiffBindFR + MDN/EC,0,7jg0_gar,True,True,True,True,7jg0
posebusters,DiffBindFR + MDN/EC,0,8aie_m7l,True,False,False,False,8aie
posebusters,DiffBindFR + MDN/EC,0,6yqv_8k2,True,True,True,True,6yqv
posebusters,DiffBindFR + MDN/EC,0,7oli_8hg,True,False,True,True,7oli
posebusters,DiffBindFR + MDN/EC,0,7rzl_npo,False,False,True,True,7rzl
posebusters,DiffBindFR + MDN/EC,0,7rkw_5tv,False,False,True,True,7rkw
posebusters,DiffBindFR + MDN/EC,0,7qhl_d5p,True,True,True,True,7qhl
posebusters,DiffBindFR + MDN/EC,0,7p1m_4iu,True,False,True,True,7p1m
posebusters,DiffBindFR + MDN/EC,0,7qfm_ay3,False,False,True,True,7qfm
posebusters,DiffBindFR + MDN/EC,0,7cl8_tes,False,False,True,True,7cl8
posebusters,DiffBindFR + MDN/EC,0,7lzd_yhy,False,False,True,True,7lzd
posebusters,DiffBindFR + MDN/EC,0,7mfp_z7p,False,False,False,False,7mfp
posebusters,DiffBindFR + MDN/EC,0,7b94_anp,True,True,False,False,7b94
posebusters,DiffBindFR + MDN/EC,0,7pjq_owh,False,False,True,True,7pjq
posebusters,DiffBindFR + MDN/EC,0,7l03_f9f,True,True,True,True,7l03
posebusters,DiffBindFR + MDN/EC,0,6xg5_top,True,True,True,True,6xg5
posebusters,DiffBindFR + MDN/EC,0,8b8h_ojq,True,False,True,True,8b8h
posebusters,DiffBindFR + MDN/EC,0,7f51_ba7,True,False,True,True,7f51
posebusters,DiffBindFR + MDN/EC,0,7uas_mbu,False,False,True,True,7uas
posebusters,DiffBindFR + MDN/EC,0,7uj4_oq4,True,True,True,True,7uj4
posebusters,DiffBindFR + MDN/EC,0,7prm_81i,True,True,True,True,7prm
posebusters,DiffBindFR + MDN/EC,0,7bjj_tvw,False,False,False,False,7bjj
posebusters,DiffBindFR + MDN/EC,0,7wcf_acp,False,False,True,True,7wcf
posebusters,DiffBindFR + MDN/EC,0,8csd_c5p,False,False,True,True,8csd
posebusters,DiffBindFR + MDN/EC,0,7xpo_upg,False,False,False,False,7xpo
posebusters,DiffBindFR + MDN/EC,0,8eye_x4i,True,True,False,False,8eye
posebusters,DiffBindFR + MDN/EC,0,7ctm_bdp,True,True,True,True,7ctm
posebusters,DiffBindFR + MDN/EC,0,6xm9_v55,True,False,True,True,6xm9
posebusters,DiffBindFR + MDN/EC,0,8fav_4y5,True,True,True,True,8fav
posebusters,DiffBindFR + MDN/EC,0,6wtn_rxt,True,True,True,True,6wtn
posebusters,DiffBindFR + MDN/EC,0,5sak_zry,True,True,False,False,5sak
posebusters,DiffBindFR + MDN/EC,0,7p4c_5ov,True,True,True,True,7p4c
posebusters,DiffBindFR + MDN/EC,0,7epv_fda,False,False,True,True,7epv
posebusters,DiffBindFR + MDN/EC,0,7q2b_m6h,False,False,True,True,7q2b
posebusters,DiffBindFR + MDN/EC,0,6z1c_7ey,True,False,True,True,6z1c
posebusters,DiffBindFR + MDN/EC,0,7n4n_0bk,True,False,True,True,7n4n
posebusters,DiffBindFR + MDN/EC,0,7n7h_ctp,False,False,True,True,7n7h
posebusters,DiffBindFR + MDN/EC,0,7lev_0jo,False,False,True,True,7lev
posebusters,DiffBindFR + MDN/EC,0,7m31_tdr,True,False,True,True,7m31
posebusters,DiffBindFR + MDN/EC,0,7xjn_nsd,True,True,True,True,7xjn
posebusters,DiffBindFR + MDN/EC,0,7ush_82v,True,True,True,True,7ush
posebusters,DiffBindFR + MDN/EC,0,7thi_pga,True,True,True,True,7thi
posebusters,DiffBindFR + MDN/EC,0,7xfa_d9j,True,True,True,True,7xfa
posebusters,DiffBindFR + MDN/EC,0,7yzu_do7,False,False,True,True,7yzu
posebusters,DiffBindFR + MDN/EC,0,7oso_0v1,True,True,False,False,7oso
posebusters,DiffBindFR + MDN/EC,0,7wdt_ngs,True,False,False,False,7wdt
posebusters,DiffBindFR + MDN/EC,0,7uq3_o2u,False,False,True,True,7uq3
posebusters,DiffBindFR + MDN/EC,0,6m73_fnr,True,True,True,True,6m73
posebusters,DiffBindFR + MDN/EC,0,8aem_lvf,False,False,True,True,8aem
posebusters,DiffBindFR + MDN/EC,0,7kc5_bjz,True,True,True,True,7kc5
posebusters,DiffBindFR + MDN/EC,0,7o1t_5x8,True,True,True,True,7o1t
posebusters,DiffBindFR + MDN/EC,0,7lcu_xta,False,False,True,True,7lcu
posebusters,DiffBindFR + MDN/EC,0,7pih_7qw,True,True,False,False,7pih
posebusters,DiffBindFR + MDN/EC,0,7r59_i5f,False,False,True,True,7r59
posebusters,DiffBindFR + MDN/EC,0,7my1_ipe,False,False,False,False,7my1
posebusters,DiffBindFR + MDN/EC,0,8auh_l9i,False,False,True,False,8auh
posebusters,DiffBindFR + MDN/EC,0,7vq9_isy,False,False,True,True,7vq9
posebusters,DiffBindFR + MDN/EC,0,6z0r_q4h,False,False,True,True,6z0r
posebusters,DiffBindFR + MDN/EC,0,7mwn_wi5,True,True,False,False,7mwn
posebusters,DiffBindFR + MDN/EC,0,8hfn_xgc,False,False,True,True,8hfn
posebusters,DiffBindFR + MDN/EC,0,7kru_atp,True,True,True,True,7kru
posebusters,DiffBindFR + MDN/EC,0,7x9k_8og,True,True,True,True,7x9k
posebusters,DiffBindFR + MDN/EC,0,8a1h_dlz,False,False,True,True,8a1h
posebusters,DiffBindFR + MDN/EC,0,7fha_adx,True,True,True,True,7fha
posebusters,DiffBindFR + MDN/EC,0,7zcc_oga,False,False,True,True,7zcc
posebusters,DiffBindFR + MDN/EC,0,7oz9_ngk,True,False,True,True,7oz9
posebusters,DiffBindFR + MDN/EC,0,7off_vcb,False,False,True,True,7off
posebusters,DiffBindFR + MDN/EC,0,8dko_tfb,True,True,True,True,8dko
posebusters,DiffBindFR + MDN/EC,0,7vkz_noj,False,False,False,False,7vkz
posebusters,DiffBindFR + MDN/EC,0,7afx_r9k,False,False,True,True,7afx
posebusters,DiffBindFR + MDN/EC,0,7uaw_mf6,False,False,True,True,7uaw
posebusters,DiffBindFR + MDN/EC,0,7xqz_fpf,False,False,True,True,7xqz
posebusters,DiffBindFR + MDN/EC,0,6zk5_imh,False,False,False,False,6zk5
posebusters,DiffBindFR + MDN/EC,0,7q25_8j9,True,True,False,False,7q25
posebusters,DiffBindFR + MDN/EC,0,7nsw_hc4,True,False,True,True,7nsw
posebusters,DiffBindFR + MDN/EC,0,6z4n_q7b,True,True,True,True,6z4n
posebusters,DiffBindFR + MDN/EC,1,7cnq_g8x,True,False,True,True,7cnq
posebusters,DiffBindFR + MDN/EC,1,6yms_ozh,False,False,False,False,6yms
posebusters,DiffBindFR + MDN/EC,1,7t0d_fpp,True,False,False,False,7t0d
posebusters,DiffBindFR + MDN/EC,1,6xht_v2v,False,False,True,True,6xht
posebusters,DiffBindFR + MDN/EC,1,7an5_rdh,True,False,True,True,7an5
posebusters,DiffBindFR + MDN/EC,1,8c5m_mta,True,True,True,True,8c5m
posebusters,DiffBindFR + MDN/EC,1,6vta_akn,False,False,False,False,6vta
posebusters,DiffBindFR + MDN/EC,1,7p1f_kfn,False,False,True,True,7p1f
posebusters,DiffBindFR + MDN/EC,1,7l5f_xng,False,False,True,True,7l5f
posebusters,DiffBindFR + MDN/EC,1,8exl_799,True,True,True,True,8exl
posebusters,DiffBindFR + MDN/EC,1,7utw_nai,True,False,True,False,7utw
posebusters,DiffBindFR + MDN/EC,1,7nfb_gen,True,True,True,True,7nfb
posebusters,DiffBindFR + MDN/EC,1,7nu0_dcl,True,True,True,True,7nu0
posebusters,DiffBindFR + MDN/EC,1,7btt_f8r,True,True,True,True,7btt
posebusters,DiffBindFR + MDN/EC,1,6tw5_9m2,True,True,True,True,6tw5
posebusters,DiffBindFR + MDN/EC,1,7txk_lw8,False,False,True,True,7txk
posebusters,DiffBindFR + MDN/EC,1,7wy1_d0l,True,False,True,True,7wy1
posebusters,DiffBindFR + MDN/EC,1,6t88_mwq,True,False,True,True,6t88
posebusters,DiffBindFR + MDN/EC,1,7ror_69x,True,False,True,True,7ror
posebusters,DiffBindFR + MDN/EC,1,7t1d_e7k,True,True,True,True,7t1d
posebusters,DiffBindFR + MDN/EC,1,7w05_gmp,True,True,True,True,7w05
posebusters,DiffBindFR + MDN/EC,1,7b2c_tp7,False,False,True,False,7b2c
posebusters,DiffBindFR + MDN/EC,1,8g6p_api,False,False,True,True,8g6p
posebusters,DiffBindFR + MDN/EC,1,6zpb_3d1,False,False,True,True,6zpb
posebusters,DiffBindFR + MDN/EC,1,7rws_4ur,False,False,False,False,7rws
posebusters,DiffBindFR + MDN/EC,1,7wl4_jfu,True,True,True,True,7wl4
posebusters,DiffBindFR + MDN/EC,1,7c0u_fgo,False,False,False,False,7c0u
posebusters,DiffBindFR + MDN/EC,1,7pk0_byc,False,False,False,False,7pk0
posebusters,DiffBindFR + MDN/EC,1,7xi7_4ri,True,True,True,True,7xi7
posebusters,DiffBindFR + MDN/EC,1,8ex2_q2q,True,True,True,True,8ex2
posebusters,DiffBindFR + MDN/EC,1,7jy3_vud,False,False,False,False,7jy3
posebusters,DiffBindFR + MDN/EC,1,7n03_zrp,True,False,True,True,7n03
posebusters,DiffBindFR + MDN/EC,1,7v43_c4o,False,False,False,False,7v43
posebusters,DiffBindFR + MDN/EC,1,7vb8_stl,True,True,False,False,7vb8
posebusters,DiffBindFR + MDN/EC,1,8dsc_nca,True,True,True,True,8dsc
posebusters,DiffBindFR + MDN/EC,1,7z7f_if3,False,False,True,True,7z7f
posebusters,DiffBindFR + MDN/EC,1,7bka_4jc,True,False,True,True,7bka
posebusters,DiffBindFR + MDN/EC,1,7dkt_glf,False,False,False,False,7dkt
posebusters,DiffBindFR + MDN/EC,1,7qf4_rbf,True,False,True,True,7qf4
posebusters,DiffBindFR + MDN/EC,1,7qhg_t3b,False,False,True,True,7qhg
posebusters,DiffBindFR + MDN/EC,1,7vwf_k55,True,True,True,True,7vwf
posebusters,DiffBindFR + MDN/EC,1,7zhp_iqy,True,True,True,True,7zhp
posebusters,DiffBindFR + MDN/EC,1,7es1_udp,False,False,True,True,7es1
posebusters,DiffBindFR + MDN/EC,1,7bcp_gco,True,False,True,True,7bcp
posebusters,DiffBindFR + MDN/EC,1,8ay3_oe3,False,False,False,False,8ay3
posebusters,DiffBindFR + MDN/EC,1,7r9n_f97,True,True,True,True,7r9n
posebusters,DiffBindFR + MDN/EC,1,7ujf_r3v,False,False,False,False,7ujf
posebusters,DiffBindFR + MDN/EC,1,7jmv_4nc,False,False,True,True,7jmv
posebusters,DiffBindFR + MDN/EC,1,7vc5_9sf,False,False,True,True,7vc5
posebusters,DiffBindFR + MDN/EC,1,7tsf_h4b,False,False,True,True,7tsf
posebusters,DiffBindFR + MDN/EC,1,7vbu_6i4,False,False,True,True,7vbu
posebusters,DiffBindFR + MDN/EC,1,8slg_g5a,False,False,True,True,8slg
posebusters,DiffBindFR + MDN/EC,1,7ebg_j0l,False,False,True,True,7ebg
posebusters,DiffBindFR + MDN/EC,1,8cnh_v6u,False,False,True,True,8cnh
posebusters,DiffBindFR + MDN/EC,1,7pri_7ti,False,False,False,False,7pri
posebusters,DiffBindFR + MDN/EC,1,7lou_ifm,False,False,True,True,7lou
posebusters,DiffBindFR + MDN/EC,1,7d5c_gv6,True,True,True,True,7d5c
posebusters,DiffBindFR + MDN/EC,1,7u0u_fk5,True,True,False,False,7u0u
posebusters,DiffBindFR + MDN/EC,1,6m2b_ezo,True,True,True,True,6m2b
posebusters,DiffBindFR + MDN/EC,1,6yr2_t1c,True,False,True,True,6yr2
posebusters,DiffBindFR + MDN/EC,1,7zdy_6mj,False,False,True,True,7zdy
posebusters,DiffBindFR + MDN/EC,1,7xg5_plp,True,True,True,True,7xg5
posebusters,DiffBindFR + MDN/EC,1,5sd5_hwi,False,False,True,True,5sd5
posebusters,DiffBindFR + MDN/EC,1,7r3d_apr,True,False,True,True,7r3d
posebusters,DiffBindFR + MDN/EC,1,7z2o_iaj,False,False,True,True,7z2o
posebusters,DiffBindFR + MDN/EC,1,7n6f_0i1,True,False,True,True,7n6f
posebusters,DiffBindFR + MDN/EC,1,7sza_dui,False,False,True,True,7sza
posebusters,DiffBindFR + MDN/EC,1,8aql_plg,True,False,True,True,8aql
posebusters,DiffBindFR + MDN/EC,1,6xct_478,True,True,True,False,6xct
posebusters,DiffBindFR + MDN/EC,1,7nf0_byn,False,False,True,True,7nf0
posebusters,DiffBindFR + MDN/EC,1,7c8q_dsg,False,False,True,True,7c8q
posebusters,DiffBindFR + MDN/EC,1,7mgt_zd4,False,False,True,True,7mgt
posebusters,DiffBindFR + MDN/EC,1,8d39_qdb,True,False,True,True,8d39
posebusters,DiffBindFR + MDN/EC,1,7bnh_bez,False,False,True,True,7bnh
posebusters,DiffBindFR + MDN/EC,1,7zzw_kkw,False,False,False,False,7zzw
posebusters,DiffBindFR + MDN/EC,1,7ljn_gtp,False,False,False,False,7ljn
posebusters,DiffBindFR + MDN/EC,1,7qta_uri,False,False,True,True,7qta
posebusters,DiffBindFR + MDN/EC,1,7l7c_xq1,False,False,True,True,7l7c
posebusters,DiffBindFR + MDN/EC,1,7wuy_76n,False,False,False,False,7wuy
posebusters,DiffBindFR + MDN/EC,1,7m6k_yrj,True,False,False,False,7m6k
posebusters,DiffBindFR + MDN/EC,1,8flv_zb9,True,False,True,True,8flv
posebusters,DiffBindFR + MDN/EC,1,6xbo_5mc,True,False,True,True,6xbo
posebusters,DiffBindFR + MDN/EC,1,7wux_6oi,False,False,True,True,7wux
posebusters,DiffBindFR + MDN/EC,1,7ofk_vch,True,False,True,True,7ofk
posebusters,DiffBindFR + MDN/EC,1,7op9_06k,False,False,False,False,7op9
posebusters,DiffBindFR + MDN/EC,1,7cij_g0c,False,False,True,True,7cij
posebusters,DiffBindFR + MDN/EC,1,7akl_rk5,False,False,True,True,7akl
posebusters,DiffBindFR + MDN/EC,1,7p2i_mfu,True,True,False,False,7p2i
posebusters,DiffBindFR + MDN/EC,1,7scw_gsp,True,True,True,True,7scw
posebusters,DiffBindFR + MDN/EC,1,6yyo_q1k,True,True,True,True,6yyo
posebusters,DiffBindFR + MDN/EC,1,7o0n_cdp,True,False,False,False,7o0n
posebusters,DiffBindFR + MDN/EC,1,8aau_lh0,False,False,True,True,8aau
posebusters,DiffBindFR + MDN/EC,1,7pom_7vz,True,False,True,True,7pom
posebusters,DiffBindFR + MDN/EC,1,7zxv_45d,False,False,False,False,7zxv
posebusters,DiffBindFR + MDN/EC,1,7v3n_akg,True,True,False,False,7v3n
posebusters,DiffBindFR + MDN/EC,1,7qe4_nga,True,True,True,True,7qe4
posebusters,DiffBindFR + MDN/EC,1,7xrl_fwk,False,False,False,False,7xrl
posebusters,DiffBindFR + MDN/EC,1,7myu_zr7,True,False,True,True,7myu
posebusters,DiffBindFR + MDN/EC,1,7f5d_euo,False,False,True,True,7f5d
posebusters,DiffBindFR + MDN/EC,1,8fo5_y4u,True,True,True,True,8fo5
posebusters,DiffBindFR + MDN/EC,1,7r6j_2i7,False,False,False,False,7r6j
posebusters,DiffBindFR + MDN/EC,1,7e4l_mdn,False,False,True,True,7e4l
posebusters,DiffBindFR + MDN/EC,1,7wqq_5z6,True,True,True,True,7wqq
posebusters,DiffBindFR + MDN/EC,1,7nlv_uje,True,True,True,True,7nlv
posebusters,DiffBindFR + MDN/EC,1,7pt3_3kk,False,False,False,False,7pt3
posebusters,DiffBindFR + MDN/EC,1,7sfo_98l,False,False,True,True,7sfo
posebusters,DiffBindFR + MDN/EC,1,7n4w_p4v,True,False,True,True,7n4w
posebusters,DiffBindFR + MDN/EC,1,6tw7_nzb,True,True,True,True,6tw7
posebusters,DiffBindFR + MDN/EC,1,8f8e_xji,False,False,True,True,8f8e
posebusters,DiffBindFR + MDN/EC,1,7ulc_56b,True,False,True,True,7ulc
posebusters,DiffBindFR + MDN/EC,1,7uj5_dgl,False,False,True,True,7uj5
posebusters,DiffBindFR + MDN/EC,1,7umw_nad,False,False,True,True,7umw
posebusters,DiffBindFR + MDN/EC,1,7np6_uk8,True,False,True,True,7np6
posebusters,DiffBindFR + MDN/EC,1,7moi_hps,True,True,True,True,7moi
posebusters,DiffBindFR + MDN/EC,1,7sdd_4ip,False,False,False,False,7sdd
posebusters,DiffBindFR + MDN/EC,1,7v14_oru,True,True,True,True,7v14
posebusters,DiffBindFR + MDN/EC,1,7frx_o88,False,False,True,True,7frx
posebusters,DiffBindFR + MDN/EC,1,8gfd_zhr,False,False,True,True,8gfd
posebusters,DiffBindFR + MDN/EC,1,7kqu_yof,False,False,True,True,7kqu
posebusters,DiffBindFR + MDN/EC,1,8bti_rfo,True,True,False,False,8bti
posebusters,DiffBindFR + MDN/EC,1,7tm6_gpj,False,False,True,True,7tm6
posebusters,DiffBindFR + MDN/EC,1,7m3h_ypv,False,False,True,True,7m3h
posebusters,DiffBindFR + MDN/EC,1,7cd9_fvr,True,True,True,True,7cd9
posebusters,DiffBindFR + MDN/EC,1,7rh3_59o,False,False,False,False,7rh3
posebusters,DiffBindFR + MDN/EC,1,7bmi_u4b,True,False,True,True,7bmi
posebusters,DiffBindFR + MDN/EC,1,7zu2_dht,True,True,True,True,7zu2
posebusters,DiffBindFR + MDN/EC,1,7nr8_uoe,True,True,True,True,7nr8
posebusters,DiffBindFR + MDN/EC,1,7n7b_t3f,False,False,True,True,7n7b
posebusters,DiffBindFR + MDN/EC,1,8d5d_5dk,False,False,True,True,8d5d
posebusters,DiffBindFR + MDN/EC,1,7vyj_ca0,True,True,False,False,7vyj
posebusters,DiffBindFR + MDN/EC,1,7c3u_azg,False,False,False,False,7c3u
posebusters,DiffBindFR + MDN/EC,1,8eab_vn2,False,False,False,False,8eab
posebusters,DiffBindFR + MDN/EC,1,7oeo_v9z,False,False,True,True,7oeo
posebusters,DiffBindFR + MDN/EC,1,7u3j_l6u,False,False,False,False,7u3j
posebusters,DiffBindFR + MDN/EC,1,8f4j_pho,False,False,False,False,8f4j
posebusters,DiffBindFR + MDN/EC,1,7ts6_kmi,False,False,True,True,7ts6
posebusters,DiffBindFR + MDN/EC,1,7ozc_g6s,True,False,True,True,7ozc
posebusters,DiffBindFR + MDN/EC,1,7tom_5ad,True,True,True,True,7tom
posebusters,DiffBindFR + MDN/EC,1,7jxx_vp7,True,True,True,True,7jxx
posebusters,DiffBindFR + MDN/EC,1,7lmo_nyo,False,False,True,True,7lmo
posebusters,DiffBindFR + MDN/EC,1,7th4_ffo,False,False,False,False,7th4
posebusters,DiffBindFR + MDN/EC,1,7siu_9id,True,True,True,True,7siu
posebusters,DiffBindFR + MDN/EC,1,7x5n_5m5,True,True,True,True,7x5n
posebusters,DiffBindFR + MDN/EC,1,7tbu_s3p,True,True,True,True,7tbu
posebusters,DiffBindFR + MDN/EC,1,7zoc_t8e,True,False,True,True,7zoc
posebusters,DiffBindFR + MDN/EC,1,7ft9_4mb,True,True,False,False,7ft9
posebusters,DiffBindFR + MDN/EC,1,7ecr_sin,True,True,True,True,7ecr
posebusters,DiffBindFR + MDN/EC,1,6z2c_q5e,False,False,True,True,6z2c
posebusters,DiffBindFR + MDN/EC,1,7t3e_slb,True,True,True,True,7t3e
posebusters,DiffBindFR + MDN/EC,1,7omx_cna,False,False,True,True,7omx
posebusters,DiffBindFR + MDN/EC,1,7kb1_wbj,False,False,True,True,7kb1
posebusters,DiffBindFR + MDN/EC,1,7a9h_tpp,True,True,True,True,7a9h
posebusters,DiffBindFR + MDN/EC,1,8ho0_3zi,False,False,True,True,8ho0
posebusters,DiffBindFR + MDN/EC,1,7jhq_vaj,True,False,True,True,7jhq
posebusters,DiffBindFR + MDN/EC,1,7q27_8kc,True,True,False,False,7q27
posebusters,DiffBindFR + MDN/EC,1,7puv_84z,True,True,True,True,7puv
posebusters,DiffBindFR + MDN/EC,1,7pgx_fmn,False,False,False,False,7pgx
posebusters,DiffBindFR + MDN/EC,1,7ztl_bcn,False,False,False,False,7ztl
posebusters,DiffBindFR + MDN/EC,1,5sb2_1k2,True,True,True,True,5sb2
posebusters,DiffBindFR + MDN/EC,1,7uyb_ok0,True,False,True,True,7uyb
posebusters,DiffBindFR + MDN/EC,1,7pl1_sfg,True,True,True,True,7pl1
posebusters,DiffBindFR + MDN/EC,1,7nf3_4lu,False,False,True,True,7nf3
posebusters,DiffBindFR + MDN/EC,1,7tb0_ud1,False,False,False,False,7tb0
posebusters,DiffBindFR + MDN/EC,1,7suc_com,False,False,True,True,7suc
posebusters,DiffBindFR + MDN/EC,1,7loe_y84,False,False,True,True,7loe
posebusters,DiffBindFR + MDN/EC,1,7msr_dca,True,False,True,True,7msr
posebusters,DiffBindFR + MDN/EC,1,8d19_gsh,False,False,True,True,8d19
posebusters,DiffBindFR + MDN/EC,1,7te8_p0t,True,True,True,True,7te8
posebusters,DiffBindFR + MDN/EC,1,8bom_qu6,True,True,True,True,8bom
posebusters,DiffBindFR + MDN/EC,1,6yqw_82i,False,False,True,True,6yqw
posebusters,DiffBindFR + MDN/EC,1,7elt_tym,True,True,True,True,7elt
posebusters,DiffBindFR + MDN/EC,1,7rou_66i,True,True,True,True,7rou
posebusters,DiffBindFR + MDN/EC,1,7a9e_r4w,False,False,False,False,7a9e
posebusters,DiffBindFR + MDN/EC,1,8a2d_kxy,False,False,False,False,8a2d
posebusters,DiffBindFR + MDN/EC,1,6yja_2ba,False,False,False,False,6yja
posebusters,DiffBindFR + MDN/EC,1,7nxo_uu8,True,False,True,True,7nxo
posebusters,DiffBindFR + MDN/EC,1,7q5i_i0f,True,True,True,True,7q5i
posebusters,DiffBindFR + MDN/EC,1,7dua_hj0,True,True,True,True,7dua
posebusters,DiffBindFR + MDN/EC,1,7xbv_apc,True,True,True,True,7xbv
posebusters,DiffBindFR + MDN/EC,1,7wkl_caq,False,False,True,True,7wkl
posebusters,DiffBindFR + MDN/EC,1,7ed2_a3p,False,False,True,True,7ed2
posebusters,DiffBindFR + MDN/EC,1,7rsv_7iq,True,True,True,True,7rsv
posebusters,DiffBindFR + MDN/EC,1,7fb7_8nf,True,True,True,True,7fb7
posebusters,DiffBindFR + MDN/EC,1,7mwu_zpm,False,False,True,True,7mwu
posebusters,DiffBindFR + MDN/EC,1,7mgy_zd1,True,True,True,True,7mgy
posebusters,DiffBindFR + MDN/EC,1,7wjb_bgc,True,False,True,True,7wjb
posebusters,DiffBindFR + MDN/EC,1,6z14_q4z,True,False,True,True,6z14
posebusters,DiffBindFR + MDN/EC,1,7z1q_nio,True,True,True,True,7z1q
posebusters,DiffBindFR + MDN/EC,1,8c3n_adp,True,True,True,True,8c3n
posebusters,DiffBindFR + MDN/EC,1,7dql_4cl,False,False,True,True,7dql
posebusters,DiffBindFR + MDN/EC,1,7km8_wpd,True,True,True,True,7km8
posebusters,DiffBindFR + MDN/EC,1,6zcy_qf8,True,True,True,True,6zcy
posebusters,DiffBindFR + MDN/EC,1,7a1p_qw2,True,True,True,True,7a1p
posebusters,DiffBindFR + MDN/EC,1,7f8t_fad,False,False,False,False,7f8t
posebusters,DiffBindFR + MDN/EC,1,7k0v_vqp,True,True,True,True,7k0v
posebusters,DiffBindFR + MDN/EC,1,7w06_itn,True,False,True,True,7w06
posebusters,DiffBindFR + MDN/EC,1,6yrv_pj8,True,True,True,True,6yrv
posebusters,DiffBindFR + MDN/EC,1,6zae_acv,True,False,True,True,6zae
posebusters,DiffBindFR + MDN/EC,1,8dp2_uma,False,False,False,False,8dp2
posebusters,DiffBindFR + MDN/EC,1,7ngw_uaw,True,True,True,True,7ngw
posebusters,DiffBindFR + MDN/EC,1,7lt0_onj,True,True,True,True,7lt0
posebusters,DiffBindFR + MDN/EC,1,8dhg_t78,True,True,True,True,8dhg
posebusters,DiffBindFR + MDN/EC,1,7r7r_awj,True,True,True,True,7r7r
posebusters,DiffBindFR + MDN/EC,1,7p5t_5yg,True,False,True,True,7p5t
posebusters,DiffBindFR + MDN/EC,1,7uxs_ojc,True,False,False,False,7uxs
posebusters,DiffBindFR + MDN/EC,1,8ap0_prp,False,False,False,False,8ap0
posebusters,DiffBindFR + MDN/EC,1,6yt6_pke,False,False,True,True,6yt6
posebusters,DiffBindFR + MDN/EC,1,7qgp_dj8,False,False,True,True,7qgp
posebusters,DiffBindFR + MDN/EC,1,5sis_jsm,True,False,True,True,5sis
posebusters,DiffBindFR + MDN/EC,1,7typ_kur,False,False,True,True,7typ
posebusters,DiffBindFR + MDN/EC,1,7opg_06n,False,False,True,True,7opg
posebusters,DiffBindFR + MDN/EC,1,7rc3_sah,True,False,True,True,7rc3
posebusters,DiffBindFR + MDN/EC,1,7ody_dgi,True,True,True,True,7ody
posebusters,DiffBindFR + MDN/EC,1,7qpp_vdx,True,True,True,False,7qpp
posebusters,DiffBindFR + MDN/EC,1,7nut_glp,True,False,True,True,7nut
posebusters,DiffBindFR + MDN/EC,1,7cuo_phb,True,True,True,True,7cuo
posebusters,DiffBindFR + MDN/EC,1,7uy4_smi,False,False,False,False,7uy4
posebusters,DiffBindFR + MDN/EC,1,6zc3_jor,False,False,True,True,6zc3
posebusters,DiffBindFR + MDN/EC,1,8g0v_yht,False,False,True,True,8g0v
posebusters,DiffBindFR + MDN/EC,1,7tuo_kl9,False,False,True,True,7tuo
posebusters,DiffBindFR + MDN/EC,1,7mmh_zjy,True,True,True,True,7mmh
posebusters,DiffBindFR + MDN/EC,1,7zl5_iwe,True,True,True,True,7zl5
posebusters,DiffBindFR + MDN/EC,1,7cns_pmv,False,False,True,True,7cns
posebusters,DiffBindFR + MDN/EC,1,6ysp_pal,False,False,True,True,6ysp
posebusters,DiffBindFR + MDN/EC,1,7zf0_dhr,True,True,True,True,7zf0
posebusters,DiffBindFR + MDN/EC,1,7kz9_xn7,False,False,True,True,7kz9
posebusters,DiffBindFR + MDN/EC,1,7d6o_mte,True,True,True,True,7d6o
posebusters,DiffBindFR + MDN/EC,1,7npl_ukz,False,False,True,True,7npl
posebusters,DiffBindFR + MDN/EC,1,7l00_xcj,True,True,True,True,7l00
posebusters,DiffBindFR + MDN/EC,1,7rni_60i,True,True,False,False,7rni
posebusters,DiffBindFR + MDN/EC,1,7wpw_f15,True,True,True,True,7wpw
posebusters,DiffBindFR + MDN/EC,1,7v3s_5i9,True,False,True,True,7v3s
posebusters,DiffBindFR + MDN/EC,1,7jg0_gar,True,False,False,False,7jg0
posebusters,DiffBindFR + MDN/EC,1,8aie_m7l,False,False,False,False,8aie
posebusters,DiffBindFR + MDN/EC,1,6yqv_8k2,False,False,True,True,6yqv
posebusters,DiffBindFR + MDN/EC,1,7oli_8hg,False,False,True,True,7oli
posebusters,DiffBindFR + MDN/EC,1,7rzl_npo,False,False,True,True,7rzl
posebusters,DiffBindFR + MDN/EC,1,7rkw_5tv,False,False,True,True,7rkw
posebusters,DiffBindFR + MDN/EC,1,7qhl_d5p,True,True,True,True,7qhl
posebusters,DiffBindFR + MDN/EC,1,7p1m_4iu,True,True,True,True,7p1m
posebusters,DiffBindFR + MDN/EC,1,7qfm_ay3,False,False,True,True,7qfm
posebusters,DiffBindFR + MDN/EC,1,7cl8_tes,False,False,True,True,7cl8
posebusters,DiffBindFR + MDN/EC,1,7lzd_yhy,False,False,True,True,7lzd
posebusters,DiffBindFR + MDN/EC,1,7mfp_z7p,False,False,True,False,7mfp
posebusters,DiffBindFR + MDN/EC,1,7b94_anp,False,False,True,True,7b94
posebusters,DiffBindFR + MDN/EC,1,7pjq_owh,False,False,True,True,7pjq
posebusters,DiffBindFR + MDN/EC,1,7l03_f9f,True,True,True,True,7l03
posebusters,DiffBindFR + MDN/EC,1,6xg5_top,True,True,True,True,6xg5
posebusters,DiffBindFR + MDN/EC,1,8b8h_ojq,False,False,True,True,8b8h
posebusters,DiffBindFR + MDN/EC,1,7f51_ba7,False,False,True,True,7f51
posebusters,DiffBindFR + MDN/EC,1,7uas_mbu,False,False,True,True,7uas
posebusters,DiffBindFR + MDN/EC,1,7uj4_oq4,True,True,True,True,7uj4
posebusters,DiffBindFR + MDN/EC,1,7prm_81i,True,True,True,True,7prm
posebusters,DiffBindFR + MDN/EC,1,7bjj_tvw,False,False,False,False,7bjj
posebusters,DiffBindFR + MDN/EC,1,7wcf_acp,False,False,False,False,7wcf
posebusters,DiffBindFR + MDN/EC,1,8csd_c5p,True,False,True,True,8csd
posebusters,DiffBindFR + MDN/EC,1,7xpo_upg,False,False,False,False,7xpo
posebusters,DiffBindFR + MDN/EC,1,8eye_x4i,True,True,True,True,8eye
posebusters,DiffBindFR + MDN/EC,1,7ctm_bdp,True,False,True,True,7ctm
posebusters,DiffBindFR + MDN/EC,1,6xm9_v55,True,True,True,True,6xm9
posebusters,DiffBindFR + MDN/EC,1,8fav_4y5,True,True,True,True,8fav
posebusters,DiffBindFR + MDN/EC,1,6wtn_rxt,True,True,True,True,6wtn
posebusters,DiffBindFR + MDN/EC,1,5sak_zry,True,True,False,False,5sak
posebusters,DiffBindFR + MDN/EC,1,7p4c_5ov,True,True,True,True,7p4c
posebusters,DiffBindFR + MDN/EC,1,7epv_fda,True,False,True,True,7epv
posebusters,DiffBindFR + MDN/EC,1,7q2b_m6h,False,False,True,True,7q2b
posebusters,DiffBindFR + MDN/EC,1,6z1c_7ey,False,False,True,True,6z1c
posebusters,DiffBindFR + MDN/EC,1,7n4n_0bk,True,False,True,True,7n4n
posebusters,DiffBindFR + MDN/EC,1,7n7h_ctp,False,False,True,True,7n7h
posebusters,DiffBindFR + MDN/EC,1,7lev_0jo,False,False,True,True,7lev
posebusters,DiffBindFR + MDN/EC,1,7m31_tdr,False,False,True,True,7m31
posebusters,DiffBindFR + MDN/EC,1,7xjn_nsd,True,True,True,True,7xjn
posebusters,DiffBindFR + MDN/EC,1,7ush_82v,True,True,True,True,7ush
posebusters,DiffBindFR + MDN/EC,1,7thi_pga,True,False,True,True,7thi
posebusters,DiffBindFR + MDN/EC,1,7xfa_d9j,True,True,True,True,7xfa
posebusters,DiffBindFR + MDN/EC,1,7yzu_do7,False,False,True,False,7yzu
posebusters,DiffBindFR + MDN/EC,1,7oso_0v1,False,False,False,False,7oso
posebusters,DiffBindFR + MDN/EC,1,7wdt_ngs,True,False,True,True,7wdt
posebusters,DiffBindFR + MDN/EC,1,7uq3_o2u,False,False,True,True,7uq3
posebusters,DiffBindFR + MDN/EC,1,6m73_fnr,True,False,True,True,6m73
posebusters,DiffBindFR + MDN/EC,1,8aem_lvf,True,True,True,True,8aem
posebusters,DiffBindFR + MDN/EC,1,7kc5_bjz,True,True,True,True,7kc5
posebusters,DiffBindFR + MDN/EC,1,7o1t_5x8,True,False,True,True,7o1t
posebusters,DiffBindFR + MDN/EC,1,7lcu_xta,False,False,True,True,7lcu
posebusters,DiffBindFR + MDN/EC,1,7pih_7qw,False,False,True,False,7pih
posebusters,DiffBindFR + MDN/EC,1,7r59_i5f,False,False,True,True,7r59
posebusters,DiffBindFR + MDN/EC,1,7my1_ipe,False,False,True,True,7my1
posebusters,DiffBindFR + MDN/EC,1,8auh_l9i,False,False,True,False,8auh
posebusters,DiffBindFR + MDN/EC,1,7vq9_isy,False,False,True,True,7vq9
posebusters,DiffBindFR + MDN/EC,1,6z0r_q4h,False,False,True,True,6z0r
posebusters,DiffBindFR + MDN/EC,1,7mwn_wi5,True,True,False,False,7mwn
posebusters,DiffBindFR + MDN/EC,1,8hfn_xgc,False,False,True,True,8hfn
posebusters,DiffBindFR + MDN/EC,1,7kru_atp,True,True,True,True,7kru
posebusters,DiffBindFR + MDN/EC,1,7x9k_8og,True,True,True,True,7x9k
posebusters,DiffBindFR + MDN/EC,1,8a1h_dlz,True,True,True,True,8a1h
posebusters,DiffBindFR + MDN/EC,1,7fha_adx,False,False,True,True,7fha
posebusters,DiffBindFR + MDN/EC,1,7zcc_oga,False,False,True,True,7zcc
posebusters,DiffBindFR + MDN/EC,1,7oz9_ngk,False,False,True,True,7oz9
posebusters,DiffBindFR + MDN/EC,1,7off_vcb,True,False,True,True,7off
posebusters,DiffBindFR + MDN/EC,1,8dko_tfb,False,False,True,True,8dko
posebusters,DiffBindFR + MDN/EC,1,7vkz_noj,False,False,False,False,7vkz
posebusters,DiffBindFR + MDN/EC,1,7afx_r9k,False,False,True,True,7afx
posebusters,DiffBindFR + MDN/EC,1,7uaw_mf6,False,False,True,True,7uaw
posebusters,DiffBindFR + MDN/EC,1,7xqz_fpf,True,False,True,False,7xqz
posebusters,DiffBindFR + MDN/EC,1,6zk5_imh,False,False,False,False,6zk5
posebusters,DiffBindFR + MDN/EC,1,7q25_8j9,True,True,False,False,7q25
posebusters,DiffBindFR + MDN/EC,1,7nsw_hc4,True,False,True,True,7nsw
posebusters,DiffBindFR + MDN/EC,1,6z4n_q7b,True,True,True,True,6z4n
posebusters,DiffBindFR + MDN/EC,2,7cnq_g8x,True,False,True,True,7cnq
posebusters,DiffBindFR + MDN/EC,2,6yms_ozh,False,False,False,False,6yms
posebusters,DiffBindFR + MDN/EC,2,7t0d_fpp,True,False,True,True,7t0d
posebusters,DiffBindFR + MDN/EC,2,6xht_v2v,False,False,True,True,6xht
posebusters,DiffBindFR + MDN/EC,2,7an5_rdh,False,False,True,True,7an5
posebusters,DiffBindFR + MDN/EC,2,8c5m_mta,True,True,True,True,8c5m
posebusters,DiffBindFR + MDN/EC,2,6vta_akn,False,False,False,False,6vta
posebusters,DiffBindFR + MDN/EC,2,7p1f_kfn,True,False,True,True,7p1f
posebusters,DiffBindFR + MDN/EC,2,7l5f_xng,False,False,True,True,7l5f
posebusters,DiffBindFR + MDN/EC,2,8exl_799,True,True,True,True,8exl
posebusters,DiffBindFR + MDN/EC,2,7utw_nai,True,False,True,False,7utw
posebusters,DiffBindFR + MDN/EC,2,7nfb_gen,True,True,True,True,7nfb
posebusters,DiffBindFR + MDN/EC,2,7nu0_dcl,True,True,True,True,7nu0
posebusters,DiffBindFR + MDN/EC,2,7btt_f8r,True,True,True,True,7btt
posebusters,DiffBindFR + MDN/EC,2,6tw5_9m2,True,True,True,True,6tw5
posebusters,DiffBindFR + MDN/EC,2,7txk_lw8,True,True,True,True,7txk
posebusters,DiffBindFR + MDN/EC,2,7wy1_d0l,True,True,True,True,7wy1
posebusters,DiffBindFR + MDN/EC,2,6t88_mwq,True,False,True,True,6t88
posebusters,DiffBindFR + MDN/EC,2,7ror_69x,True,False,True,True,7ror
posebusters,DiffBindFR + MDN/EC,2,7t1d_e7k,True,True,True,True,7t1d
posebusters,DiffBindFR + MDN/EC,2,7w05_gmp,True,True,True,True,7w05
posebusters,DiffBindFR + MDN/EC,2,7b2c_tp7,False,False,True,False,7b2c
posebusters,DiffBindFR + MDN/EC,2,8g6p_api,False,False,True,True,8g6p
posebusters,DiffBindFR + MDN/EC,2,6zpb_3d1,False,False,True,True,6zpb
posebusters,DiffBindFR + MDN/EC,2,7rws_4ur,False,False,False,False,7rws
posebusters,DiffBindFR + MDN/EC,2,7wl4_jfu,True,True,True,True,7wl4
posebusters,DiffBindFR + MDN/EC,2,7c0u_fgo,False,False,False,False,7c0u
posebusters,DiffBindFR + MDN/EC,2,7pk0_byc,False,False,False,False,7pk0
posebusters,DiffBindFR + MDN/EC,2,7xi7_4ri,True,True,True,True,7xi7
posebusters,DiffBindFR + MDN/EC,2,8ex2_q2q,True,True,True,True,8ex2
posebusters,DiffBindFR + MDN/EC,2,7jy3_vud,False,False,False,False,7jy3
posebusters,DiffBindFR + MDN/EC,2,7n03_zrp,True,True,True,True,7n03
posebusters,DiffBindFR + MDN/EC,2,7v43_c4o,False,False,False,False,7v43
posebusters,DiffBindFR + MDN/EC,2,7vb8_stl,True,True,False,False,7vb8
posebusters,DiffBindFR + MDN/EC,2,8dsc_nca,False,False,True,True,8dsc
posebusters,DiffBindFR + MDN/EC,2,7z7f_if3,False,False,True,True,7z7f
posebusters,DiffBindFR + MDN/EC,2,7bka_4jc,True,True,True,True,7bka
posebusters,DiffBindFR + MDN/EC,2,7dkt_glf,True,True,False,False,7dkt
posebusters,DiffBindFR + MDN/EC,2,7qf4_rbf,True,False,True,True,7qf4
posebusters,DiffBindFR + MDN/EC,2,7qhg_t3b,False,False,True,True,7qhg
posebusters,DiffBindFR + MDN/EC,2,7vwf_k55,True,True,True,True,7vwf
posebusters,DiffBindFR + MDN/EC,2,7zhp_iqy,True,True,True,True,7zhp
posebusters,DiffBindFR + MDN/EC,2,7es1_udp,True,False,True,True,7es1
posebusters,DiffBindFR + MDN/EC,2,7bcp_gco,True,False,True,True,7bcp
posebusters,DiffBindFR + MDN/EC,2,8ay3_oe3,True,True,True,True,8ay3
posebusters,DiffBindFR + MDN/EC,2,7r9n_f97,True,True,True,True,7r9n
posebusters,DiffBindFR + MDN/EC,2,7ujf_r3v,True,False,True,True,7ujf
posebusters,DiffBindFR + MDN/EC,2,7jmv_4nc,False,False,True,True,7jmv
posebusters,DiffBindFR + MDN/EC,2,7vc5_9sf,False,False,True,True,7vc5
posebusters,DiffBindFR + MDN/EC,2,7tsf_h4b,False,False,True,True,7tsf
posebusters,DiffBindFR + MDN/EC,2,7vbu_6i4,False,False,True,True,7vbu
posebusters,DiffBindFR + MDN/EC,2,8slg_g5a,True,False,True,True,8slg
posebusters,DiffBindFR + MDN/EC,2,7ebg_j0l,False,False,True,True,7ebg
posebusters,DiffBindFR + MDN/EC,2,8cnh_v6u,False,False,True,True,8cnh
posebusters,DiffBindFR + MDN/EC,2,7pri_7ti,True,True,False,False,7pri
posebusters,DiffBindFR + MDN/EC,2,7lou_ifm,True,True,True,True,7lou
posebusters,DiffBindFR + MDN/EC,2,7d5c_gv6,True,True,True,True,7d5c
posebusters,DiffBindFR + MDN/EC,2,7u0u_fk5,True,False,False,False,7u0u
posebusters,DiffBindFR + MDN/EC,2,6m2b_ezo,True,True,True,True,6m2b
posebusters,DiffBindFR + MDN/EC,2,6yr2_t1c,True,True,True,True,6yr2
posebusters,DiffBindFR + MDN/EC,2,7zdy_6mj,False,False,True,True,7zdy
posebusters,DiffBindFR + MDN/EC,2,7xg5_plp,True,True,True,True,7xg5
posebusters,DiffBindFR + MDN/EC,2,5sd5_hwi,False,False,True,True,5sd5
posebusters,DiffBindFR + MDN/EC,2,7r3d_apr,False,False,True,True,7r3d
posebusters,DiffBindFR + MDN/EC,2,7z2o_iaj,True,True,False,False,7z2o
posebusters,DiffBindFR + MDN/EC,2,7n6f_0i1,True,False,True,True,7n6f
posebusters,DiffBindFR + MDN/EC,2,7sza_dui,False,False,True,True,7sza
posebusters,DiffBindFR + MDN/EC,2,8aql_plg,True,False,True,True,8aql
posebusters,DiffBindFR + MDN/EC,2,6xct_478,True,True,True,False,6xct
posebusters,DiffBindFR + MDN/EC,2,7nf0_byn,False,False,True,True,7nf0
posebusters,DiffBindFR + MDN/EC,2,7c8q_dsg,False,False,True,True,7c8q
posebusters,DiffBindFR + MDN/EC,2,7mgt_zd4,True,False,True,True,7mgt
posebusters,DiffBindFR + MDN/EC,2,8d39_qdb,True,False,True,True,8d39
posebusters,DiffBindFR + MDN/EC,2,7bnh_bez,False,False,True,True,7bnh
posebusters,DiffBindFR + MDN/EC,2,7zzw_kkw,False,False,True,True,7zzw
posebusters,DiffBindFR + MDN/EC,2,7ljn_gtp,False,False,False,False,7ljn
posebusters,DiffBindFR + MDN/EC,2,7qta_uri,True,True,True,True,7qta
posebusters,DiffBindFR + MDN/EC,2,7l7c_xq1,False,False,True,True,7l7c
posebusters,DiffBindFR + MDN/EC,2,7wuy_76n,False,False,True,True,7wuy
posebusters,DiffBindFR + MDN/EC,2,7m6k_yrj,False,False,False,False,7m6k
posebusters,DiffBindFR + MDN/EC,2,8flv_zb9,True,False,True,True,8flv
posebusters,DiffBindFR + MDN/EC,2,6xbo_5mc,True,False,True,True,6xbo
posebusters,DiffBindFR + MDN/EC,2,7wux_6oi,False,False,True,True,7wux
posebusters,DiffBindFR + MDN/EC,2,7ofk_vch,True,True,True,True,7ofk
posebusters,DiffBindFR + MDN/EC,2,7op9_06k,False,False,False,False,7op9
posebusters,DiffBindFR + MDN/EC,2,7cij_g0c,True,True,True,True,7cij
posebusters,DiffBindFR + MDN/EC,2,7akl_rk5,False,False,True,True,7akl
posebusters,DiffBindFR + MDN/EC,2,7p2i_mfu,True,False,False,False,7p2i
posebusters,DiffBindFR + MDN/EC,2,7scw_gsp,True,True,True,True,7scw
posebusters,DiffBindFR + MDN/EC,2,6yyo_q1k,True,True,True,True,6yyo
posebusters,DiffBindFR + MDN/EC,2,7o0n_cdp,True,False,False,False,7o0n
posebusters,DiffBindFR + MDN/EC,2,8aau_lh0,True,False,True,True,8aau
posebusters,DiffBindFR + MDN/EC,2,7pom_7vz,True,False,True,True,7pom
posebusters,DiffBindFR + MDN/EC,2,7zxv_45d,False,False,False,False,7zxv
posebusters,DiffBindFR + MDN/EC,2,7v3n_akg,True,False,False,False,7v3n
posebusters,DiffBindFR + MDN/EC,2,7qe4_nga,True,True,True,True,7qe4
posebusters,DiffBindFR + MDN/EC,2,7xrl_fwk,False,False,False,False,7xrl
posebusters,DiffBindFR + MDN/EC,2,7myu_zr7,True,False,True,True,7myu
posebusters,DiffBindFR + MDN/EC,2,7f5d_euo,True,True,True,True,7f5d
posebusters,DiffBindFR + MDN/EC,2,8fo5_y4u,False,False,True,False,8fo5
posebusters,DiffBindFR + MDN/EC,2,7r6j_2i7,False,False,True,True,7r6j
posebusters,DiffBindFR + MDN/EC,2,7e4l_mdn,False,False,True,True,7e4l
posebusters,DiffBindFR + MDN/EC,2,7wqq_5z6,True,True,True,True,7wqq
posebusters,DiffBindFR + MDN/EC,2,7nlv_uje,True,True,True,True,7nlv
posebusters,DiffBindFR + MDN/EC,2,7pt3_3kk,False,False,False,False,7pt3
posebusters,DiffBindFR + MDN/EC,2,7sfo_98l,False,False,True,True,7sfo
posebusters,DiffBindFR + MDN/EC,2,7n4w_p4v,True,False,True,True,7n4w
posebusters,DiffBindFR + MDN/EC,2,6tw7_nzb,True,True,True,True,6tw7
posebusters,DiffBindFR + MDN/EC,2,8f8e_xji,False,False,True,True,8f8e
posebusters,DiffBindFR + MDN/EC,2,7ulc_56b,True,True,True,True,7ulc
posebusters,DiffBindFR + MDN/EC,2,7uj5_dgl,False,False,True,True,7uj5
posebusters,DiffBindFR + MDN/EC,2,7umw_nad,False,False,True,True,7umw
posebusters,DiffBindFR + MDN/EC,2,7np6_uk8,True,False,True,True,7np6
posebusters,DiffBindFR + MDN/EC,2,7moi_hps,True,False,True,True,7moi
posebusters,DiffBindFR + MDN/EC,2,7sdd_4ip,False,False,False,False,7sdd
posebusters,DiffBindFR + MDN/EC,2,7v14_oru,True,True,True,True,7v14
posebusters,DiffBindFR + MDN/EC,2,7frx_o88,False,False,False,False,7frx
posebusters,DiffBindFR + MDN/EC,2,8gfd_zhr,False,False,True,True,8gfd
posebusters,DiffBindFR + MDN/EC,2,7kqu_yof,True,True,True,True,7kqu
posebusters,DiffBindFR + MDN/EC,2,8bti_rfo,True,True,False,False,8bti
posebusters,DiffBindFR + MDN/EC,2,7tm6_gpj,False,False,True,True,7tm6
posebusters,DiffBindFR + MDN/EC,2,7m3h_ypv,False,False,True,True,7m3h
posebusters,DiffBindFR + MDN/EC,2,7cd9_fvr,False,False,False,False,7cd9
posebusters,DiffBindFR + MDN/EC,2,7rh3_59o,True,True,True,True,7rh3
posebusters,DiffBindFR + MDN/EC,2,7bmi_u4b,False,False,True,True,7bmi
posebusters,DiffBindFR + MDN/EC,2,7zu2_dht,True,True,True,True,7zu2
posebusters,DiffBindFR + MDN/EC,2,7nr8_uoe,True,True,True,True,7nr8
posebusters,DiffBindFR + MDN/EC,2,7n7b_t3f,False,False,True,True,7n7b
posebusters,DiffBindFR + MDN/EC,2,8d5d_5dk,False,False,True,True,8d5d
posebusters,DiffBindFR + MDN/EC,2,7vyj_ca0,False,False,True,True,7vyj
posebusters,DiffBindFR + MDN/EC,2,7c3u_azg,False,False,False,False,7c3u
posebusters,DiffBindFR + MDN/EC,2,8eab_vn2,False,False,False,False,8eab
posebusters,DiffBindFR + MDN/EC,2,7oeo_v9z,False,False,False,False,7oeo
posebusters,DiffBindFR + MDN/EC,2,7u3j_l6u,False,False,True,True,7u3j
posebusters,DiffBindFR + MDN/EC,2,8f4j_pho,False,False,False,False,8f4j
posebusters,DiffBindFR + MDN/EC,2,7ts6_kmi,True,False,True,True,7ts6
posebusters,DiffBindFR + MDN/EC,2,7ozc_g6s,False,False,True,True,7ozc
posebusters,DiffBindFR + MDN/EC,2,7tom_5ad,True,True,True,True,7tom
posebusters,DiffBindFR + MDN/EC,2,7jxx_vp7,True,False,True,True,7jxx
posebusters,DiffBindFR + MDN/EC,2,7lmo_nyo,False,False,True,True,7lmo
posebusters,DiffBindFR + MDN/EC,2,7th4_ffo,True,False,True,True,7th4
posebusters,DiffBindFR + MDN/EC,2,7siu_9id,True,True,True,True,7siu
posebusters,DiffBindFR + MDN/EC,2,7x5n_5m5,True,True,True,True,7x5n
posebusters,DiffBindFR + MDN/EC,2,7tbu_s3p,True,True,True,True,7tbu
posebusters,DiffBindFR + MDN/EC,2,7zoc_t8e,False,False,True,True,7zoc
posebusters,DiffBindFR + MDN/EC,2,7ft9_4mb,True,True,False,False,7ft9
posebusters,DiffBindFR + MDN/EC,2,7ecr_sin,True,True,True,True,7ecr
posebusters,DiffBindFR + MDN/EC,2,6z2c_q5e,False,False,True,True,6z2c
posebusters,DiffBindFR + MDN/EC,2,7t3e_slb,True,True,True,True,7t3e
posebusters,DiffBindFR + MDN/EC,2,7omx_cna,False,False,True,True,7omx
posebusters,DiffBindFR + MDN/EC,2,7kb1_wbj,True,False,True,True,7kb1
posebusters,DiffBindFR + MDN/EC,2,7a9h_tpp,False,False,True,True,7a9h
posebusters,DiffBindFR + MDN/EC,2,8ho0_3zi,True,False,True,True,8ho0
posebusters,DiffBindFR + MDN/EC,2,7jhq_vaj,True,True,True,True,7jhq
posebusters,DiffBindFR + MDN/EC,2,7q27_8kc,True,True,True,True,7q27
posebusters,DiffBindFR + MDN/EC,2,7puv_84z,True,True,True,True,7puv
posebusters,DiffBindFR + MDN/EC,2,7pgx_fmn,False,False,True,True,7pgx
posebusters,DiffBindFR + MDN/EC,2,7ztl_bcn,False,False,False,False,7ztl
posebusters,DiffBindFR + MDN/EC,2,5sb2_1k2,True,True,True,True,5sb2
posebusters,DiffBindFR + MDN/EC,2,7uyb_ok0,False,False,True,True,7uyb
posebusters,DiffBindFR + MDN/EC,2,7pl1_sfg,True,True,True,True,7pl1
posebusters,DiffBindFR + MDN/EC,2,7nf3_4lu,False,False,True,True,7nf3
posebusters,DiffBindFR + MDN/EC,2,7tb0_ud1,False,False,True,True,7tb0
posebusters,DiffBindFR + MDN/EC,2,7suc_com,False,False,True,True,7suc
posebusters,DiffBindFR + MDN/EC,2,7loe_y84,False,False,True,True,7loe
posebusters,DiffBindFR + MDN/EC,2,7msr_dca,True,False,True,True,7msr
posebusters,DiffBindFR + MDN/EC,2,8d19_gsh,False,False,True,True,8d19
posebusters,DiffBindFR + MDN/EC,2,7te8_p0t,False,False,True,True,7te8
posebusters,DiffBindFR + MDN/EC,2,8bom_qu6,True,True,True,True,8bom
posebusters,DiffBindFR + MDN/EC,2,6yqw_82i,False,False,True,True,6yqw
posebusters,DiffBindFR + MDN/EC,2,7elt_tym,True,True,True,True,7elt
posebusters,DiffBindFR + MDN/EC,2,7rou_66i,True,False,True,True,7rou
posebusters,DiffBindFR + MDN/EC,2,7a9e_r4w,True,True,True,True,7a9e
posebusters,DiffBindFR + MDN/EC,2,8a2d_kxy,False,False,False,False,8a2d
posebusters,DiffBindFR + MDN/EC,2,6yja_2ba,False,False,False,False,6yja
posebusters,DiffBindFR + MDN/EC,2,7nxo_uu8,False,False,True,True,7nxo
posebusters,DiffBindFR + MDN/EC,2,7q5i_i0f,True,True,True,False,7q5i
posebusters,DiffBindFR + MDN/EC,2,7dua_hj0,True,True,True,True,7dua
posebusters,DiffBindFR + MDN/EC,2,7xbv_apc,False,False,True,True,7xbv
posebusters,DiffBindFR + MDN/EC,2,7wkl_caq,False,False,True,True,7wkl
posebusters,DiffBindFR + MDN/EC,2,7ed2_a3p,False,False,True,True,7ed2
posebusters,DiffBindFR + MDN/EC,2,7rsv_7iq,True,True,True,True,7rsv
posebusters,DiffBindFR + MDN/EC,2,7fb7_8nf,False,False,True,True,7fb7
posebusters,DiffBindFR + MDN/EC,2,7mwu_zpm,True,True,True,True,7mwu
posebusters,DiffBindFR + MDN/EC,2,7mgy_zd1,True,True,True,True,7mgy
posebusters,DiffBindFR + MDN/EC,2,7wjb_bgc,True,True,True,True,7wjb
posebusters,DiffBindFR + MDN/EC,2,6z14_q4z,True,True,True,True,6z14
posebusters,DiffBindFR + MDN/EC,2,7z1q_nio,True,True,True,True,7z1q
posebusters,DiffBindFR + MDN/EC,2,8c3n_adp,True,True,True,True,8c3n
posebusters,DiffBindFR + MDN/EC,2,7dql_4cl,False,False,True,True,7dql
posebusters,DiffBindFR + MDN/EC,2,7km8_wpd,True,False,True,True,7km8
posebusters,DiffBindFR + MDN/EC,2,6zcy_qf8,True,True,True,True,6zcy
posebusters,DiffBindFR + MDN/EC,2,7a1p_qw2,True,True,True,True,7a1p
posebusters,DiffBindFR + MDN/EC,2,7f8t_fad,False,False,False,False,7f8t
posebusters,DiffBindFR + MDN/EC,2,7k0v_vqp,True,True,True,True,7k0v
posebusters,DiffBindFR + MDN/EC,2,7w06_itn,False,False,True,True,7w06
posebusters,DiffBindFR + MDN/EC,2,6yrv_pj8,True,False,True,True,6yrv
posebusters,DiffBindFR + MDN/EC,2,6zae_acv,False,False,True,True,6zae
posebusters,DiffBindFR + MDN/EC,2,8dp2_uma,False,False,False,False,8dp2
posebusters,DiffBindFR + MDN/EC,2,7ngw_uaw,True,True,True,True,7ngw
posebusters,DiffBindFR + MDN/EC,2,7lt0_onj,True,True,True,True,7lt0
posebusters,DiffBindFR + MDN/EC,2,8dhg_t78,True,False,True,True,8dhg
posebusters,DiffBindFR + MDN/EC,2,7r7r_awj,True,True,True,True,7r7r
posebusters,DiffBindFR + MDN/EC,2,7p5t_5yg,True,True,True,True,7p5t
posebusters,DiffBindFR + MDN/EC,2,7uxs_ojc,True,False,False,False,7uxs
posebusters,DiffBindFR + MDN/EC,2,8ap0_prp,False,False,False,False,8ap0
posebusters,DiffBindFR + MDN/EC,2,6yt6_pke,False,False,True,True,6yt6
posebusters,DiffBindFR + MDN/EC,2,7qgp_dj8,True,False,True,True,7qgp
posebusters,DiffBindFR + MDN/EC,2,5sis_jsm,True,True,True,True,5sis
posebusters,DiffBindFR + MDN/EC,2,7typ_kur,True,False,True,True,7typ
posebusters,DiffBindFR + MDN/EC,2,7opg_06n,False,False,True,True,7opg
posebusters,DiffBindFR + MDN/EC,2,7rc3_sah,True,True,True,True,7rc3
posebusters,DiffBindFR + MDN/EC,2,7ody_dgi,True,True,True,True,7ody
posebusters,DiffBindFR + MDN/EC,2,7qpp_vdx,True,False,True,False,7qpp
posebusters,DiffBindFR + MDN/EC,2,7nut_glp,True,False,True,True,7nut
posebusters,DiffBindFR + MDN/EC,2,7cuo_phb,True,True,True,True,7cuo
posebusters,DiffBindFR + MDN/EC,2,7uy4_smi,False,False,False,False,7uy4
posebusters,DiffBindFR + MDN/EC,2,6zc3_jor,False,False,False,False,6zc3
posebusters,DiffBindFR + MDN/EC,2,8g0v_yht,True,True,True,True,8g0v
posebusters,DiffBindFR + MDN/EC,2,7tuo_kl9,False,False,True,True,7tuo
posebusters,DiffBindFR + MDN/EC,2,7mmh_zjy,True,True,True,True,7mmh
posebusters,DiffBindFR + MDN/EC,2,7zl5_iwe,True,True,True,True,7zl5
posebusters,DiffBindFR + MDN/EC,2,7cns_pmv,False,False,True,True,7cns
posebusters,DiffBindFR + MDN/EC,2,6ysp_pal,False,False,True,True,6ysp
posebusters,DiffBindFR + MDN/EC,2,7zf0_dhr,True,True,True,True,7zf0
posebusters,DiffBindFR + MDN/EC,2,7kz9_xn7,False,False,True,True,7kz9
posebusters,DiffBindFR + MDN/EC,2,7d6o_mte,True,False,True,True,7d6o
posebusters,DiffBindFR + MDN/EC,2,7npl_ukz,False,False,True,True,7npl
posebusters,DiffBindFR + MDN/EC,2,7l00_xcj,True,False,True,True,7l00
posebusters,DiffBindFR + MDN/EC,2,7rni_60i,False,False,False,False,7rni
posebusters,DiffBindFR + MDN/EC,2,7wpw_f15,True,True,True,True,7wpw
posebusters,DiffBindFR + MDN/EC,2,7v3s_5i9,True,True,True,True,7v3s
posebusters,DiffBindFR + MDN/EC,2,7jg0_gar,True,True,True,True,7jg0
posebusters,DiffBindFR + MDN/EC,2,8aie_m7l,True,False,False,False,8aie
posebusters,DiffBindFR + MDN/EC,2,6yqv_8k2,True,True,True,True,6yqv
posebusters,DiffBindFR + MDN/EC,2,7oli_8hg,True,False,True,True,7oli
posebusters,DiffBindFR + MDN/EC,2,7rzl_npo,False,False,True,True,7rzl
posebusters,DiffBindFR + MDN/EC,2,7rkw_5tv,True,False,True,True,7rkw
posebusters,DiffBindFR + MDN/EC,2,7qhl_d5p,True,True,True,True,7qhl
posebusters,DiffBindFR + MDN/EC,2,7p1m_4iu,True,False,True,True,7p1m
posebusters,DiffBindFR + MDN/EC,2,7qfm_ay3,False,False,True,True,7qfm
posebusters,DiffBindFR + MDN/EC,2,7cl8_tes,False,False,True,True,7cl8
posebusters,DiffBindFR + MDN/EC,2,7lzd_yhy,False,False,True,True,7lzd
posebusters,DiffBindFR + MDN/EC,2,7mfp_z7p,False,False,True,False,7mfp
posebusters,DiffBindFR + MDN/EC,2,7b94_anp,False,False,True,True,7b94
posebusters,DiffBindFR + MDN/EC,2,7pjq_owh,False,False,True,True,7pjq
posebusters,DiffBindFR + MDN/EC,2,7l03_f9f,True,False,True,True,7l03
posebusters,DiffBindFR + MDN/EC,2,6xg5_top,True,False,True,True,6xg5
posebusters,DiffBindFR + MDN/EC,2,8b8h_ojq,False,False,True,True,8b8h
posebusters,DiffBindFR + MDN/EC,2,7f51_ba7,False,False,True,True,7f51
posebusters,DiffBindFR + MDN/EC,2,7uas_mbu,True,False,True,True,7uas
posebusters,DiffBindFR + MDN/EC,2,7uj4_oq4,True,True,False,False,7uj4
posebusters,DiffBindFR + MDN/EC,2,7prm_81i,True,True,True,True,7prm
posebusters,DiffBindFR + MDN/EC,2,7bjj_tvw,False,False,False,False,7bjj
posebusters,DiffBindFR + MDN/EC,2,7wcf_acp,True,False,True,True,7wcf
posebusters,DiffBindFR + MDN/EC,2,8csd_c5p,True,False,True,True,8csd
posebusters,DiffBindFR + MDN/EC,2,7xpo_upg,False,False,False,False,7xpo
posebusters,DiffBindFR + MDN/EC,2,8eye_x4i,True,False,False,False,8eye
posebusters,DiffBindFR + MDN/EC,2,7ctm_bdp,True,False,True,True,7ctm
posebusters,DiffBindFR + MDN/EC,2,6xm9_v55,True,True,True,True,6xm9
posebusters,DiffBindFR + MDN/EC,2,8fav_4y5,True,True,True,True,8fav
posebusters,DiffBindFR + MDN/EC,2,6wtn_rxt,True,True,True,True,6wtn
posebusters,DiffBindFR + MDN/EC,2,5sak_zry,True,True,False,False,5sak
posebusters,DiffBindFR + MDN/EC,2,7p4c_5ov,True,True,True,True,7p4c
posebusters,DiffBindFR + MDN/EC,2,7epv_fda,False,False,True,True,7epv
posebusters,DiffBindFR + MDN/EC,2,7q2b_m6h,True,True,True,True,7q2b
posebusters,DiffBindFR + MDN/EC,2,6z1c_7ey,True,False,True,True,6z1c
posebusters,DiffBindFR + MDN/EC,2,7n4n_0bk,True,True,True,True,7n4n
posebusters,DiffBindFR + MDN/EC,2,7n7h_ctp,False,False,True,True,7n7h
posebusters,DiffBindFR + MDN/EC,2,7lev_0jo,False,False,True,True,7lev
posebusters,DiffBindFR + MDN/EC,2,7m31_tdr,False,False,True,True,7m31
posebusters,DiffBindFR + MDN/EC,2,7xjn_nsd,True,True,True,True,7xjn
posebusters,DiffBindFR + MDN/EC,2,7ush_82v,True,True,True,True,7ush
posebusters,DiffBindFR + MDN/EC,2,7thi_pga,True,True,True,True,7thi
posebusters,DiffBindFR + MDN/EC,2,7xfa_d9j,True,True,False,False,7xfa
posebusters,DiffBindFR + MDN/EC,2,7yzu_do7,False,False,True,True,7yzu
posebusters,DiffBindFR + MDN/EC,2,7oso_0v1,False,False,False,False,7oso
posebusters,DiffBindFR + MDN/EC,2,7wdt_ngs,False,False,True,True,7wdt
posebusters,DiffBindFR + MDN/EC,2,7uq3_o2u,False,False,True,True,7uq3
posebusters,DiffBindFR + MDN/EC,2,6m73_fnr,True,False,True,True,6m73
posebusters,DiffBindFR + MDN/EC,2,8aem_lvf,True,True,True,True,8aem
posebusters,DiffBindFR + MDN/EC,2,7kc5_bjz,True,True,True,True,7kc5
posebusters,DiffBindFR + MDN/EC,2,7o1t_5x8,True,True,True,True,7o1t
posebusters,DiffBindFR + MDN/EC,2,7lcu_xta,False,False,True,True,7lcu
posebusters,DiffBindFR + MDN/EC,2,7pih_7qw,False,False,False,False,7pih
posebusters,DiffBindFR + MDN/EC,2,7r59_i5f,False,False,True,True,7r59
posebusters,DiffBindFR + MDN/EC,2,7my1_ipe,False,False,False,False,7my1
posebusters,DiffBindFR + MDN/EC,2,8auh_l9i,False,False,True,True,8auh
posebusters,DiffBindFR + MDN/EC,2,7vq9_isy,True,False,False,False,7vq9
posebusters,DiffBindFR + MDN/EC,2,6z0r_q4h,False,False,True,True,6z0r
posebusters,DiffBindFR + MDN/EC,2,7mwn_wi5,False,False,False,False,7mwn
posebusters,DiffBindFR + MDN/EC,2,8hfn_xgc,False,False,True,True,8hfn
posebusters,DiffBindFR + MDN/EC,2,7kru_atp,True,True,True,True,7kru
posebusters,DiffBindFR + MDN/EC,2,7x9k_8og,True,True,True,True,7x9k
posebusters,DiffBindFR + MDN/EC,2,8a1h_dlz,False,False,True,True,8a1h
posebusters,DiffBindFR + MDN/EC,2,7fha_adx,True,True,True,True,7fha
posebusters,DiffBindFR + MDN/EC,2,7zcc_oga,True,False,False,False,7zcc
posebusters,DiffBindFR + MDN/EC,2,7oz9_ngk,False,False,True,True,7oz9
posebusters,DiffBindFR + MDN/EC,2,7off_vcb,False,False,True,True,7off
posebusters,DiffBindFR + MDN/EC,2,8dko_tfb,False,False,True,True,8dko
posebusters,DiffBindFR + MDN/EC,2,7vkz_noj,False,False,False,False,7vkz
posebusters,DiffBindFR + MDN/EC,2,7afx_r9k,False,False,True,True,7afx
posebusters,DiffBindFR + MDN/EC,2,7uaw_mf6,False,False,True,True,7uaw
posebusters,DiffBindFR + MDN/EC,2,7xqz_fpf,False,False,True,True,7xqz
posebusters,DiffBindFR + MDN/EC,2,6zk5_imh,False,False,False,False,6zk5
posebusters,DiffBindFR + MDN/EC,2,7q25_8j9,True,True,True,True,7q25
posebusters,DiffBindFR + MDN/EC,2,7nsw_hc4,True,False,True,True,7nsw
posebusters,DiffBindFR + MDN/EC,2,6z4n_q7b,False,False,True,True,6z4n
posebusters,SurfDock,0,7cnq_g8x,True,True,True,True,7cnq
posebusters,SurfDock,0,6yms_ozh,True,False,False,False,6yms
posebusters,SurfDock,0,7t0d_fpp,True,False,True,True,7t0d
posebusters,SurfDock,0,6xht_v2v,True,True,True,True,6xht
posebusters,SurfDock,0,7an5_rdh,True,True,True,True,7an5
posebusters,SurfDock,0,8c5m_mta,True,True,True,True,8c5m
posebusters,SurfDock,0,6vta_akn,False,False,False,False,6vta
posebusters,SurfDock,0,7p1f_kfn,True,True,True,True,7p1f
posebusters,SurfDock,0,7l5f_xng,True,True,True,True,7l5f
posebusters,SurfDock,0,8exl_799,True,True,True,True,8exl
posebusters,SurfDock,0,7utw_nai,True,False,True,False,7utw
posebusters,SurfDock,0,7nfb_gen,True,True,True,True,7nfb
posebusters,SurfDock,0,7nu0_dcl,True,True,True,True,7nu0
posebusters,SurfDock,0,7btt_f8r,True,True,True,True,7btt
posebusters,SurfDock,0,6tw5_9m2,False,False,True,True,6tw5
posebusters,SurfDock,0,7txk_lw8,True,True,True,True,7txk
posebusters,SurfDock,0,7wy1_d0l,False,False,True,True,7wy1
posebusters,SurfDock,0,6t88_mwq,False,False,True,True,6t88
posebusters,SurfDock,0,7ror_69x,True,True,True,True,7ror
posebusters,SurfDock,0,7t1d_e7k,True,True,True,True,7t1d
posebusters,SurfDock,0,7w05_gmp,True,True,True,True,7w05
posebusters,SurfDock,0,7b2c_tp7,True,True,False,False,7b2c
posebusters,SurfDock,0,8g6p_api,True,True,True,True,8g6p
posebusters,SurfDock,0,6zpb_3d1,False,False,True,True,6zpb
posebusters,SurfDock,0,7rws_4ur,True,True,False,False,7rws
posebusters,SurfDock,0,7wl4_jfu,True,True,True,True,7wl4
posebusters,SurfDock,0,7c0u_fgo,True,False,False,False,7c0u
posebusters,SurfDock,0,7pk0_byc,False,False,True,True,7pk0
posebusters,SurfDock,0,7xi7_4ri,True,True,True,True,7xi7
posebusters,SurfDock,0,8ex2_q2q,True,True,True,True,8ex2
posebusters,SurfDock,0,7jy3_vud,False,False,False,False,7jy3
posebusters,SurfDock,0,7n03_zrp,True,True,True,True,7n03
posebusters,SurfDock,0,7v43_c4o,True,True,False,False,7v43
posebusters,SurfDock,0,7vb8_stl,True,True,False,False,7vb8
posebusters,SurfDock,0,8dsc_nca,True,True,True,True,8dsc
posebusters,SurfDock,0,7z7f_if3,True,True,True,True,7z7f
posebusters,SurfDock,0,7bka_4jc,True,True,True,True,7bka
posebusters,SurfDock,0,7dkt_glf,True,True,False,False,7dkt
posebusters,SurfDock,0,7qf4_rbf,True,True,True,True,7qf4
posebusters,SurfDock,0,7qhg_t3b,True,True,True,True,7qhg
posebusters,SurfDock,0,7vwf_k55,True,True,True,True,7vwf
posebusters,SurfDock,0,7zhp_iqy,True,True,True,True,7zhp
posebusters,SurfDock,0,7es1_udp,True,True,True,True,7es1
posebusters,SurfDock,0,7bcp_gco,True,True,True,True,7bcp
posebusters,SurfDock,0,8ay3_oe3,True,True,True,True,8ay3
posebusters,SurfDock,0,7r9n_f97,True,True,True,True,7r9n
posebusters,SurfDock,0,7ujf_r3v,True,True,True,False,7ujf
posebusters,SurfDock,0,7jmv_4nc,False,False,True,True,7jmv
posebusters,SurfDock,0,7vc5_9sf,True,True,True,True,7vc5
posebusters,SurfDock,0,7tsf_h4b,True,False,True,True,7tsf
posebusters,SurfDock,0,7vbu_6i4,True,True,True,True,7vbu
posebusters,SurfDock,0,8slg_g5a,True,True,True,True,8slg
posebusters,SurfDock,0,7ebg_j0l,True,True,True,True,7ebg
posebusters,SurfDock,0,8cnh_v6u,True,True,True,True,8cnh
posebusters,SurfDock,0,7pri_7ti,True,True,False,False,7pri
posebusters,SurfDock,0,7lou_ifm,True,True,True,True,7lou
posebusters,SurfDock,0,7d5c_gv6,True,True,True,True,7d5c
posebusters,SurfDock,0,7u0u_fk5,False,False,False,False,7u0u
posebusters,SurfDock,0,6m2b_ezo,True,True,True,True,6m2b
posebusters,SurfDock,0,6yr2_t1c,True,True,True,True,6yr2
posebusters,SurfDock,0,7zdy_6mj,True,False,True,True,7zdy
posebusters,SurfDock,0,7xg5_plp,True,True,True,True,7xg5
posebusters,SurfDock,0,5sd5_hwi,True,True,True,True,5sd5
posebusters,SurfDock,0,7r3d_apr,True,True,True,True,7r3d
posebusters,SurfDock,0,7z2o_iaj,True,True,True,True,7z2o
posebusters,SurfDock,0,7n6f_0i1,True,True,True,True,7n6f
posebusters,SurfDock,0,7sza_dui,False,False,True,True,7sza
posebusters,SurfDock,0,8aql_plg,True,True,True,True,8aql
posebusters,SurfDock,0,6xct_478,True,True,True,False,6xct
posebusters,SurfDock,0,7nf0_byn,True,True,True,True,7nf0
posebusters,SurfDock,0,7c8q_dsg,True,True,True,True,7c8q
posebusters,SurfDock,0,7mgt_zd4,True,True,True,True,7mgt
posebusters,SurfDock,0,8d39_qdb,True,True,True,True,8d39
posebusters,SurfDock,0,7bnh_bez,True,True,True,True,7bnh
posebusters,SurfDock,0,7zzw_kkw,True,True,True,True,7zzw
posebusters,SurfDock,0,7ljn_gtp,False,False,False,False,7ljn
posebusters,SurfDock,0,7qta_uri,True,True,True,True,7qta
posebusters,SurfDock,0,7l7c_xq1,True,True,True,True,7l7c
posebusters,SurfDock,0,7wuy_76n,False,False,False,False,7wuy
posebusters,SurfDock,0,7m6k_yrj,True,True,False,False,7m6k
posebusters,SurfDock,0,8flv_zb9,True,True,True,True,8flv
posebusters,SurfDock,0,6xbo_5mc,True,True,True,True,6xbo
posebusters,SurfDock,0,7wux_6oi,True,True,True,True,7wux
posebusters,SurfDock,0,7ofk_vch,True,False,True,True,7ofk
posebusters,SurfDock,0,7op9_06k,True,True,False,False,7op9
posebusters,SurfDock,0,7cij_g0c,True,True,True,True,7cij
posebusters,SurfDock,0,7akl_rk5,False,False,True,True,7akl
posebusters,SurfDock,0,7p2i_mfu,True,True,False,False,7p2i
posebusters,SurfDock,0,7scw_gsp,True,True,True,True,7scw
posebusters,SurfDock,0,6yyo_q1k,True,True,True,True,6yyo
posebusters,SurfDock,0,7o0n_cdp,True,False,True,True,7o0n
posebusters,SurfDock,0,8aau_lh0,True,True,True,True,8aau
posebusters,SurfDock,0,7pom_7vz,True,True,True,True,7pom
posebusters,SurfDock,0,7zxv_45d,True,True,False,False,7zxv
posebusters,SurfDock,0,7v3n_akg,True,True,False,False,7v3n
posebusters,SurfDock,0,7qe4_nga,True,True,True,True,7qe4
posebusters,SurfDock,0,7xrl_fwk,True,True,False,False,7xrl
posebusters,SurfDock,0,7myu_zr7,True,True,True,True,7myu
posebusters,SurfDock,0,7f5d_euo,False,False,True,True,7f5d
posebusters,SurfDock,0,8fo5_y4u,True,True,True,False,8fo5
posebusters,SurfDock,0,7r6j_2i7,True,True,True,True,7r6j
posebusters,SurfDock,0,7e4l_mdn,True,True,True,True,7e4l
posebusters,SurfDock,0,7wqq_5z6,True,True,True,True,7wqq
posebusters,SurfDock,0,7nlv_uje,True,True,True,True,7nlv
posebusters,SurfDock,0,7pt3_3kk,False,False,False,False,7pt3
posebusters,SurfDock,0,7sfo_98l,True,True,True,True,7sfo
posebusters,SurfDock,0,7n4w_p4v,True,True,True,True,7n4w
posebusters,SurfDock,0,6tw7_nzb,True,True,True,True,6tw7
posebusters,SurfDock,0,8f8e_xji,True,True,True,True,8f8e
posebusters,SurfDock,0,7ulc_56b,True,True,True,True,7ulc
posebusters,SurfDock,0,7uj5_dgl,False,False,True,True,7uj5
posebusters,SurfDock,0,7umw_nad,True,True,True,True,7umw
posebusters,SurfDock,0,7np6_uk8,True,True,True,True,7np6
posebusters,SurfDock,0,7moi_hps,True,True,False,False,7moi
posebusters,SurfDock,0,7sdd_4ip,True,True,False,False,7sdd
posebusters,SurfDock,0,7v14_oru,True,True,True,True,7v14
posebusters,SurfDock,0,7frx_o88,True,True,True,True,7frx
posebusters,SurfDock,0,8gfd_zhr,False,False,True,True,8gfd
posebusters,SurfDock,0,7kqu_yof,True,True,True,True,7kqu
posebusters,SurfDock,0,8bti_rfo,True,True,False,False,8bti
posebusters,SurfDock,0,7tm6_gpj,True,True,True,True,7tm6
posebusters,SurfDock,0,7m3h_ypv,True,True,True,True,7m3h
posebusters,SurfDock,0,7cd9_fvr,True,True,True,True,7cd9
posebusters,SurfDock,0,7rh3_59o,True,True,True,True,7rh3
posebusters,SurfDock,0,7bmi_u4b,False,False,True,True,7bmi
posebusters,SurfDock,0,7zu2_dht,True,True,True,True,7zu2
posebusters,SurfDock,0,7nr8_uoe,True,True,True,True,7nr8
posebusters,SurfDock,0,7n7b_t3f,False,False,False,False,7n7b
posebusters,SurfDock,0,8d5d_5dk,True,True,True,True,8d5d
posebusters,SurfDock,0,7vyj_ca0,False,False,True,True,7vyj
posebusters,SurfDock,0,7c3u_azg,False,False,False,False,7c3u
posebusters,SurfDock,0,8eab_vn2,True,True,True,True,8eab
posebusters,SurfDock,0,7oeo_v9z,True,True,True,True,7oeo
posebusters,SurfDock,0,7u3j_l6u,True,True,True,True,7u3j
posebusters,SurfDock,0,8f4j_pho,False,False,False,False,8f4j
posebusters,SurfDock,0,7ts6_kmi,True,True,True,True,7ts6
posebusters,SurfDock,0,7ozc_g6s,False,False,True,True,7ozc
posebusters,SurfDock,0,7tom_5ad,True,True,True,True,7tom
posebusters,SurfDock,0,7jxx_vp7,True,True,True,True,7jxx
posebusters,SurfDock,0,7lmo_nyo,True,True,True,True,7lmo
posebusters,SurfDock,0,7th4_ffo,True,True,True,True,7th4
posebusters,SurfDock,0,7siu_9id,True,True,True,True,7siu
posebusters,SurfDock,0,7x5n_5m5,True,True,True,True,7x5n
posebusters,SurfDock,0,7tbu_s3p,True,True,True,True,7tbu
posebusters,SurfDock,0,7zoc_t8e,True,True,True,True,7zoc
posebusters,SurfDock,0,7ft9_4mb,True,True,False,False,7ft9
posebusters,SurfDock,0,7ecr_sin,True,True,True,True,7ecr
posebusters,SurfDock,0,6z2c_q5e,True,True,True,True,6z2c
posebusters,SurfDock,0,7t3e_slb,True,True,True,True,7t3e
posebusters,SurfDock,0,7omx_cna,False,False,True,True,7omx
posebusters,SurfDock,0,7kb1_wbj,True,True,True,True,7kb1
posebusters,SurfDock,0,7a9h_tpp,True,True,True,True,7a9h
posebusters,SurfDock,0,8ho0_3zi,True,True,True,True,8ho0
posebusters,SurfDock,0,7jhq_vaj,True,True,True,True,7jhq
posebusters,SurfDock,0,7q27_8kc,True,True,True,True,7q27
posebusters,SurfDock,0,7puv_84z,True,True,True,True,7puv
posebusters,SurfDock,0,7pgx_fmn,True,True,False,False,7pgx
posebusters,SurfDock,0,7ztl_bcn,False,False,True,True,7ztl
posebusters,SurfDock,0,5sb2_1k2,True,True,True,True,5sb2
posebusters,SurfDock,0,7uyb_ok0,True,True,True,True,7uyb
posebusters,SurfDock,0,7pl1_sfg,True,True,True,True,7pl1
posebusters,SurfDock,0,7nf3_4lu,True,True,True,True,7nf3
posebusters,SurfDock,0,7tb0_ud1,False,False,False,False,7tb0
posebusters,SurfDock,0,7suc_com,True,True,True,True,7suc
posebusters,SurfDock,0,7loe_y84,True,True,True,True,7loe
posebusters,SurfDock,0,7msr_dca,True,True,True,True,7msr
posebusters,SurfDock,0,8d19_gsh,True,True,False,False,8d19
posebusters,SurfDock,0,7te8_p0t,True,True,True,True,7te8
posebusters,SurfDock,0,8bom_qu6,True,True,True,True,8bom
posebusters,SurfDock,0,6yqw_82i,True,True,True,True,6yqw
posebusters,SurfDock,0,7elt_tym,True,False,True,True,7elt
posebusters,SurfDock,0,7rou_66i,True,True,True,True,7rou
posebusters,SurfDock,0,7a9e_r4w,False,False,False,False,7a9e
posebusters,SurfDock,0,8a2d_kxy,False,False,False,False,8a2d
posebusters,SurfDock,0,6yja_2ba,False,False,False,False,6yja
posebusters,SurfDock,0,7nxo_uu8,True,True,True,True,7nxo
posebusters,SurfDock,0,7q5i_i0f,True,True,True,True,7q5i
posebusters,SurfDock,0,7dua_hj0,True,True,True,True,7dua
posebusters,SurfDock,0,7xbv_apc,True,True,True,True,7xbv
posebusters,SurfDock,0,7wkl_caq,True,True,True,True,7wkl
posebusters,SurfDock,0,7ed2_a3p,True,True,True,True,7ed2
posebusters,SurfDock,0,7rsv_7iq,True,True,True,True,7rsv
posebusters,SurfDock,0,7fb7_8nf,True,True,True,True,7fb7
posebusters,SurfDock,0,7mwu_zpm,False,False,True,True,7mwu
posebusters,SurfDock,0,7mgy_zd1,True,True,True,True,7mgy
posebusters,SurfDock,0,7wjb_bgc,True,True,True,True,7wjb
posebusters,SurfDock,0,6z14_q4z,True,True,True,True,6z14
posebusters,SurfDock,0,7z1q_nio,True,True,True,True,7z1q
posebusters,SurfDock,0,8c3n_adp,True,True,True,True,8c3n
posebusters,SurfDock,0,7dql_4cl,True,True,True,True,7dql
posebusters,SurfDock,0,7km8_wpd,True,True,True,True,7km8
posebusters,SurfDock,0,6zcy_qf8,True,True,True,True,6zcy
posebusters,SurfDock,0,7a1p_qw2,True,True,True,True,7a1p
posebusters,SurfDock,0,7f8t_fad,False,False,False,False,7f8t
posebusters,SurfDock,0,7k0v_vqp,True,True,True,True,7k0v
posebusters,SurfDock,0,7w06_itn,True,True,True,True,7w06
posebusters,SurfDock,0,6yrv_pj8,True,True,True,True,6yrv
posebusters,SurfDock,0,6zae_acv,True,True,True,True,6zae
posebusters,SurfDock,0,8dp2_uma,False,False,False,False,8dp2
posebusters,SurfDock,0,7ngw_uaw,True,True,True,True,7ngw
posebusters,SurfDock,0,7lt0_onj,True,True,True,True,7lt0
posebusters,SurfDock,0,8dhg_t78,False,False,False,False,8dhg
posebusters,SurfDock,0,7r7r_awj,True,True,True,True,7r7r
posebusters,SurfDock,0,7p5t_5yg,True,False,True,True,7p5t
posebusters,SurfDock,0,7uxs_ojc,False,False,False,False,7uxs
posebusters,SurfDock,0,8ap0_prp,True,True,False,False,8ap0
posebusters,SurfDock,0,6yt6_pke,True,True,True,True,6yt6
posebusters,SurfDock,0,7qgp_dj8,True,True,True,True,7qgp
posebusters,SurfDock,0,5sis_jsm,True,True,True,True,5sis
posebusters,SurfDock,0,7typ_kur,True,True,True,True,7typ
posebusters,SurfDock,0,7opg_06n,True,True,True,True,7opg
posebusters,SurfDock,0,7rc3_sah,True,True,True,True,7rc3
posebusters,SurfDock,0,7ody_dgi,True,True,True,True,7ody
posebusters,SurfDock,0,7qpp_vdx,False,False,True,False,7qpp
posebusters,SurfDock,0,7nut_glp,True,True,True,True,7nut
posebusters,SurfDock,0,7cuo_phb,False,False,True,True,7cuo
posebusters,SurfDock,0,7uy4_smi,False,False,True,True,7uy4
posebusters,SurfDock,0,6zc3_jor,True,True,True,True,6zc3
posebusters,SurfDock,0,8g0v_yht,False,False,True,True,8g0v
posebusters,SurfDock,0,7tuo_kl9,True,True,True,True,7tuo
posebusters,SurfDock,0,7mmh_zjy,True,True,True,True,7mmh
posebusters,SurfDock,0,7zl5_iwe,True,True,True,True,7zl5
posebusters,SurfDock,0,7cns_pmv,True,True,True,True,7cns
posebusters,SurfDock,0,6ysp_pal,True,True,True,True,6ysp
posebusters,SurfDock,0,7zf0_dhr,True,True,True,True,7zf0
posebusters,SurfDock,0,7kz9_xn7,False,False,True,True,7kz9
posebusters,SurfDock,0,7d6o_mte,True,True,True,True,7d6o
posebusters,SurfDock,0,7npl_ukz,True,True,True,True,7npl
posebusters,SurfDock,0,7l00_xcj,True,True,True,True,7l00
posebusters,SurfDock,0,7rni_60i,True,True,False,False,7rni
posebusters,SurfDock,0,7wpw_f15,False,False,False,False,7wpw
posebusters,SurfDock,0,7v3s_5i9,True,True,True,True,7v3s
posebusters,SurfDock,0,7jg0_gar,True,True,True,True,7jg0
posebusters,SurfDock,0,8aie_m7l,False,False,False,False,8aie
posebusters,SurfDock,0,6yqv_8k2,True,True,True,True,6yqv
posebusters,SurfDock,0,7oli_8hg,False,False,True,True,7oli
posebusters,SurfDock,0,7rzl_npo,True,False,True,True,7rzl
posebusters,SurfDock,0,7rkw_5tv,True,True,True,True,7rkw
posebusters,SurfDock,0,7qhl_d5p,True,True,True,True,7qhl
posebusters,SurfDock,0,7p1m_4iu,True,True,True,True,7p1m
posebusters,SurfDock,0,7qfm_ay3,True,True,True,True,7qfm
posebusters,SurfDock,0,7cl8_tes,True,True,True,True,7cl8
posebusters,SurfDock,0,7lzd_yhy,True,True,True,True,7lzd
posebusters,SurfDock,0,7mfp_z7p,True,True,False,False,7mfp
posebusters,SurfDock,0,7b94_anp,True,True,False,False,7b94
posebusters,SurfDock,0,7pjq_owh,True,True,True,True,7pjq
posebusters,SurfDock,0,7l03_f9f,True,True,True,True,7l03
posebusters,SurfDock,0,6xg5_top,True,True,True,True,6xg5
posebusters,SurfDock,0,8b8h_ojq,True,True,True,True,8b8h
posebusters,SurfDock,0,7f51_ba7,True,True,True,True,7f51
posebusters,SurfDock,0,7uas_mbu,True,False,True,True,7uas
posebusters,SurfDock,0,7uj4_oq4,True,True,True,True,7uj4
posebusters,SurfDock,0,7prm_81i,True,True,True,True,7prm
posebusters,SurfDock,0,7bjj_tvw,True,True,False,False,7bjj
posebusters,SurfDock,0,7wcf_acp,True,True,True,True,7wcf
posebusters,SurfDock,0,8csd_c5p,True,True,True,True,8csd
posebusters,SurfDock,0,7xpo_upg,True,False,False,False,7xpo
posebusters,SurfDock,0,8eye_x4i,True,True,False,False,8eye
posebusters,SurfDock,0,7ctm_bdp,False,False,True,True,7ctm
posebusters,SurfDock,0,6xm9_v55,False,False,True,True,6xm9
posebusters,SurfDock,0,8fav_4y5,True,True,True,True,8fav
posebusters,SurfDock,0,6wtn_rxt,True,True,True,True,6wtn
posebusters,SurfDock,0,5sak_zry,True,True,False,False,5sak
posebusters,SurfDock,0,7p4c_5ov,True,True,True,True,7p4c
posebusters,SurfDock,0,7epv_fda,False,False,True,True,7epv
posebusters,SurfDock,0,7q2b_m6h,True,True,True,True,7q2b
posebusters,SurfDock,0,6z1c_7ey,True,True,True,True,6z1c
posebusters,SurfDock,0,7n4n_0bk,True,True,True,True,7n4n
posebusters,SurfDock,0,7n7h_ctp,True,True,True,True,7n7h
posebusters,SurfDock,0,7lev_0jo,True,True,True,True,7lev
posebusters,SurfDock,0,7m31_tdr,True,True,True,True,7m31
posebusters,SurfDock,0,7xjn_nsd,True,True,True,True,7xjn
posebusters,SurfDock,0,7ush_82v,True,True,True,True,7ush
posebusters,SurfDock,0,7thi_pga,True,True,True,True,7thi
posebusters,SurfDock,0,7xfa_d9j,True,True,True,True,7xfa
posebusters,SurfDock,0,7yzu_do7,True,True,True,True,7yzu
posebusters,SurfDock,0,7oso_0v1,True,True,False,False,7oso
posebusters,SurfDock,0,7wdt_ngs,True,True,False,False,7wdt
posebusters,SurfDock,0,7uq3_o2u,False,False,True,True,7uq3
posebusters,SurfDock,0,6m73_fnr,True,True,True,True,6m73
posebusters,SurfDock,0,8aem_lvf,True,True,True,True,8aem
posebusters,SurfDock,0,7kc5_bjz,True,True,True,True,7kc5
posebusters,SurfDock,0,7o1t_5x8,True,True,True,True,7o1t
posebusters,SurfDock,0,7lcu_xta,True,True,True,True,7lcu
posebusters,SurfDock,0,7pih_7qw,True,True,False,False,7pih
posebusters,SurfDock,0,7r59_i5f,True,True,True,True,7r59
posebusters,SurfDock,0,7my1_ipe,True,True,False,False,7my1
posebusters,SurfDock,0,8auh_l9i,True,False,True,False,8auh
posebusters,SurfDock,0,7vq9_isy,True,True,True,True,7vq9
posebusters,SurfDock,0,6z0r_q4h,True,True,True,True,6z0r
posebusters,SurfDock,0,7mwn_wi5,True,True,False,False,7mwn
posebusters,SurfDock,0,8hfn_xgc,True,True,True,True,8hfn
posebusters,SurfDock,0,7kru_atp,True,True,True,True,7kru
posebusters,SurfDock,0,7x9k_8og,True,False,True,True,7x9k
posebusters,SurfDock,0,8a1h_dlz,True,True,True,True,8a1h
posebusters,SurfDock,0,7fha_adx,True,True,True,True,7fha
posebusters,SurfDock,0,7zcc_oga,True,True,True,True,7zcc
posebusters,SurfDock,0,7oz9_ngk,True,False,True,True,7oz9
posebusters,SurfDock,0,7off_vcb,True,True,True,True,7off
posebusters,SurfDock,0,8dko_tfb,True,False,True,True,8dko
posebusters,SurfDock,0,7vkz_noj,True,True,False,False,7vkz
posebusters,SurfDock,0,7afx_r9k,True,True,True,True,7afx
posebusters,SurfDock,0,7uaw_mf6,True,False,True,True,7uaw
posebusters,SurfDock,0,7xqz_fpf,True,False,True,True,7xqz
posebusters,SurfDock,0,6zk5_imh,True,True,False,False,6zk5
posebusters,SurfDock,0,7q25_8j9,True,True,False,False,7q25
posebusters,SurfDock,0,7nsw_hc4,True,True,True,True,7nsw
posebusters,SurfDock,0,6z4n_q7b,True,True,True,True,6z4n
posebusters,SurfDock,1,7cnq_g8x,True,True,True,True,7cnq
posebusters,SurfDock,1,6yms_ozh,True,True,False,False,6yms
posebusters,SurfDock,1,7t0d_fpp,True,False,False,False,7t0d
posebusters,SurfDock,1,6xht_v2v,True,True,True,True,6xht
posebusters,SurfDock,1,7an5_rdh,True,True,True,True,7an5
posebusters,SurfDock,1,8c5m_mta,True,True,True,True,8c5m
posebusters,SurfDock,1,6vta_akn,False,False,False,False,6vta
posebusters,SurfDock,1,7p1f_kfn,True,True,True,True,7p1f
posebusters,SurfDock,1,7l5f_xng,True,True,True,True,7l5f
posebusters,SurfDock,1,8exl_799,True,True,True,True,8exl
posebusters,SurfDock,1,7utw_nai,True,True,True,False,7utw
posebusters,SurfDock,1,7nfb_gen,True,True,True,True,7nfb
posebusters,SurfDock,1,7nu0_dcl,True,True,True,True,7nu0
posebusters,SurfDock,1,7btt_f8r,True,True,True,True,7btt
posebusters,SurfDock,1,6tw5_9m2,False,False,True,True,6tw5
posebusters,SurfDock,1,7txk_lw8,True,True,True,True,7txk
posebusters,SurfDock,1,7wy1_d0l,True,True,True,True,7wy1
posebusters,SurfDock,1,6t88_mwq,False,False,True,True,6t88
posebusters,SurfDock,1,7ror_69x,True,True,True,True,7ror
posebusters,SurfDock,1,7t1d_e7k,True,True,True,True,7t1d
posebusters,SurfDock,1,7w05_gmp,True,True,True,True,7w05
posebusters,SurfDock,1,7b2c_tp7,True,False,True,False,7b2c
posebusters,SurfDock,1,8g6p_api,True,True,True,True,8g6p
posebusters,SurfDock,1,6zpb_3d1,False,False,True,True,6zpb
posebusters,SurfDock,1,7rws_4ur,True,True,False,False,7rws
posebusters,SurfDock,1,7wl4_jfu,True,True,True,True,7wl4
posebusters,SurfDock,1,7c0u_fgo,True,True,False,False,7c0u
posebusters,SurfDock,1,7pk0_byc,False,False,False,False,7pk0
posebusters,SurfDock,1,7xi7_4ri,True,True,True,True,7xi7
posebusters,SurfDock,1,8ex2_q2q,True,True,True,True,8ex2
posebusters,SurfDock,1,7jy3_vud,False,False,False,False,7jy3
posebusters,SurfDock,1,7n03_zrp,True,True,True,True,7n03
posebusters,SurfDock,1,7v43_c4o,True,True,False,False,7v43
posebusters,SurfDock,1,7vb8_stl,True,True,False,False,7vb8
posebusters,SurfDock,1,8dsc_nca,True,True,True,True,8dsc
posebusters,SurfDock,1,7z7f_if3,True,True,True,True,7z7f
posebusters,SurfDock,1,7bka_4jc,True,True,True,True,7bka
posebusters,SurfDock,1,7dkt_glf,True,True,False,False,7dkt
posebusters,SurfDock,1,7qf4_rbf,True,True,True,True,7qf4
posebusters,SurfDock,1,7qhg_t3b,True,True,True,True,7qhg
posebusters,SurfDock,1,7vwf_k55,True,True,True,True,7vwf
posebusters,SurfDock,1,7zhp_iqy,True,True,True,True,7zhp
posebusters,SurfDock,1,7es1_udp,True,True,True,True,7es1
posebusters,SurfDock,1,7bcp_gco,True,True,True,True,7bcp
posebusters,SurfDock,1,8ay3_oe3,True,True,False,False,8ay3
posebusters,SurfDock,1,7r9n_f97,True,True,True,True,7r9n
posebusters,SurfDock,1,7ujf_r3v,True,True,False,False,7ujf
posebusters,SurfDock,1,7jmv_4nc,False,False,True,True,7jmv
posebusters,SurfDock,1,7vc5_9sf,True,True,True,True,7vc5
posebusters,SurfDock,1,7tsf_h4b,True,True,True,True,7tsf
posebusters,SurfDock,1,7vbu_6i4,True,True,True,True,7vbu
posebusters,SurfDock,1,8slg_g5a,True,True,True,True,8slg
posebusters,SurfDock,1,7ebg_j0l,True,True,True,True,7ebg
posebusters,SurfDock,1,8cnh_v6u,True,True,True,True,8cnh
posebusters,SurfDock,1,7pri_7ti,True,True,False,False,7pri
posebusters,SurfDock,1,7lou_ifm,True,True,True,True,7lou
posebusters,SurfDock,1,7d5c_gv6,True,True,True,True,7d5c
posebusters,SurfDock,1,7u0u_fk5,False,False,False,False,7u0u
posebusters,SurfDock,1,6m2b_ezo,False,False,True,True,6m2b
posebusters,SurfDock,1,6yr2_t1c,True,True,True,True,6yr2
posebusters,SurfDock,1,7zdy_6mj,True,True,True,True,7zdy
posebusters,SurfDock,1,7xg5_plp,True,True,True,True,7xg5
posebusters,SurfDock,1,5sd5_hwi,True,True,True,True,5sd5
posebusters,SurfDock,1,7r3d_apr,True,True,True,True,7r3d
posebusters,SurfDock,1,7z2o_iaj,True,True,True,True,7z2o
posebusters,SurfDock,1,7n6f_0i1,True,True,True,True,7n6f
posebusters,SurfDock,1,7sza_dui,False,False,True,True,7sza
posebusters,SurfDock,1,8aql_plg,True,True,True,True,8aql
posebusters,SurfDock,1,6xct_478,True,True,True,False,6xct
posebusters,SurfDock,1,7nf0_byn,True,True,True,True,7nf0
posebusters,SurfDock,1,7c8q_dsg,True,True,True,True,7c8q
posebusters,SurfDock,1,7mgt_zd4,True,True,True,True,7mgt
posebusters,SurfDock,1,8d39_qdb,True,True,True,True,8d39
posebusters,SurfDock,1,7bnh_bez,False,False,True,True,7bnh
posebusters,SurfDock,1,7zzw_kkw,True,True,False,False,7zzw
posebusters,SurfDock,1,7ljn_gtp,False,False,False,False,7ljn
posebusters,SurfDock,1,7qta_uri,True,True,True,True,7qta
posebusters,SurfDock,1,7l7c_xq1,True,True,True,True,7l7c
posebusters,SurfDock,1,7wuy_76n,False,False,False,False,7wuy
posebusters,SurfDock,1,7m6k_yrj,True,True,False,False,7m6k
posebusters,SurfDock,1,8flv_zb9,True,True,True,True,8flv
posebusters,SurfDock,1,6xbo_5mc,True,True,True,True,6xbo
posebusters,SurfDock,1,7wux_6oi,True,True,True,True,7wux
posebusters,SurfDock,1,7ofk_vch,True,False,True,True,7ofk
posebusters,SurfDock,1,7op9_06k,True,True,False,False,7op9
posebusters,SurfDock,1,7cij_g0c,True,True,True,True,7cij
posebusters,SurfDock,1,7akl_rk5,False,False,True,True,7akl
posebusters,SurfDock,1,7p2i_mfu,True,True,False,False,7p2i
posebusters,SurfDock,1,7scw_gsp,True,True,True,True,7scw
posebusters,SurfDock,1,6yyo_q1k,True,True,True,True,6yyo
posebusters,SurfDock,1,7o0n_cdp,True,False,False,False,7o0n
posebusters,SurfDock,1,8aau_lh0,True,True,True,True,8aau
posebusters,SurfDock,1,7pom_7vz,True,True,True,True,7pom
posebusters,SurfDock,1,7zxv_45d,True,True,False,False,7zxv
posebusters,SurfDock,1,7v3n_akg,True,True,False,False,7v3n
posebusters,SurfDock,1,7qe4_nga,True,True,True,True,7qe4
posebusters,SurfDock,1,7xrl_fwk,True,True,False,False,7xrl
posebusters,SurfDock,1,7myu_zr7,True,True,True,True,7myu
posebusters,SurfDock,1,7f5d_euo,False,False,True,True,7f5d
posebusters,SurfDock,1,8fo5_y4u,True,True,True,True,8fo5
posebusters,SurfDock,1,7r6j_2i7,False,False,False,False,7r6j
posebusters,SurfDock,1,7e4l_mdn,True,True,True,True,7e4l
posebusters,SurfDock,1,7wqq_5z6,True,True,True,True,7wqq
posebusters,SurfDock,1,7nlv_uje,True,True,True,True,7nlv
posebusters,SurfDock,1,7pt3_3kk,True,True,False,False,7pt3
posebusters,SurfDock,1,7sfo_98l,True,True,True,True,7sfo
posebusters,SurfDock,1,7n4w_p4v,True,True,True,True,7n4w
posebusters,SurfDock,1,6tw7_nzb,True,True,True,True,6tw7
posebusters,SurfDock,1,8f8e_xji,True,True,True,True,8f8e
posebusters,SurfDock,1,7ulc_56b,True,True,True,True,7ulc
posebusters,SurfDock,1,7uj5_dgl,True,True,True,True,7uj5
posebusters,SurfDock,1,7umw_nad,True,False,True,True,7umw
posebusters,SurfDock,1,7np6_uk8,True,True,True,True,7np6
posebusters,SurfDock,1,7moi_hps,True,True,True,True,7moi
posebusters,SurfDock,1,7sdd_4ip,True,True,False,False,7sdd
posebusters,SurfDock,1,7v14_oru,True,True,True,True,7v14
posebusters,SurfDock,1,7frx_o88,True,True,True,True,7frx
posebusters,SurfDock,1,8gfd_zhr,False,False,True,True,8gfd
posebusters,SurfDock,1,7kqu_yof,True,True,True,True,7kqu
posebusters,SurfDock,1,8bti_rfo,True,True,False,False,8bti
posebusters,SurfDock,1,7tm6_gpj,True,True,True,True,7tm6
posebusters,SurfDock,1,7m3h_ypv,True,True,True,True,7m3h
posebusters,SurfDock,1,7cd9_fvr,True,True,True,True,7cd9
posebusters,SurfDock,1,7rh3_59o,True,True,False,False,7rh3
posebusters,SurfDock,1,7bmi_u4b,False,False,True,True,7bmi
posebusters,SurfDock,1,7zu2_dht,True,True,True,True,7zu2
posebusters,SurfDock,1,7nr8_uoe,True,True,True,True,7nr8
posebusters,SurfDock,1,7n7b_t3f,True,False,True,True,7n7b
posebusters,SurfDock,1,8d5d_5dk,True,True,True,True,8d5d
posebusters,SurfDock,1,7vyj_ca0,True,False,False,False,7vyj
posebusters,SurfDock,1,7c3u_azg,True,True,False,False,7c3u
posebusters,SurfDock,1,8eab_vn2,True,True,False,False,8eab
posebusters,SurfDock,1,7oeo_v9z,True,True,True,True,7oeo
posebusters,SurfDock,1,7u3j_l6u,True,True,False,False,7u3j
posebusters,SurfDock,1,8f4j_pho,False,False,False,False,8f4j
posebusters,SurfDock,1,7ts6_kmi,True,True,True,True,7ts6
posebusters,SurfDock,1,7ozc_g6s,False,False,True,True,7ozc
posebusters,SurfDock,1,7tom_5ad,True,True,True,True,7tom
posebusters,SurfDock,1,7jxx_vp7,True,True,True,True,7jxx
posebusters,SurfDock,1,7lmo_nyo,True,True,True,True,7lmo
posebusters,SurfDock,1,7th4_ffo,True,False,False,False,7th4
posebusters,SurfDock,1,7siu_9id,True,True,True,True,7siu
posebusters,SurfDock,1,7x5n_5m5,True,True,True,True,7x5n
posebusters,SurfDock,1,7tbu_s3p,True,True,True,True,7tbu
posebusters,SurfDock,1,7zoc_t8e,True,True,True,True,7zoc
posebusters,SurfDock,1,7ft9_4mb,True,True,False,False,7ft9
posebusters,SurfDock,1,7ecr_sin,True,True,True,True,7ecr
posebusters,SurfDock,1,6z2c_q5e,False,False,True,True,6z2c
posebusters,SurfDock,1,7t3e_slb,True,True,True,True,7t3e
posebusters,SurfDock,1,7omx_cna,False,False,True,True,7omx
posebusters,SurfDock,1,7kb1_wbj,True,True,True,True,7kb1
posebusters,SurfDock,1,7a9h_tpp,True,True,True,True,7a9h
posebusters,SurfDock,1,8ho0_3zi,False,False,True,True,8ho0
posebusters,SurfDock,1,7jhq_vaj,True,True,True,True,7jhq
posebusters,SurfDock,1,7q27_8kc,True,True,False,False,7q27
posebusters,SurfDock,1,7puv_84z,True,True,True,True,7puv
posebusters,SurfDock,1,7pgx_fmn,True,True,False,False,7pgx
posebusters,SurfDock,1,7ztl_bcn,False,False,False,False,7ztl
posebusters,SurfDock,1,5sb2_1k2,True,True,True,True,5sb2
posebusters,SurfDock,1,7uyb_ok0,True,True,True,True,7uyb
posebusters,SurfDock,1,7pl1_sfg,True,True,True,True,7pl1
posebusters,SurfDock,1,7nf3_4lu,True,False,True,True,7nf3
posebusters,SurfDock,1,7tb0_ud1,False,False,False,False,7tb0
posebusters,SurfDock,1,7suc_com,True,True,True,True,7suc
posebusters,SurfDock,1,7loe_y84,True,True,True,True,7loe
posebusters,SurfDock,1,7msr_dca,True,False,True,True,7msr
posebusters,SurfDock,1,8d19_gsh,True,True,True,True,8d19
posebusters,SurfDock,1,7te8_p0t,True,True,True,True,7te8
posebusters,SurfDock,1,8bom_qu6,True,True,True,True,8bom
posebusters,SurfDock,1,6yqw_82i,True,True,True,True,6yqw
posebusters,SurfDock,1,7elt_tym,True,True,True,True,7elt
posebusters,SurfDock,1,7rou_66i,True,True,True,True,7rou
posebusters,SurfDock,1,7a9e_r4w,False,False,False,False,7a9e
posebusters,SurfDock,1,8a2d_kxy,False,False,False,False,8a2d
posebusters,SurfDock,1,6yja_2ba,False,False,False,False,6yja
posebusters,SurfDock,1,7nxo_uu8,True,True,True,True,7nxo
posebusters,SurfDock,1,7q5i_i0f,True,True,True,True,7q5i
posebusters,SurfDock,1,7dua_hj0,True,True,True,True,7dua
posebusters,SurfDock,1,7xbv_apc,True,True,True,True,7xbv
posebusters,SurfDock,1,7wkl_caq,True,True,True,True,7wkl
posebusters,SurfDock,1,7ed2_a3p,True,True,True,True,7ed2
posebusters,SurfDock,1,7rsv_7iq,True,True,True,True,7rsv
posebusters,SurfDock,1,7fb7_8nf,True,True,True,True,7fb7
posebusters,SurfDock,1,7mwu_zpm,False,False,True,True,7mwu
posebusters,SurfDock,1,7mgy_zd1,True,True,True,True,7mgy
posebusters,SurfDock,1,7wjb_bgc,True,True,True,True,7wjb
posebusters,SurfDock,1,6z14_q4z,True,True,True,True,6z14
posebusters,SurfDock,1,7z1q_nio,True,True,True,True,7z1q
posebusters,SurfDock,1,8c3n_adp,True,True,True,True,8c3n
posebusters,SurfDock,1,7dql_4cl,True,True,True,True,7dql
posebusters,SurfDock,1,7km8_wpd,True,True,True,True,7km8
posebusters,SurfDock,1,6zcy_qf8,True,True,True,True,6zcy
posebusters,SurfDock,1,7a1p_qw2,True,True,True,True,7a1p
posebusters,SurfDock,1,7f8t_fad,False,False,False,False,7f8t
posebusters,SurfDock,1,7k0v_vqp,True,True,True,True,7k0v
posebusters,SurfDock,1,7w06_itn,True,True,True,True,7w06
posebusters,SurfDock,1,6yrv_pj8,True,True,True,True,6yrv
posebusters,SurfDock,1,6zae_acv,True,True,True,True,6zae
posebusters,SurfDock,1,8dp2_uma,False,False,False,False,8dp2
posebusters,SurfDock,1,7ngw_uaw,True,True,True,True,7ngw
posebusters,SurfDock,1,7lt0_onj,True,True,True,True,7lt0
posebusters,SurfDock,1,8dhg_t78,False,False,True,True,8dhg
posebusters,SurfDock,1,7r7r_awj,True,True,True,True,7r7r
posebusters,SurfDock,1,7p5t_5yg,False,False,True,True,7p5t
posebusters,SurfDock,1,7uxs_ojc,False,False,False,False,7uxs
posebusters,SurfDock,1,8ap0_prp,True,True,False,False,8ap0
posebusters,SurfDock,1,6yt6_pke,False,False,True,True,6yt6
posebusters,SurfDock,1,7qgp_dj8,True,True,True,True,7qgp
posebusters,SurfDock,1,5sis_jsm,True,True,True,True,5sis
posebusters,SurfDock,1,7typ_kur,True,True,True,True,7typ
posebusters,SurfDock,1,7opg_06n,True,True,True,True,7opg
posebusters,SurfDock,1,7rc3_sah,True,True,True,True,7rc3
posebusters,SurfDock,1,7ody_dgi,True,True,True,True,7ody
posebusters,SurfDock,1,7qpp_vdx,False,False,True,False,7qpp
posebusters,SurfDock,1,7nut_glp,True,True,True,True,7nut
posebusters,SurfDock,1,7cuo_phb,False,False,True,True,7cuo
posebusters,SurfDock,1,7uy4_smi,False,False,False,False,7uy4
posebusters,SurfDock,1,6zc3_jor,True,True,True,True,6zc3
posebusters,SurfDock,1,8g0v_yht,True,False,True,True,8g0v
posebusters,SurfDock,1,7tuo_kl9,False,False,True,True,7tuo
posebusters,SurfDock,1,7mmh_zjy,True,True,True,True,7mmh
posebusters,SurfDock,1,7zl5_iwe,True,True,True,True,7zl5
posebusters,SurfDock,1,7cns_pmv,True,True,True,True,7cns
posebusters,SurfDock,1,6ysp_pal,True,True,True,True,6ysp
posebusters,SurfDock,1,7zf0_dhr,True,True,True,True,7zf0
posebusters,SurfDock,1,7kz9_xn7,True,True,True,True,7kz9
posebusters,SurfDock,1,7d6o_mte,True,False,True,True,7d6o
posebusters,SurfDock,1,7npl_ukz,True,True,True,True,7npl
posebusters,SurfDock,1,7l00_xcj,True,True,True,True,7l00
posebusters,SurfDock,1,7rni_60i,True,True,False,False,7rni
posebusters,SurfDock,1,7wpw_f15,False,False,True,True,7wpw
posebusters,SurfDock,1,7v3s_5i9,True,True,True,True,7v3s
posebusters,SurfDock,1,7jg0_gar,True,True,False,False,7jg0
posebusters,SurfDock,1,8aie_m7l,True,True,False,False,8aie
posebusters,SurfDock,1,6yqv_8k2,True,True,True,True,6yqv
posebusters,SurfDock,1,7oli_8hg,False,False,True,True,7oli
posebusters,SurfDock,1,7rzl_npo,True,False,True,True,7rzl
posebusters,SurfDock,1,7rkw_5tv,True,True,True,True,7rkw
posebusters,SurfDock,1,7qhl_d5p,True,True,True,True,7qhl
posebusters,SurfDock,1,7p1m_4iu,True,True,True,True,7p1m
posebusters,SurfDock,1,7qfm_ay3,True,True,True,True,7qfm
posebusters,SurfDock,1,7cl8_tes,True,True,True,True,7cl8
posebusters,SurfDock,1,7lzd_yhy,True,False,True,True,7lzd
posebusters,SurfDock,1,7mfp_z7p,True,False,True,False,7mfp
posebusters,SurfDock,1,7b94_anp,True,False,True,True,7b94
posebusters,SurfDock,1,7pjq_owh,True,True,True,True,7pjq
posebusters,SurfDock,1,7l03_f9f,True,True,True,True,7l03
posebusters,SurfDock,1,6xg5_top,True,True,True,True,6xg5
posebusters,SurfDock,1,8b8h_ojq,True,True,True,True,8b8h
posebusters,SurfDock,1,7f51_ba7,True,True,True,True,7f51
posebusters,SurfDock,1,7uas_mbu,True,False,True,True,7uas
posebusters,SurfDock,1,7uj4_oq4,True,True,True,True,7uj4
posebusters,SurfDock,1,7prm_81i,True,True,True,True,7prm
posebusters,SurfDock,1,7bjj_tvw,True,True,False,False,7bjj
posebusters,SurfDock,1,7wcf_acp,True,True,False,False,7wcf
posebusters,SurfDock,1,8csd_c5p,True,True,True,True,8csd
posebusters,SurfDock,1,7xpo_upg,False,False,False,False,7xpo
posebusters,SurfDock,1,8eye_x4i,True,True,True,True,8eye
posebusters,SurfDock,1,7ctm_bdp,False,False,True,True,7ctm
posebusters,SurfDock,1,6xm9_v55,False,False,True,True,6xm9
posebusters,SurfDock,1,8fav_4y5,True,True,True,True,8fav
posebusters,SurfDock,1,6wtn_rxt,True,True,True,True,6wtn
posebusters,SurfDock,1,5sak_zry,True,True,False,False,5sak
posebusters,SurfDock,1,7p4c_5ov,True,True,True,True,7p4c
posebusters,SurfDock,1,7epv_fda,True,True,True,True,7epv
posebusters,SurfDock,1,7q2b_m6h,True,True,True,True,7q2b
posebusters,SurfDock,1,6z1c_7ey,True,True,True,True,6z1c
posebusters,SurfDock,1,7n4n_0bk,True,True,True,True,7n4n
posebusters,SurfDock,1,7n7h_ctp,True,True,True,True,7n7h
posebusters,SurfDock,1,7lev_0jo,True,True,True,True,7lev
posebusters,SurfDock,1,7m31_tdr,True,True,True,True,7m31
posebusters,SurfDock,1,7xjn_nsd,True,True,True,True,7xjn
posebusters,SurfDock,1,7ush_82v,True,True,True,True,7ush
posebusters,SurfDock,1,7thi_pga,True,True,True,True,7thi
posebusters,SurfDock,1,7xfa_d9j,False,False,True,True,7xfa
posebusters,SurfDock,1,7yzu_do7,True,True,True,False,7yzu
posebusters,SurfDock,1,7oso_0v1,False,False,False,False,7oso
posebusters,SurfDock,1,7wdt_ngs,True,True,True,True,7wdt
posebusters,SurfDock,1,7uq3_o2u,False,False,True,True,7uq3
posebusters,SurfDock,1,6m73_fnr,True,True,True,True,6m73
posebusters,SurfDock,1,8aem_lvf,True,True,True,True,8aem
posebusters,SurfDock,1,7kc5_bjz,True,True,True,True,7kc5
posebusters,SurfDock,1,7o1t_5x8,True,True,True,True,7o1t
posebusters,SurfDock,1,7lcu_xta,True,True,True,True,7lcu
posebusters,SurfDock,1,7pih_7qw,True,True,True,False,7pih
posebusters,SurfDock,1,7r59_i5f,True,True,True,True,7r59
posebusters,SurfDock,1,7my1_ipe,True,True,True,True,7my1
posebusters,SurfDock,1,8auh_l9i,True,True,True,False,8auh
posebusters,SurfDock,1,7vq9_isy,True,True,True,True,7vq9
posebusters,SurfDock,1,6z0r_q4h,False,False,True,True,6z0r
posebusters,SurfDock,1,7mwn_wi5,True,True,False,False,7mwn
posebusters,SurfDock,1,8hfn_xgc,True,True,True,True,8hfn
posebusters,SurfDock,1,7kru_atp,True,True,True,True,7kru
posebusters,SurfDock,1,7x9k_8og,True,True,True,True,7x9k
posebusters,SurfDock,1,8a1h_dlz,True,True,True,True,8a1h
posebusters,SurfDock,1,7fha_adx,True,True,True,True,7fha
posebusters,SurfDock,1,7zcc_oga,True,True,True,True,7zcc
posebusters,SurfDock,1,7oz9_ngk,True,False,True,True,7oz9
posebusters,SurfDock,1,7off_vcb,True,True,True,True,7off
posebusters,SurfDock,1,8dko_tfb,True,False,True,True,8dko
posebusters,SurfDock,1,7vkz_noj,True,True,False,False,7vkz
posebusters,SurfDock,1,7afx_r9k,True,True,True,True,7afx
posebusters,SurfDock,1,7uaw_mf6,True,False,True,True,7uaw
posebusters,SurfDock,1,7xqz_fpf,True,False,True,False,7xqz
posebusters,SurfDock,1,6zk5_imh,True,True,False,False,6zk5
posebusters,SurfDock,1,7q25_8j9,True,True,False,False,7q25
posebusters,SurfDock,1,7nsw_hc4,True,True,True,True,7nsw
posebusters,SurfDock,1,6z4n_q7b,True,True,True,True,6z4n
posebusters,SurfDock,2,7cnq_g8x,True,True,True,True,7cnq
posebusters,SurfDock,2,6yms_ozh,True,True,False,False,6yms
posebusters,SurfDock,2,7t0d_fpp,True,False,True,True,7t0d
posebusters,SurfDock,2,6xht_v2v,True,True,True,True,6xht
posebusters,SurfDock,2,7an5_rdh,True,True,True,True,7an5
posebusters,SurfDock,2,8c5m_mta,True,True,True,True,8c5m
posebusters,SurfDock,2,6vta_akn,False,False,False,False,6vta
posebusters,SurfDock,2,7p1f_kfn,True,True,True,True,7p1f
posebusters,SurfDock,2,7l5f_xng,True,True,True,True,7l5f
posebusters,SurfDock,2,8exl_799,True,True,True,True,8exl
posebusters,SurfDock,2,7utw_nai,True,False,True,False,7utw
posebusters,SurfDock,2,7nfb_gen,True,True,True,True,7nfb
posebusters,SurfDock,2,7nu0_dcl,True,True,True,True,7nu0
posebusters,SurfDock,2,7btt_f8r,True,True,True,True,7btt
posebusters,SurfDock,2,6tw5_9m2,False,False,True,True,6tw5
posebusters,SurfDock,2,7txk_lw8,True,True,True,True,7txk
posebusters,SurfDock,2,7wy1_d0l,True,True,True,True,7wy1
posebusters,SurfDock,2,6t88_mwq,False,False,True,True,6t88
posebusters,SurfDock,2,7ror_69x,True,False,True,True,7ror
posebusters,SurfDock,2,7t1d_e7k,True,True,True,True,7t1d
posebusters,SurfDock,2,7w05_gmp,True,True,True,True,7w05
posebusters,SurfDock,2,7b2c_tp7,True,True,True,False,7b2c
posebusters,SurfDock,2,8g6p_api,True,True,True,True,8g6p
posebusters,SurfDock,2,6zpb_3d1,False,False,True,True,6zpb
posebusters,SurfDock,2,7rws_4ur,True,True,False,False,7rws
posebusters,SurfDock,2,7wl4_jfu,True,True,True,True,7wl4
posebusters,SurfDock,2,7c0u_fgo,True,True,False,False,7c0u
posebusters,SurfDock,2,7pk0_byc,False,False,False,False,7pk0
posebusters,SurfDock,2,7xi7_4ri,True,True,True,True,7xi7
posebusters,SurfDock,2,8ex2_q2q,True,True,True,True,8ex2
posebusters,SurfDock,2,7jy3_vud,False,False,False,False,7jy3
posebusters,SurfDock,2,7n03_zrp,True,True,True,True,7n03
posebusters,SurfDock,2,7v43_c4o,True,True,False,False,7v43
posebusters,SurfDock,2,7vb8_stl,True,True,False,False,7vb8
posebusters,SurfDock,2,8dsc_nca,True,True,True,True,8dsc
posebusters,SurfDock,2,7z7f_if3,True,True,True,True,7z7f
posebusters,SurfDock,2,7bka_4jc,True,True,True,True,7bka
posebusters,SurfDock,2,7dkt_glf,True,True,False,False,7dkt
posebusters,SurfDock,2,7qf4_rbf,True,True,True,True,7qf4
posebusters,SurfDock,2,7qhg_t3b,True,True,True,True,7qhg
posebusters,SurfDock,2,7vwf_k55,True,True,True,True,7vwf
posebusters,SurfDock,2,7zhp_iqy,True,True,True,True,7zhp
posebusters,SurfDock,2,7es1_udp,True,True,True,True,7es1
posebusters,SurfDock,2,7bcp_gco,True,True,True,True,7bcp
posebusters,SurfDock,2,8ay3_oe3,True,True,True,True,8ay3
posebusters,SurfDock,2,7r9n_f97,True,True,True,True,7r9n
posebusters,SurfDock,2,7ujf_r3v,True,True,True,True,7ujf
posebusters,SurfDock,2,7jmv_4nc,False,False,True,True,7jmv
posebusters,SurfDock,2,7vc5_9sf,True,True,True,True,7vc5
posebusters,SurfDock,2,7tsf_h4b,True,False,True,True,7tsf
posebusters,SurfDock,2,7vbu_6i4,True,True,True,True,7vbu
posebusters,SurfDock,2,8slg_g5a,True,True,True,True,8slg
posebusters,SurfDock,2,7ebg_j0l,True,True,True,True,7ebg
posebusters,SurfDock,2,8cnh_v6u,True,True,True,True,8cnh
posebusters,SurfDock,2,7pri_7ti,True,True,False,False,7pri
posebusters,SurfDock,2,7lou_ifm,True,True,True,True,7lou
posebusters,SurfDock,2,7d5c_gv6,True,True,True,True,7d5c
posebusters,SurfDock,2,7u0u_fk5,False,False,False,False,7u0u
posebusters,SurfDock,2,6m2b_ezo,True,True,True,True,6m2b
posebusters,SurfDock,2,6yr2_t1c,True,True,True,True,6yr2
posebusters,SurfDock,2,7zdy_6mj,True,True,True,True,7zdy
posebusters,SurfDock,2,7xg5_plp,True,True,True,True,7xg5
posebusters,SurfDock,2,5sd5_hwi,True,True,True,True,5sd5
posebusters,SurfDock,2,7r3d_apr,True,True,True,True,7r3d
posebusters,SurfDock,2,7z2o_iaj,True,True,False,False,7z2o
posebusters,SurfDock,2,7n6f_0i1,True,True,True,True,7n6f
posebusters,SurfDock,2,7sza_dui,False,False,True,True,7sza
posebusters,SurfDock,2,8aql_plg,True,True,True,True,8aql
posebusters,SurfDock,2,6xct_478,True,True,True,False,6xct
posebusters,SurfDock,2,7nf0_byn,True,True,True,True,7nf0
posebusters,SurfDock,2,7c8q_dsg,True,True,True,True,7c8q
posebusters,SurfDock,2,7mgt_zd4,True,True,True,True,7mgt
posebusters,SurfDock,2,8d39_qdb,True,True,True,True,8d39
posebusters,SurfDock,2,7bnh_bez,False,False,True,True,7bnh
posebusters,SurfDock,2,7zzw_kkw,True,True,True,True,7zzw
posebusters,SurfDock,2,7ljn_gtp,False,False,False,False,7ljn
posebusters,SurfDock,2,7qta_uri,True,True,True,True,7qta
posebusters,SurfDock,2,7l7c_xq1,True,True,True,True,7l7c
posebusters,SurfDock,2,7wuy_76n,False,False,True,True,7wuy
posebusters,SurfDock,2,7m6k_yrj,True,True,False,False,7m6k
posebusters,SurfDock,2,8flv_zb9,True,True,True,True,8flv
posebusters,SurfDock,2,6xbo_5mc,True,True,True,True,6xbo
posebusters,SurfDock,2,7wux_6oi,True,True,True,True,7wux
posebusters,SurfDock,2,7ofk_vch,True,True,True,True,7ofk
posebusters,SurfDock,2,7op9_06k,True,True,False,False,7op9
posebusters,SurfDock,2,7cij_g0c,True,False,True,True,7cij
posebusters,SurfDock,2,7akl_rk5,True,True,True,True,7akl
posebusters,SurfDock,2,7p2i_mfu,True,True,False,False,7p2i
posebusters,SurfDock,2,7scw_gsp,True,True,True,True,7scw
posebusters,SurfDock,2,6yyo_q1k,True,True,True,True,6yyo
posebusters,SurfDock,2,7o0n_cdp,True,False,False,False,7o0n
posebusters,SurfDock,2,8aau_lh0,True,True,True,True,8aau
posebusters,SurfDock,2,7pom_7vz,True,True,True,True,7pom
posebusters,SurfDock,2,7zxv_45d,True,True,False,False,7zxv
posebusters,SurfDock,2,7v3n_akg,True,True,False,False,7v3n
posebusters,SurfDock,2,7qe4_nga,True,True,True,True,7qe4
posebusters,SurfDock,2,7xrl_fwk,True,False,False,False,7xrl
posebusters,SurfDock,2,7myu_zr7,True,True,True,True,7myu
posebusters,SurfDock,2,7f5d_euo,False,False,True,True,7f5d
posebusters,SurfDock,2,8fo5_y4u,True,True,True,False,8fo5
posebusters,SurfDock,2,7r6j_2i7,False,False,True,True,7r6j
posebusters,SurfDock,2,7e4l_mdn,True,True,True,True,7e4l
posebusters,SurfDock,2,7wqq_5z6,True,True,True,True,7wqq
posebusters,SurfDock,2,7nlv_uje,True,True,True,True,7nlv
posebusters,SurfDock,2,7pt3_3kk,True,False,False,False,7pt3
posebusters,SurfDock,2,7sfo_98l,True,True,True,True,7sfo
posebusters,SurfDock,2,7n4w_p4v,True,True,True,True,7n4w
posebusters,SurfDock,2,6tw7_nzb,True,True,True,True,6tw7
posebusters,SurfDock,2,8f8e_xji,True,True,True,True,8f8e
posebusters,SurfDock,2,7ulc_56b,True,True,True,True,7ulc
posebusters,SurfDock,2,7uj5_dgl,True,True,True,True,7uj5
posebusters,SurfDock,2,7umw_nad,True,False,True,True,7umw
posebusters,SurfDock,2,7np6_uk8,True,True,True,True,7np6
posebusters,SurfDock,2,7moi_hps,True,True,True,True,7moi
posebusters,SurfDock,2,7sdd_4ip,True,True,False,False,7sdd
posebusters,SurfDock,2,7v14_oru,True,True,True,True,7v14
posebusters,SurfDock,2,7frx_o88,True,True,False,False,7frx
posebusters,SurfDock,2,8gfd_zhr,False,False,True,True,8gfd
posebusters,SurfDock,2,7kqu_yof,True,False,True,True,7kqu
posebusters,SurfDock,2,8bti_rfo,True,True,False,False,8bti
posebusters,SurfDock,2,7tm6_gpj,True,True,True,True,7tm6
posebusters,SurfDock,2,7m3h_ypv,True,True,True,True,7m3h
posebusters,SurfDock,2,7cd9_fvr,True,True,False,False,7cd9
posebusters,SurfDock,2,7rh3_59o,True,True,True,True,7rh3
posebusters,SurfDock,2,7bmi_u4b,False,False,True,True,7bmi
posebusters,SurfDock,2,7zu2_dht,True,True,True,True,7zu2
posebusters,SurfDock,2,7nr8_uoe,True,True,True,True,7nr8
posebusters,SurfDock,2,7n7b_t3f,False,False,True,True,7n7b
posebusters,SurfDock,2,8d5d_5dk,True,True,True,True,8d5d
posebusters,SurfDock,2,7vyj_ca0,False,False,True,True,7vyj
posebusters,SurfDock,2,7c3u_azg,False,False,False,False,7c3u
posebusters,SurfDock,2,8eab_vn2,False,False,False,False,8eab
posebusters,SurfDock,2,7oeo_v9z,True,True,False,False,7oeo
posebusters,SurfDock,2,7u3j_l6u,False,False,True,True,7u3j
posebusters,SurfDock,2,8f4j_pho,False,False,False,False,8f4j
posebusters,SurfDock,2,7ts6_kmi,True,False,True,True,7ts6
posebusters,SurfDock,2,7ozc_g6s,False,False,True,True,7ozc
posebusters,SurfDock,2,7tom_5ad,True,True,True,True,7tom
posebusters,SurfDock,2,7jxx_vp7,True,True,True,True,7jxx
posebusters,SurfDock,2,7lmo_nyo,False,False,True,True,7lmo
posebusters,SurfDock,2,7th4_ffo,True,False,True,True,7th4
posebusters,SurfDock,2,7siu_9id,True,True,True,True,7siu
posebusters,SurfDock,2,7x5n_5m5,True,True,True,True,7x5n
posebusters,SurfDock,2,7tbu_s3p,True,True,True,True,7tbu
posebusters,SurfDock,2,7zoc_t8e,True,True,True,True,7zoc
posebusters,SurfDock,2,7ft9_4mb,True,True,False,False,7ft9
posebusters,SurfDock,2,7ecr_sin,True,True,True,True,7ecr
posebusters,SurfDock,2,6z2c_q5e,False,False,True,True,6z2c
posebusters,SurfDock,2,7t3e_slb,True,True,True,True,7t3e
posebusters,SurfDock,2,7omx_cna,False,False,True,True,7omx
posebusters,SurfDock,2,7kb1_wbj,True,True,True,True,7kb1
posebusters,SurfDock,2,7a9h_tpp,True,True,True,True,7a9h
posebusters,SurfDock,2,8ho0_3zi,True,True,True,True,8ho0
posebusters,SurfDock,2,7jhq_vaj,True,True,True,True,7jhq
posebusters,SurfDock,2,7q27_8kc,True,True,True,True,7q27
posebusters,SurfDock,2,7puv_84z,True,True,True,True,7puv
posebusters,SurfDock,2,7pgx_fmn,True,True,True,True,7pgx
posebusters,SurfDock,2,7ztl_bcn,False,False,False,False,7ztl
posebusters,SurfDock,2,5sb2_1k2,True,True,True,True,5sb2
posebusters,SurfDock,2,7uyb_ok0,True,True,True,True,7uyb
posebusters,SurfDock,2,7pl1_sfg,True,True,True,True,7pl1
posebusters,SurfDock,2,7nf3_4lu,True,True,True,True,7nf3
posebusters,SurfDock,2,7tb0_ud1,False,False,True,True,7tb0
posebusters,SurfDock,2,7suc_com,True,True,True,True,7suc
posebusters,SurfDock,2,7loe_y84,False,False,True,True,7loe
posebusters,SurfDock,2,7msr_dca,True,True,True,True,7msr
posebusters,SurfDock,2,8d19_gsh,True,True,True,True,8d19
posebusters,SurfDock,2,7te8_p0t,True,True,True,True,7te8
posebusters,SurfDock,2,8bom_qu6,True,True,True,True,8bom
posebusters,SurfDock,2,6yqw_82i,True,True,True,True,6yqw
posebusters,SurfDock,2,7elt_tym,True,True,True,True,7elt
posebusters,SurfDock,2,7rou_66i,True,True,True,True,7rou
posebusters,SurfDock,2,7a9e_r4w,False,False,True,True,7a9e
posebusters,SurfDock,2,8a2d_kxy,False,False,False,False,8a2d
posebusters,SurfDock,2,6yja_2ba,False,False,False,False,6yja
posebusters,SurfDock,2,7nxo_uu8,True,True,True,True,7nxo
posebusters,SurfDock,2,7q5i_i0f,True,True,True,False,7q5i
posebusters,SurfDock,2,7dua_hj0,True,True,True,True,7dua
posebusters,SurfDock,2,7xbv_apc,True,True,True,True,7xbv
posebusters,SurfDock,2,7wkl_caq,True,True,True,True,7wkl
posebusters,SurfDock,2,7ed2_a3p,True,False,True,True,7ed2
posebusters,SurfDock,2,7rsv_7iq,True,True,True,True,7rsv
posebusters,SurfDock,2,7fb7_8nf,True,True,True,True,7fb7
posebusters,SurfDock,2,7mwu_zpm,False,False,True,True,7mwu
posebusters,SurfDock,2,7mgy_zd1,True,True,True,True,7mgy
posebusters,SurfDock,2,7wjb_bgc,True,True,True,True,7wjb
posebusters,SurfDock,2,6z14_q4z,True,True,True,True,6z14
posebusters,SurfDock,2,7z1q_nio,True,True,True,True,7z1q
posebusters,SurfDock,2,8c3n_adp,True,True,True,True,8c3n
posebusters,SurfDock,2,7dql_4cl,True,True,True,True,7dql
posebusters,SurfDock,2,7km8_wpd,True,True,True,True,7km8
posebusters,SurfDock,2,6zcy_qf8,True,True,True,True,6zcy
posebusters,SurfDock,2,7a1p_qw2,True,True,True,True,7a1p
posebusters,SurfDock,2,7f8t_fad,False,False,False,False,7f8t
posebusters,SurfDock,2,7k0v_vqp,True,True,True,True,7k0v
posebusters,SurfDock,2,7w06_itn,True,True,True,True,7w06
posebusters,SurfDock,2,6yrv_pj8,True,True,True,True,6yrv
posebusters,SurfDock,2,6zae_acv,True,True,True,True,6zae
posebusters,SurfDock,2,8dp2_uma,False,False,False,False,8dp2
posebusters,SurfDock,2,7ngw_uaw,True,True,True,True,7ngw
posebusters,SurfDock,2,7lt0_onj,True,True,True,True,7lt0
posebusters,SurfDock,2,8dhg_t78,True,True,True,True,8dhg
posebusters,SurfDock,2,7r7r_awj,True,True,True,True,7r7r
posebusters,SurfDock,2,7p5t_5yg,False,False,True,True,7p5t
posebusters,SurfDock,2,7uxs_ojc,False,False,False,False,7uxs
posebusters,SurfDock,2,8ap0_prp,True,True,False,False,8ap0
posebusters,SurfDock,2,6yt6_pke,True,True,True,True,6yt6
posebusters,SurfDock,2,7qgp_dj8,True,True,True,True,7qgp
posebusters,SurfDock,2,5sis_jsm,True,True,True,True,5sis
posebusters,SurfDock,2,7typ_kur,True,True,True,True,7typ
posebusters,SurfDock,2,7opg_06n,True,True,True,True,7opg
posebusters,SurfDock,2,7rc3_sah,True,True,True,True,7rc3
posebusters,SurfDock,2,7ody_dgi,True,True,True,True,7ody
posebusters,SurfDock,2,7qpp_vdx,False,False,True,False,7qpp
posebusters,SurfDock,2,7nut_glp,True,True,True,True,7nut
posebusters,SurfDock,2,7cuo_phb,False,False,True,True,7cuo
posebusters,SurfDock,2,7uy4_smi,False,False,False,False,7uy4
posebusters,SurfDock,2,6zc3_jor,True,True,False,False,6zc3
posebusters,SurfDock,2,8g0v_yht,True,False,True,True,8g0v
posebusters,SurfDock,2,7tuo_kl9,False,False,True,True,7tuo
posebusters,SurfDock,2,7mmh_zjy,True,True,True,True,7mmh
posebusters,SurfDock,2,7zl5_iwe,True,True,True,True,7zl5
posebusters,SurfDock,2,7cns_pmv,True,True,True,True,7cns
posebusters,SurfDock,2,6ysp_pal,True,True,True,True,6ysp
posebusters,SurfDock,2,7zf0_dhr,True,True,True,True,7zf0
posebusters,SurfDock,2,7kz9_xn7,False,False,True,True,7kz9
posebusters,SurfDock,2,7d6o_mte,True,False,True,True,7d6o
posebusters,SurfDock,2,7npl_ukz,True,True,True,True,7npl
posebusters,SurfDock,2,7l00_xcj,True,True,True,True,7l00
posebusters,SurfDock,2,7rni_60i,True,True,False,False,7rni
posebusters,SurfDock,2,7wpw_f15,True,True,True,True,7wpw
posebusters,SurfDock,2,7v3s_5i9,True,True,True,True,7v3s
posebusters,SurfDock,2,7jg0_gar,True,True,True,True,7jg0
posebusters,SurfDock,2,8aie_m7l,True,True,False,False,8aie
posebusters,SurfDock,2,6yqv_8k2,True,True,True,True,6yqv
posebusters,SurfDock,2,7oli_8hg,False,False,True,True,7oli
posebusters,SurfDock,2,7rzl_npo,True,True,True,True,7rzl
posebusters,SurfDock,2,7rkw_5tv,True,False,True,True,7rkw
posebusters,SurfDock,2,7qhl_d5p,True,True,True,True,7qhl
posebusters,SurfDock,2,7p1m_4iu,True,True,True,True,7p1m
posebusters,SurfDock,2,7qfm_ay3,True,True,True,True,7qfm
posebusters,SurfDock,2,7cl8_tes,True,False,True,True,7cl8
posebusters,SurfDock,2,7lzd_yhy,True,True,True,True,7lzd
posebusters,SurfDock,2,7mfp_z7p,True,True,True,False,7mfp
posebusters,SurfDock,2,7b94_anp,True,False,True,True,7b94
posebusters,SurfDock,2,7pjq_owh,True,True,True,True,7pjq
posebusters,SurfDock,2,7l03_f9f,True,True,True,True,7l03
posebusters,SurfDock,2,6xg5_top,True,True,True,True,6xg5
posebusters,SurfDock,2,8b8h_ojq,True,True,True,True,8b8h
posebusters,SurfDock,2,7f51_ba7,True,True,True,True,7f51
posebusters,SurfDock,2,7uas_mbu,False,False,True,True,7uas
posebusters,SurfDock,2,7uj4_oq4,True,True,False,False,7uj4
posebusters,SurfDock,2,7prm_81i,True,True,True,True,7prm
posebusters,SurfDock,2,7bjj_tvw,True,True,False,False,7bjj
posebusters,SurfDock,2,7wcf_acp,True,True,True,True,7wcf
posebusters,SurfDock,2,8csd_c5p,True,True,True,True,8csd
posebusters,SurfDock,2,7xpo_upg,False,False,False,False,7xpo
posebusters,SurfDock,2,8eye_x4i,True,True,False,False,8eye
posebusters,SurfDock,2,7ctm_bdp,False,False,True,True,7ctm
posebusters,SurfDock,2,6xm9_v55,False,False,True,True,6xm9
posebusters,SurfDock,2,8fav_4y5,True,True,True,True,8fav
posebusters,SurfDock,2,6wtn_rxt,True,True,True,True,6wtn
posebusters,SurfDock,2,5sak_zry,True,True,False,False,5sak
posebusters,SurfDock,2,7p4c_5ov,True,True,True,True,7p4c
posebusters,SurfDock,2,7epv_fda,False,False,True,True,7epv
posebusters,SurfDock,2,7q2b_m6h,True,True,True,True,7q2b
posebusters,SurfDock,2,6z1c_7ey,True,True,True,True,6z1c
posebusters,SurfDock,2,7n4n_0bk,True,True,True,True,7n4n
posebusters,SurfDock,2,7n7h_ctp,True,True,True,True,7n7h
posebusters,SurfDock,2,7lev_0jo,True,True,True,True,7lev
posebusters,SurfDock,2,7m31_tdr,True,True,True,True,7m31
posebusters,SurfDock,2,7xjn_nsd,True,True,True,True,7xjn
posebusters,SurfDock,2,7ush_82v,True,True,True,True,7ush
posebusters,SurfDock,2,7thi_pga,True,True,True,True,7thi
posebusters,SurfDock,2,7xfa_d9j,True,True,False,False,7xfa
posebusters,SurfDock,2,7yzu_do7,True,True,True,True,7yzu
posebusters,SurfDock,2,7oso_0v1,True,True,False,False,7oso
posebusters,SurfDock,2,7wdt_ngs,True,True,True,True,7wdt
posebusters,SurfDock,2,7uq3_o2u,False,False,True,True,7uq3
posebusters,SurfDock,2,6m73_fnr,True,True,True,True,6m73
posebusters,SurfDock,2,8aem_lvf,True,True,True,True,8aem
posebusters,SurfDock,2,7kc5_bjz,True,True,True,True,7kc5
posebusters,SurfDock,2,7o1t_5x8,True,True,True,True,7o1t
posebusters,SurfDock,2,7lcu_xta,True,True,True,True,7lcu
posebusters,SurfDock,2,7pih_7qw,True,True,False,False,7pih
posebusters,SurfDock,2,7r59_i5f,True,True,True,True,7r59
posebusters,SurfDock,2,7my1_ipe,False,False,False,False,7my1
posebusters,SurfDock,2,8auh_l9i,True,True,True,True,8auh
posebusters,SurfDock,2,7vq9_isy,True,True,False,False,7vq9
posebusters,SurfDock,2,6z0r_q4h,True,True,True,True,6z0r
posebusters,SurfDock,2,7mwn_wi5,True,True,False,False,7mwn
posebusters,SurfDock,2,8hfn_xgc,True,True,True,True,8hfn
posebusters,SurfDock,2,7kru_atp,True,True,True,True,7kru
posebusters,SurfDock,2,7x9k_8og,False,False,True,True,7x9k
posebusters,SurfDock,2,8a1h_dlz,True,True,True,True,8a1h
posebusters,SurfDock,2,7fha_adx,True,True,True,True,7fha
posebusters,SurfDock,2,7zcc_oga,True,True,False,False,7zcc
posebusters,SurfDock,2,7oz9_ngk,True,True,True,True,7oz9
posebusters,SurfDock,2,7off_vcb,True,True,True,True,7off
posebusters,SurfDock,2,8dko_tfb,True,False,True,True,8dko
posebusters,SurfDock,2,7vkz_noj,True,True,False,False,7vkz
posebusters,SurfDock,2,7afx_r9k,True,True,True,True,7afx
posebusters,SurfDock,2,7uaw_mf6,True,False,True,True,7uaw
posebusters,SurfDock,2,7xqz_fpf,True,True,True,True,7xqz
posebusters,SurfDock,2,6zk5_imh,True,True,False,False,6zk5
posebusters,SurfDock,2,7q25_8j9,True,True,True,True,7q25
posebusters,SurfDock,2,7nsw_hc4,True,True,True,True,7nsw
posebusters,SurfDock,2,6z4n_q7b,True,True,True,True,6z4n
