dataset,id,sequence_identity,ligand_tanimoto,exact_ligand,stringent
astex,1g9v,100.0,0.6363636363636364,False,False
astex,1gkc,100.0,0.54,False,False
astex,1gm8,100.0,1.0,True,False
astex,1gpk,100.0,1.0,True,False
astex,1hnn,100.0,0.6060606060606061,False,False
astex,1hp0,100.0,1.0,True,False
astex,1hq2,99.36708860759494,1.0,True,False
astex,1hvy,100.0,0.5180722891566265,False,False
astex,1hwi,100.0,0.547945205479452,False,False
astex,1hww,100.0,1.0,True,False
astex,1ia1,100.0,0.7567567567567568,False,False
astex,1ig3,100.0,1.0,True,False
astex,1j3j,99.09502262443439,0.7058823529411765,False,False
astex,1jd0,100.0,1.0,True,False
astex,1jje,100.0,0.8823529411764706,False,False
astex,1jla,100.0,1.0,True,False
astex,1k3u,20.149253731343283,0.6097560975609756,False,False
astex,1ke5,100.0,0.7,False,False
astex,1kzk,100.0,0.76,False,False
astex,1l2s,100.0,0.5510204081632653,False,False
astex,1l7f,100.0,0.3088235294117647,False,False
astex,1lpz,100.0,0.8305084745762712,False,False
astex,1lrh,23.125,1.0,True,False
astex,1m2z,99.6078431372549,1.0,True,False
astex,1meh,100.0,1.0,True,False
astex,1mmv,100.0,0.7142857142857143,False,False
astex,1mzc,100.0,0.2653061224489796,False,False
astex,1n1m,100.0,0.46875,False,False
astex,1n2j,100.0,1.0,True,False
astex,1n2v,100.0,0.3333333333333333,False,False
astex,1n46,100.0,0.38461538461538464,False,False
astex,1nav,100.0,0.5769230769230769,False,False
astex,1of1,100.0,0.44642857142857145,False,False
astex,1of6,52.729885057471265,1.0,True,False
astex,1opk,99.33184855233853,0.7166666666666667,False,False
astex,1oq5,100.0,0.7777777777777778,False,False
astex,1owe,100.0,0.7368421052631579,False,False
astex,1oyt,100.0,0.5,False,False
astex,1p2y,99.5085995085995,1.0,True,False
astex,1p62,100.0,1.0,True,False
astex,1pmn,100.0,0.7794117647058824,False,False
astex,1q1g,23.45679012345679,0.48214285714285715,False,True
astex,1q41,100.0,0.775,False,False
astex,1q4g,100.0,0.75,False,False
astex,1r1h,100.0,0.7346938775510204,False,False
astex,1r55,35.960591133004925,1.0,True,False
astex,1r58,100.0,0.3939393939393939,False,False
astex,1r9o,100.0,1.0,True,False
astex,1s19,100.0,0.8032786885245902,False,False
astex,1s3v,100.0,0.3150684931506849,False,False
astex,1sg0,100.0,1.0,True,False
astex,1sj0,100.0,0.7758620689655172,False,False
astex,1sq5,99.66887417218543,1.0,True,False
astex,1sqn,100.0,0.7169811320754716,False,False
astex,1t40,100.0,1.0,True,False
astex,1t46,100.0,0.7466666666666667,False,False
astex,1t9b,100.0,0.7450980392156863,False,False
astex,1tow,100.0,0.5142857142857142,False,False
astex,1tt1,100.0,0.5434782608695652,False,False
astex,1tz8,100.0,0.5666666666666667,False,False
astex,1u1c,23.15369261477046,0.48148148148148145,False,True
astex,1u4d,100.0,0.4,False,False
astex,1uml,100.0,0.8970588235294118,False,False
astex,1unl,100.0,0.7868852459016393,False,False
astex,1uou,99.77168949771689,1.0,True,False
astex,1v0p,100.0,0.7076923076923077,False,False
astex,1v48,100.0,0.5555555555555556,False,False
astex,1v4s,100.0,0.38235294117647056,False,False
astex,1vcj,100.0,0.8846153846153846,False,False
astex,1w1p,100.0,0.3695652173913043,False,False
astex,1w2g,100.0,1.0,True,False
astex,1x8x,100.0,1.0,True,False
astex,1xm6,100.0,0.39344262295081966,False,False
astex,1xoq,100.0,0.5483870967741935,False,False
astex,1xoz,100.0,0.32967032967032966,False,False
astex,1y6b,100.0,0.31521739130434784,False,False
astex,1ygc,100.0,0.4175824175824176,False,False
astex,1yqy,100.0,0.6078431372549019,False,False
astex,1yv3,100.0,0.8297872340425532,False,False
astex,1yvf,100.0,0.36363636363636365,False,False
astex,1ywr,99.70414201183432,0.49411764705882355,False,False
astex,1z95,99.5798319327731,1.0,True,False
astex,2bm2,100.0,0.5294117647058824,False,False
astex,2br1,100.0,0.7291666666666666,False,False
astex,2bsm,100.0,0.6666666666666666,False,False
posebusters,5sak_zry,100.0,0.5675675675675675,False,False
posebusters,5sb2_1k2,100.0,0.6216216216216216,False,False
posebusters,5sd5_hwi,100.0,0.6515151515151515,False,False
posebusters,5sis_jsm,100.0,0.8235294117647058,False,False
posebusters,6m2b_ezo,100.0,0.6206896551724138,False,False
posebusters,6m73_fnr,52.1978021978022,1.0,True,False
posebusters,6t88_mwq,100.0,0.5294117647058824,False,False
posebusters,6tw5_9m2,100.0,0.7058823529411765,False,False
posebusters,6tw7_nzb,100.0,0.4935064935064935,False,False
posebusters,6vta_akn,100.0,1.0,True,False
posebusters,6wtn_rxt,100.0,1.0,False,False
posebusters,6xbo_5mc,100.0,0.7843137254901961,False,False
posebusters,6xct_478,100.0,1.0,True,False
posebusters,6xg5_top,100.0,0.725,False,False
posebusters,6xht_v2v,100.0,1.0,True,False
posebusters,6xm9_v55,100.0,1.0,True,False
posebusters,6yja_2ba,100.0,1.0,True,False
posebusters,6yms_ozh,15.822784810126583,0.5333333333333333,False,False
posebusters,6yqv_8k2,100.0,0.4838709677419355,False,False
posebusters,6yqw_82i,100.0,0.5789473684210527,False,False
posebusters,6yr2_t1c,100.0,0.4888888888888889,False,False
posebusters,6yrv_pj8,32.63525305410122,0.6666666666666666,False,False
posebusters,6ysp_pal,100.0,0.7419354838709677,False,False
posebusters,6yt6_pke,100.0,0.7236842105263158,False,False
posebusters,6yyo_q1k,100.0,0.6153846153846154,False,False
posebusters,6z0r_q4h,100.0,0.36666666666666664,False,False
posebusters,6z14_q4z,13.40057636887608,0.6097560975609756,False,False
posebusters,6z1c_7ey,100.0,0.42592592592592593,False,False
posebusters,6z2c_q5e,88.70056497175142,0.48717948717948717,False,False
posebusters,6z4n_q7b,98.74213836477988,0.37209302325581395,False,False
posebusters,6zae_acv,100.0,1.0,True,False
posebusters,6zc3_jor,92.34972677595628,0.6190476190476191,False,False
posebusters,6zcy_qf8,100.0,0.4666666666666667,False,False
posebusters,6zk5_imh,75.31645569620254,1.0,True,False
posebusters,6zpb_3d1,100.0,1.0,True,False
posebusters,7a1p_qw2,100.0,0.5172413793103449,False,False
posebusters,7a9e_r4w,100.0,0.46153846153846156,False,False
posebusters,7a9h_tpp,44.678899082568805,1.0,True,False
posebusters,7afx_r9k,50.107991360691145,0.6829268292682927,False,False
posebusters,7akl_rk5,100.0,0.5675675675675675,False,False
posebusters,7an5_rdh,99.644128113879,1.0,True,False
posebusters,7b2c_tp7,44.86552567237164,1.0,True,False
posebusters,7b94_anp,100.0,1.0,True,False
posebusters,7bcp_gco,100.0,1.0,True,False
posebusters,7bjj_tvw,100.0,0.375,False,False
posebusters,7bka_4jc,100.0,0.6923076923076923,False,False
posebusters,7bmi_u4b,100.0,0.5333333333333333,False,False
posebusters,7bnh_bez,50.0,0.7333333333333333,False,False
posebusters,7btt_f8r,100.0,0.4339622641509434,False,False
posebusters,7c0u_fgo,99.74811083123426,1.0,True,False
posebusters,7c3u_azg,99.45652173913044,1.0,True,False
posebusters,7c8q_dsg,29.906542056074766,1.0,False,False
posebusters,7cd9_fvr,100.0,0.7916666666666666,False,False
posebusters,7cij_g0c,19.020172910662826,0.7450980392156863,False,False
posebusters,7cl8_tes,52.25,1.0,True,False
posebusters,7cnq_g8x,15.384615384615385,1.0,False,False
posebusters,7cns_pmv,16.44100580270793,1.0,True,False
posebusters,7ctm_bdp,50.427350427350426,1.0,True,False
posebusters,7cuo_phb,18.410041841004183,0.75,False,False
posebusters,7d5c_gv6,100.0,0.8636363636363636,False,False
posebusters,7d6o_mte,100.0,1.0,True,False
posebusters,7dkt_glf,23.66710013003901,1.0,True,False
posebusters,7dql_4cl,18.617021276595743,1.0,True,False
posebusters,7dua_hj0,100.0,0.38181818181818183,False,False
posebusters,7e4l_mdn,99.28057553956835,0.4375,False,False
posebusters,7ebg_j0l,100.0,0.3469387755102041,False,False
posebusters,7ecr_sin,100.0,0.6666666666666666,False,False
posebusters,7ed2_a3p,37.33031674208145,1.0,True,False
posebusters,7elt_tym,100.0,1.0,True,False
posebusters,7epv_fda,96.2059620596206,1.0,True,False
posebusters,7es1_udp,100.0,1.0,True,False
posebusters,7f51_ba7,100.0,0.7916666666666666,False,False
posebusters,7f5d_euo,100.0,0.5,False,False
posebusters,7f8t_fad,100.0,1.0,True,False
posebusters,7fb7_8nf,98.06451612903226,0.42857142857142855,False,False
posebusters,7fha_adx,100.0,1.0,True,False
posebusters,7frx_o88,100.0,0.8205128205128205,False,False
posebusters,7ft9_4mb,49.87080103359173,0.6896551724137931,False,False
posebusters,7jg0_gar,100.0,1.0,True,False
posebusters,7jhq_vaj,100.0,0.6896551724137931,False,False
posebusters,7jmv_4nc,21.076233183856502,1.0,True,False
posebusters,7jxx_vp7,100.0,0.8333333333333334,False,False
posebusters,7jy3_vud,100.0,0.6285714285714286,False,False
posebusters,7k0v_vqp,100.0,0.425,False,False
posebusters,7kb1_wbj,55.373831775700936,0.75,False,False
posebusters,7kc5_bjz,100.0,1.0,True,False
posebusters,7km8_wpd,50.0,1.0,False,False
posebusters,7kqu_yof,100.0,1.0,True,False
posebusters,7kru_atp,50.13901760889713,1.0,True,False
posebusters,7kz9_xn7,29.559748427672957,0.34375,False,True
posebusters,7l00_xcj,56.12903225806452,0.4,False,False
posebusters,7l03_f9f,12.990936555891238,0.391304347826087,False,True
posebusters,7l5f_xng,100.0,0.6774193548387096,False,False
posebusters,7l7c_xq1,100.0,0.7446808510638298,False,False
posebusters,7lcu_xta,98.72340425531915,0.5411764705882353,False,False
posebusters,7lev_0jo,21.220159151193634,1.0,True,False
posebusters,7ljn_gtp,16.023738872403563,1.0,True,False
posebusters,7lmo_nyo,100.0,0.7073170731707317,False,False
posebusters,7loe_y84,100.0,0.5263157894736842,False,False
posebusters,7lou_ifm,100.0,1.0,True,False
posebusters,7lt0_onj,100.0,0.6792452830188679,False,False
posebusters,7lzd_yhy,100.0,0.475,False,False
posebusters,7m31_tdr,100.0,1.0,True,False
posebusters,7m3h_ypv,41.514041514041516,0.6875,False,False
posebusters,7m6k_yrj,100.0,0.5441176470588235,False,False
posebusters,7mfp_z7p,100.0,0.8526315789473684,False,False
posebusters,7mgt_zd4,99.68652037617555,0.8275862068965517,False,False
posebusters,7mgy_zd1,100.0,0.6078431372549019,False,False
posebusters,7mmh_zjy,100.0,1.0,True,False
posebusters,7moi_hps,100.0,0.6,False,False
posebusters,7msr_dca,100.0,1.0,True,False
posebusters,7mwn_wi5,94.9367088607595,0.33766233766233766,False,False
posebusters,7mwu_zpm,100.0,0.8666666666666667,False,False
posebusters,7my1_ipe,50.357142857142854,1.0,True,False
posebusters,7myu_zr7,100.0,0.5555555555555556,False,False
posebusters,7n03_zrp,100.0,0.46835443037974683,False,False
posebusters,7n4n_0bk,99.72677595628416,0.6172839506172839,False,False
posebusters,7n4w_p4v,93.44262295081967,0.8260869565217391,False,False
posebusters,7n6f_0i1,100.0,0.4074074074074074,False,False
posebusters,7n7b_t3f,79.182156133829,1.0,True,False
posebusters,7n7h_ctp,100.0,1.0,True,False
posebusters,7nf0_byn,100.0,1.0,True,False
posebusters,7nf3_4lu,99.79919678714859,1.0,True,False
posebusters,7nfb_gen,89.75409836065573,1.0,True,False
posebusters,7ngw_uaw,100.0,0.75,False,False
posebusters,7nlv_uje,100.0,1.0,False,False
posebusters,7np6_uk8,100.0,0.7910447761194029,False,False
posebusters,7npl_ukz,100.0,0.8,False,False
posebusters,7nr8_uoe,100.0,0.75,False,False
posebusters,7nsw_hc4,100.0,1.0,True,False
posebusters,7nu0_dcl,100.0,0.5294117647058824,False,False
posebusters,7nut_glp,34.04255319148936,1.0,True,False
posebusters,7nxo_uu8,100.0,0.6875,False,False
posebusters,7o0n_cdp,98.96907216494846,1.0,True,False
posebusters,7o1t_5x8,99.71988795518207,1.0,True,False
posebusters,7ody_dgi,25.614035087719298,1.0,True,False
posebusters,7oeo_v9z,100.0,0.6545454545454545,False,False
posebusters,7off_vcb,100.0,0.5813953488372093,False,False
posebusters,7ofk_vch,100.0,0.4142857142857143,False,False
posebusters,7oli_8hg,27.68595041322314,1.0,True,False
posebusters,7omx_cna,100.0,1.0,True,False
posebusters,7op9_06k,22.746781115879827,0.41379310344827586,False,True
posebusters,7opg_06n,100.0,0.3389830508474576,False,False
posebusters,7oso_0v1,90.29126213592232,0.6470588235294118,False,False
posebusters,7oz9_ngk,100.0,1.0,False,False
posebusters,7ozc_g6s,46.8041237113402,0.71875,False,False
posebusters,7p1f_kfn,83.55091383812011,0.6590909090909091,False,False
posebusters,7p1m_4iu,100.0,0.6229508196721312,False,False
posebusters,7p2i_mfu,98.85057471264368,1.0,True,False
posebusters,7p4c_5ov,100.0,1.0,True,False
posebusters,7p5t_5yg,100.0,1.0,True,False
posebusters,7pgx_fmn,37.67123287671233,1.0,True,False
posebusters,7pih_7qw,100.0,0.3181818181818182,False,False
posebusters,7pjq_owh,100.0,0.6129032258064516,False,False
posebusters,7pk0_byc,15.140845070422536,1.0,True,False
posebusters,7pl1_sfg,100.0,1.0,True,False
posebusters,7pom_7vz,100.0,0.8297872340425532,False,False
posebusters,7pri_7ti,100.0,0.4444444444444444,False,False
posebusters,7prm_81i,100.0,0.43859649122807015,False,False
posebusters,7pt3_3kk,99.82547993019197,1.0,True,False
posebusters,7puv_84z,100.0,0.64,False,False
posebusters,7q25_8j9,100.0,0.5517241379310345,False,False
posebusters,7q27_8kc,100.0,0.8135593220338984,False,False
posebusters,7q2b_m6h,100.0,0.4,False,False
posebusters,7q5i_i0f,99.87623762376238,0.4576271186440678,False,False
posebusters,7qe4_nga,100.0,1.0,True,False
posebusters,7qf4_rbf,43.96551724137931,1.0,True,False
posebusters,7qfm_ay3,100.0,0.49056603773584906,False,False
posebusters,7qgp_dj8,99.65277777777777,0.575,False,False
posebusters,7qhg_t3b,100.0,0.4675324675324675,False,False
posebusters,7qhl_d5p,100.0,0.39759036144578314,False,False
posebusters,7qpp_vdx,100.0,1.0,False,False
posebusters,7qta_uri,100.0,1.0,True,False
posebusters,7r3d_apr,100.0,1.0,True,False
posebusters,7r59_i5f,23.631123919308358,0.6666666666666666,False,False
posebusters,7r6j_2i7,100.0,0.6617647058823529,False,False
posebusters,7r7r_awj,100.0,0.68,False,False
posebusters,7r9n_f97,100.0,0.3333333333333333,False,False
posebusters,7rc3_sah,99.73333333333333,1.0,True,False
posebusters,7rh3_59o,100.0,0.828125,False,False
posebusters,7rkw_5tv,100.0,0.6724137931034483,False,False
posebusters,7rni_60i,100.0,0.3787878787878788,False,False
posebusters,7ror_69x,50.28089887640449,0.8695652173913043,False,False
posebusters,7rou_66i,100.0,0.6746987951807228,False,False
posebusters,7rsv_7iq,100.0,0.5862068965517241,False,False
posebusters,7rws_4ur,19.215686274509803,1.0,True,False
posebusters,7rzl_npo,93.84965831435079,1.0,True,False
posebusters,7scw_gsp,98.83040935672514,1.0,True,False
posebusters,7sdd_4ip,28.125,1.0,True,False
posebusters,7sfo_98l,100.0,0.7843137254901961,False,False
posebusters,7siu_9id,97.1830985915493,0.34831460674157305,False,False
posebusters,7suc_com,99.88713318284424,1.0,True,False
posebusters,7sza_dui,100.0,1.0,False,False
posebusters,7t0d_fpp,100.0,1.0,True,False
posebusters,7t1d_e7k,100.0,0.27906976744186046,False,False
posebusters,7t3e_slb,50.333333333333336,1.0,True,False
posebusters,7tb0_ud1,24.523809523809526,1.0,True,False
posebusters,7tbu_s3p,65.55555555555556,1.0,True,False
posebusters,7te8_p0t,66.52719665271967,1.0,True,False
posebusters,7th4_ffo,38.144329896907216,1.0,True,False
posebusters,7thi_pga,100.0,1.0,True,False
posebusters,7tm6_gpj,88.96713615023474,1.0,True,False
posebusters,7tom_5ad,99.79959919839679,1.0,True,False
posebusters,7ts6_kmi,100.0,0.6326530612244898,False,False
posebusters,7tsf_h4b,100.0,1.0,False,False
posebusters,7tuo_kl9,99.6875,0.3595505617977528,False,False
posebusters,7txk_lw8,37.5,1.0,True,False
posebusters,7typ_kur,100.0,0.4367816091954023,False,False
posebusters,7u0u_fk5,39.08794788273616,1.0,True,False
posebusters,7u3j_l6u,100.0,0.36666666666666664,False,False
posebusters,7uas_mbu,100.0,0.5172413793103449,False,False
posebusters,7uaw_mf6,23.2,1.0,True,False
posebusters,7uj4_oq4,100.0,1.0,True,False
posebusters,7uj5_dgl,100.0,1.0,True,False
posebusters,7ujf_r3v,100.0,0.7833333333333333,False,False
posebusters,7ulc_56b,99.36507936507937,0.7794117647058824,False,False
posebusters,7umw_nad,100.0,1.0,True,False
posebusters,7uq3_o2u,100.0,0.4117647058823529,False,False
posebusters,7ush_82v,98.1981981981982,0.8076923076923077,False,False
posebusters,7utw_nai,100.0,1.0,True,False
posebusters,7uxs_ojc,21.025641025641026,1.0,True,False
posebusters,7uy4_smi,41.86046511627907,1.0,True,False
posebusters,7uyb_ok0,100.0,0.6984126984126984,False,False
posebusters,7v14_oru,100.0,0.7948717948717948,False,False
posebusters,7v3n_akg,99.6845425867508,1.0,True,False
posebusters,7v3s_5i9,100.0,0.5540540540540541,False,False
posebusters,7v43_c4o,100.0,0.6153846153846154,False,False
posebusters,7vb8_stl,100.0,1.0,True,False
posebusters,7vbu_6i4,100.0,0.5714285714285714,False,False
posebusters,7vc5_9sf,100.0,0.6724137931034483,False,False
posebusters,7vkz_noj,99.85795454545455,1.0,True,False
posebusters,7vq9_isy,50.36674816625917,1.0,True,False
posebusters,7vwf_k55,100.0,0.6388888888888888,False,False
posebusters,7vyj_ca0,100.0,1.0,True,False
posebusters,7w05_gmp,48.0,1.0,True,False
posebusters,7w06_itn,76.32850241545894,1.0,True,False
posebusters,7wcf_acp,15.987460815047022,1.0,True,False
posebusters,7wdt_ngs,11.355311355311356,1.0,True,False
posebusters,7wjb_bgc,100.0,1.0,True,False
posebusters,7wkl_caq,53.392330383480825,0.6428571428571429,False,False
posebusters,7wl4_jfu,96.12403100775194,0.37662337662337664,False,False
posebusters,7wpw_f15,100.0,1.0,False,False
posebusters,7wqq_5z6,99.56140350877193,0.5217391304347826,False,False
posebusters,7wux_6oi,100.0,0.625,False,False
posebusters,7wuy_76n,50.0,0.5362318840579711,False,False
posebusters,7wy1_d0l,100.0,0.7192982456140351,False,False
posebusters,7x5n_5m5,17.073170731707318,0.2597402597402597,False,True
posebusters,7x9k_8og,100.0,1.0,True,False
posebusters,7xbv_apc,100.0,1.0,True,False
posebusters,7xfa_d9j,100.0,0.6741573033707865,False,False
posebusters,7xg5_plp,99.06542056074767,1.0,True,False
posebusters,7xi7_4ri,100.0,0.6756756756756757,False,False
posebusters,7xjn_nsd,35.10971786833856,1.0,True,False
posebusters,7xpo_upg,59.183673469387756,1.0,True,False
posebusters,7xqz_fpf,13.995943204868155,1.0,True,False
posebusters,7xrl_fwk,100.0,1.0,True,False
posebusters,7yzu_do7,100.0,0.59375,False,False
posebusters,7z1q_nio,75.91623036649214,1.0,True,False
posebusters,7z2o_iaj,100.0,0.5,False,False
posebusters,7z7f_if3,89.26174496644295,0.6764705882352942,False,False
posebusters,7zcc_oga,19.692307692307693,0.5238095238095238,False,False
posebusters,7zdy_6mj,100.0,1.0,True,False
posebusters,7zf0_dhr,33.9662447257384,0.625,False,False
posebusters,7zhp_iqy,100.0,0.8524590163934426,False,False
posebusters,7zl5_iwe,100.0,0.37681159420289856,False,False
posebusters,7zoc_t8e,100.0,0.5588235294117647,False,False
posebusters,7ztl_bcn,99.62121212121212,0.631578947368421,False,False
posebusters,7zu2_dht,99.58677685950413,1.0,True,False
posebusters,7zxv_45d,100.0,1.0,True,False
posebusters,7zzw_kkw,100.0,0.5138888888888888,False,False
posebusters,8a1h_dlz,12.4031007751938,1.0,True,False
posebusters,8a2d_kxy,98.22064056939502,0.47540983606557374,False,False
posebusters,8aau_lh0,100.0,0.35294117647058826,False,False
posebusters,8aem_lvf,100.0,0.6666666666666666,False,False
posebusters,8aie_m7l,100.0,0.7884615384615384,False,False
posebusters,8ap0_prp,100.0,1.0,True,False
posebusters,8aql_plg,18.818380743982495,1.0,True,False
posebusters,8auh_l9i,99.44827586206897,1.0,True,False
posebusters,8ay3_oe3,99.59100204498978,0.7551020408163265,False,False
posebusters,8b8h_ojq,99.73045822102426,0.6607142857142857,False,False
posebusters,8bom_qu6,100.0,0.8055555555555556,False,False
posebusters,8bti_rfo,100.0,0.6341463414634146,False,False
posebusters,8c3n_adp,92.99065420560747,1.0,True,False
posebusters,8c5m_mta,100.0,1.0,True,False
posebusters,8cnh_v6u,100.0,0.55,False,False
posebusters,8csd_c5p,100.0,1.0,True,False
posebusters,8d19_gsh,100.0,1.0,True,False
posebusters,8d39_qdb,32.56997455470738,0.7777777777777778,False,False
posebusters,8d5d_5dk,25.824175824175825,1.0,False,False
posebusters,8dhg_t78,100.0,0.759493670886076,False,False
posebusters,8dko_tfb,100.0,1.0,True,False
posebusters,8dp2_uma,99.77578475336323,1.0,True,False
posebusters,8dsc_nca,100.0,1.0,True,False
posebusters,8eab_vn2,100.0,0.7258064516129032,False,False
posebusters,8ex2_q2q,99.63369963369964,0.4166666666666667,False,False
posebusters,8exl_799,100.0,0.5,False,False
posebusters,8eye_x4i,100.0,0.8,False,False
posebusters,8f4j_pho,51.851851851851855,0.47368421052631576,False,False
posebusters,8f8e_xji,100.0,0.7142857142857143,False,False
posebusters,8fav_4y5,100.0,0.6271186440677966,False,False
posebusters,8flv_zb9,100.0,0.9508196721311475,False,False
posebusters,8fo5_y4u,100.0,0.35294117647058826,False,False
posebusters,8g0v_yht,100.0,0.7931034482758621,False,False
posebusters,8g6p_api,66.92913385826772,1.0,True,False
posebusters,8gfd_zhr,100.0,0.5230769230769231,False,False
posebusters,8hfn_xgc,100.0,0.559322033898305,False,False
posebusters,8ho0_3zi,100.0,0.7142857142857143,False,False
posebusters,8slg_g5a,82.10290827740492,1.0,True,False
phibench,7hg0_a1a3p_b_1,98.87640449438203,0.6756756756756757,False,False
phibench,7hg2_a1h97_a_1,98.9247311827957,0.3770491803278688,False,False
phibench,7hg3_zqd_a_1_b,98.9010989010989,1.0,True,False
phibench,7hg4_uxg_a_b_1,98.88888888888889,1.0,True,False
phibench,7hg5_wv4_c_1,98.85057471264368,1.0,True,False
phibench,7hg6_2nu_b_1,98.85057471264368,0.4146341463414634,False,False
phibench,7hg7_ejq_b_1,98.86363636363636,1.0,True,False
phibench,7hga_tu6_b_1,98.82352941176471,0.3953488372093023,False,False
phibench,7hgd_a1a3s_a_b_1,98.89502762430939,0.3684210526315789,False,False
phibench,7hgf_t0y_b_1,98.86363636363636,0.5128205128205128,False,False
phibench,7hgi_a1a35_c_1,98.79518072289157,0.37037037037037035,False,False
phibench,7hgj_zug_c_1,98.86363636363636,0.5666666666666667,False,False
phibench,7hgl_wj4_c_1,98.83720930232558,0.3333333333333333,False,False
phibench,7hgn_nx7_b_1,98.88888888888889,1.0,True,False
phibench,7hgr_a1am6_c_1,98.83720930232558,0.41025641025641024,False,False
phibench,7hgx_a1a31_c_1,98.79518072289157,0.5483870967741935,False,False
phibench,7hgy_uva_a_1_b,98.88888888888889,1.0,True,False
phibench,7hh5_wo7_c_1,98.85057471264368,0.4375,False,False
phibench,7hh7_ljr_b_1,98.83720930232558,0.38235294117647056,False,False
phibench,7hh9_a1a3w_c_1,98.88888888888889,0.4,False,False
phibench,7hha_te0_c_1,98.83720930232558,0.45161290322580644,False,False
phibench,7hhd_a1a3v_a_b_1,98.89502762430939,0.5161290322580645,False,False
phibench,7hhk_lpu_c_1,98.82352941176471,1.0,True,False
phibench,7hhl_a1a37_c_1,98.82352941176471,0.4418604651162791,False,False
phibench,7hhm_uwd_c_1,98.80952380952381,1.0,True,False
phibench,7hia_a1amu_a_1,100.0,0.6666666666666666,False,False
phibench,7hie_zv5_a_b_1_c,33.333333333333336,0.3333333333333333,False,False
phibench,7hiq_a1bck_d_1,100.0,0.43333333333333335,False,False
phibench,7hkb_a1am1_a_1,10.327022375215146,0.2692307692307692,False,True
phibench,7hku_lv4_a_1,10.416666666666666,1.0,True,False
phibench,7hlb_s9s_b_1,45.4054054054054,1.0,True,False
phibench,7hmz_a1bfn_b_1,46.19565217391305,0.4482758620689655,False,False
phibench,7hoc_k3j_b_1,100.0,1.0,True,False
phibench,7hod_a1bf6_b_1,100.0,0.45454545454545453,False,False
phibench,9cii_thp_a_1,97.67441860465117,1.0,True,False
phibench,9cij_thp_a_1,97.67441860465117,1.0,True,False
phibench,9cik_thp_a_1,97.67441860465117,1.0,True,False
phibench,9cil_thp_a_1,97.67441860465117,1.0,True,False
phibench,9ciw_a1awu_d_1,22.167487684729064,0.8227848101265823,False,False
phibench,9cj0_ep1_a_1,68.23529411764706,1.0,True,False
phibench,9ck0_edk_a_1,100.0,1.0,True,False
phibench,9cly_ndp_b_1,42.97520661157025,1.0,True,False
phibench,9cmz_a1aze_c_1,100.0,0.3880597014925373,False,False
phibench,9cp7_nai_a_1,32.11009174311926,1.0,True,False
phibench,9csg_a1azr_a_1,100.0,0.4032258064516129,False,False
phibench,9csi_a1azs_a_1,39.36731107205624,0.45454545454545453,False,False
phibench,9csy_a1az1_a_1,100.0,0.3793103448275862,False,False
phibench,9cu9_thp_a_1,97.67441860465117,1.0,True,False
phibench,9cuo_a1a0j_c_1_e,52.35602094240838,0.5238095238095238,False,False
phibench,9cuw_a1az6_a_1,100.0,0.3614457831325301,False,False
phibench,9cwn_edk_a_1,100.0,1.0,True,False
phibench,9cz7_a1a6a_a_b_1,78.60508953817154,0.2891566265060241,False,False
phibench,9czt_a1a1e_a_1,100.0,0.6964285714285714,False,False
phibench,9czu_a1a1d_c_1,100.0,0.525,False,False
phibench,9d00_a1a1a_a_1,100.0,0.5671641791044776,False,False
phibench,9d3e_a1a1w_a_1,54.72222222222222,0.2676056338028169,False,False
phibench,9d3g_a1a2a_a_1,52.95629820051414,0.2948717948717949,False,False
phibench,9d4e_a1a1q_b_1,100.0,0.3977272727272727,False,False
phibench,9d6c_qng_a_1_b,94.82758620689656,1.0,True,False
phibench,9d6d_qng_g_h_1,96.06986899563319,1.0,True,False
phibench,9d79_y33_a_1,52.06611570247934,0.546875,False,False
phibench,9d7c_y33_c_1,52.083333333333336,0.546875,False,False
phibench,9d8a_gdp_a_1,26.74418604651163,1.0,True,False
phibench,9d8e_a1a29_a_1,100.0,0.3333333333333333,False,False
phibench,9d8s_amp_a_1,97.58454106280193,1.0,True,False
phibench,9d8z_a1a3d_a_1,100.0,0.35051546391752575,False,False
phibench,9db2_a1a3l_b_1_c,67.11349419124218,0.6666666666666666,False,False
phibench,9dc8_imp_a_1,100.0,1.0,True,False
phibench,9deq_a1a5g_a_b_1,63.16105769230769,0.5466666666666666,False,False
phibench,9der_agg_a_b_1,99.02702702702703,1.0,True,False
phibench,9deu_56b_a_1,23.75,0.7794117647058824,False,False
phibench,9dhg_a1a4p_a_1,100.0,0.4318181818181818,False,False
phibench,9dhh_a1a4o_a_1,100.0,0.391304347826087,False,False
phibench,9dhl_a1au5_a_1,100.0,0.5833333333333334,False,False
phibench,9di6_a1a51_a_1,100.0,0.36507936507936506,False,False
phibench,9di9_a1a40_a_1,100.0,0.5,False,False
phibench,9dik_a1a52_b_1,100.0,0.35802469135802467,False,False
phibench,9dik_fmn_a_1,100.0,1.0,True,False
phibench,9diz_a1a53_a_1,100.0,0.28735632183908044,False,False
phibench,9djt_a1a5h_d_1,100.0,0.4864864864864865,False,False
phibench,9djx_a1a5i_a_1_c,95.4054054054054,0.4594594594594595,False,False
phibench,9dk2_atp_a_1,17.352941176470587,1.0,True,False
phibench,9dk3_adp_a_1,17.83625730994152,1.0,True,False
phibench,9dkq_a1a5q_a_1,100.0,0.2753623188405797,False,False
phibench,9dmu_a1a7t_a_1_d,100.0,0.7241379310344828,False,False
phibench,9dmu_imp_d_1,100.0,1.0,True,False
phibench,9do4_atp_b_1,99.7275204359673,1.0,True,False
phibench,9dqd_a1bep_a_1,100.0,0.3287671232876712,False,False
phibench,9dqh_a1be2_a_1,100.0,0.3291139240506329,False,False
phibench,9dqm_amp_a_b_1,28.77526753864447,1.0,True,False
phibench,9dre_adp_c_1_d,100.0,1.0,True,False
phibench,9drz_gdp_a_1,29.62962962962963,1.0,True,False
phibench,9dt6_c5p_g_h_1,100.0,1.0,True,False
phibench,9dt8_adp_a_b_1,100.0,1.0,True,False
phibench,9dta_a1bbv_b_1,99.10714285714286,0.4025974025974026,False,False
phibench,9dtb_a1bbw_a_1,99.4047619047619,0.35526315789473684,False,False
phibench,9dtc_amp_a_b_1,100.0,1.0,True,False
phibench,9du6_atp_a_b_1,100.0,1.0,True,False
phibench,9du7_a1bct_a_1,100.0,0.2716049382716049,False,False
phibench,9due_a1bb6_a_1,100.0,0.5918367346938775,False,False
phibench,9duq_gtp_b_a_1,100.0,1.0,True,False
phibench,9duu_adp_e_1,100.0,1.0,True,False
phibench,9dwd_qng_g_1_h,95.19650655021834,1.0,True,False
phibench,9e6z_qg7_a_1,99.1869918699187,1.0,True,False
phibench,9e8i_adp_c_1,32.240437158469945,1.0,True,False
phibench,9e8i_atp_a_f_1,30.02680965147453,1.0,True,False
phibench,9e8j_adp_d_1,30.526315789473685,1.0,True,False
phibench,9e8j_atp_c_1_d,30.93994778067885,1.0,True,False
phibench,9e8k_adp_b_1,33.12883435582822,1.0,True,False
phibench,9e8k_atp_d_1_e,33.92370572207084,1.0,True,False
phibench,9e8l_adp_b_1,30.18867924528302,1.0,True,False
phibench,9e8l_atp_e_1_f,31.564625850340136,1.0,True,False
phibench,9e8m_a1bf9_a_1,100.0,0.3764705882352941,False,False
phibench,9e8n_adp_d_1_e,33.648648648648646,1.0,True,False
phibench,9e8n_atp_e_1_f,31.233243967828418,1.0,True,False
phibench,9e8o_adp_d_1_e,33.736559139784944,1.0,True,False
phibench,9e8o_atp_b_1_c,29.374201787994892,1.0,True,False
phibench,9e8q_adp_e_1_f,32.50345781466113,1.0,True,False
phibench,9ef0_fmn_a_1,100.0,1.0,True,False
phibench,9efc_a1bhy_b_1,100.0,0.43283582089552236,False,False
phibench,9efr_a1bhx_b_1,100.0,0.4393939393939394,False,False
phibench,9efx_a1bhw_a_1,100.0,0.4,False,False
phibench,9egr_a1bh7_a_b_1,100.0,0.5087719298245614,False,False
phibench,9elx_a1bjh_a_1,99.71751412429379,0.40816326530612246,False,False
phibench,9fwx_a1igx_a_1,100.0,0.3620689655172414,False,False
phibench,9fxi_s77_c_1,100.0,1.0,True,False
phibench,9fxj_pbd_c_1,100.0,1.0,True,False
phibench,9fyb_nmn_a_1_b,50.13623978201635,1.0,True,False
phibench,9fyd_acp_f_1,100.0,1.0,True,False
phibench,9fyd_gdp_b_1,100.0,1.0,True,False
phibench,9fyd_gtp_a_1_b,100.0,1.0,True,False
phibench,9fyf_a1ig6_b_1,100.0,0.5833333333333334,False,False
phibench,9fz7_caz_a_1,99.01768172888016,1.0,True,False
phibench,9fze_mer_a_1,99.60079840319361,1.0,True,False
phibench,9fzp_cef_a_1,99.8,1.0,False,False
phibench,9g35_ab1_a_1,100.0,1.0,True,False
phibench,9g7h_a1iiz_a_1,100.0,0.27835051546391754,False,False
phibench,9g7h_ar6_a_1_b,50.44722719141324,1.0,False,False
phibench,9g9q_ann_b_1,30.96446700507614,1.0,True,False
phibench,9gao_a1ijm_c_1,96.23824451410658,0.6,False,False
phibench,9gbe_a1ij8_a_1,99.34210526315789,0.4470588235294118,False,False
phibench,9gcf_a1ij5_a_1,100.0,0.42168674698795183,False,False
phibench,9gcs_atp_e_1_c_f,82.92682926829268,1.0,True,False
phibench,9gct_atp_c_1_d_g,82.92682926829268,1.0,True,False
phibench,9gcu_adp_b_c_1,99.76076555023923,1.0,True,False
phibench,9gd2_adp_w_1,19.18876755070203,1.0,True,False
phibench,9gdi_a1ij1_a_1,100.0,0.4074074074074074,False,False
phibench,9gg9_a1ikw_a_1,100.0,0.4927536231884058,False,False
phibench,9ggh_a1iky_a_1,100.0,0.3333333333333333,False,False
phibench,9ggk_a1ik2_a_1,100.0,0.4264705882352941,False,False
phibench,9ghy_a1ilh_a_1,100.0,0.5777777777777777,False,False
phibench,9gib_a1ilp_b_1,100.0,0.3148148148148148,False,False
phibench,9gic_a1ilq_a_1,100.0,0.4,False,False
phibench,9gie_a1ils_a_1_b,99.2619926199262,0.32727272727272727,False,False
phibench,9gig_a1ilo_b_1,100.0,0.4,False,False
phibench,9gij_a1il0_a_1,100.0,0.34146341463414637,False,False
phibench,9gil_a1il7_a_1,100.0,0.297029702970297,False,False
phibench,9gip_a1ily_a_1,24.324324324324323,0.3188405797101449,False,True
phibench,9gir_a1ilx_a_1,24.489795918367346,0.27631578947368424,False,True
phibench,9gis_a1ilu_a_1_b,23.529411764705884,0.31645569620253167,False,True
phibench,9git_a1ilw_a_1,25.675675675675677,0.25925925925925924,False,True
phibench,9gj1_a1ime_b_1,100.0,0.32653061224489793,False,False
phibench,9gj2_kh0_b_1,98.63636363636364,1.0,True,False
phibench,9gkv_shh_b_1,21.753246753246753,1.0,True,False
phibench,9gkx_shh_c_1,62.568306010928964,1.0,True,False
phibench,9gl3_atp_b_1_a,27.79751332149201,1.0,True,False
phibench,9gn4_ctn_a_1_b,98.72611464968153,1.0,True,False
phibench,9gn6_shh_a_1,69.45945945945945,1.0,True,False
phibench,9gnl_a8s_b_1,73.82198952879581,1.0,False,False
phibench,9gnq_adp_k_1,99.67948717948718,1.0,True,False
phibench,9gnq_gdp_b_1,100.0,1.0,True,False
phibench,9gny_cff_a_1,100.0,1.0,True,False
phibench,9gr7_sfg_a_1,100.0,1.0,True,False
phibench,9grs_a1h6y_b_1,100.0,0.5652173913043478,False,False
phibench,9gu4_a1ipj_a_1,100.0,0.32894736842105265,False,False
phibench,9gy8_a1iqm_a_1,100.0,0.819672131147541,False,False
phibench,9gyo_fwx_r_1,26.007326007326007,0.27631578947368424,False,True
phibench,9h46_a1isa_a_1,100.0,0.38202247191011235,False,False
phibench,9hjh_a1ivk_a_1,100.0,0.4266666666666667,False,False
phibench,9hqj_a1h9t_a_1,100.0,0.5319148936170213,False,False
phibench,9hql_vzm_a_1,100.0,0.4523809523809524,False,False
phibench,9inr_a1d9k_a_1_b,50.0,0.3157894736842105,False,False
phibench,9iul_tpf_a_1,59.9250936329588,1.0,True,False
phibench,9iuz_o6e_a_1,61.29707112970711,1.0,True,False
phibench,9izl_a1eag_a_1,99.78354978354979,0.42028985507246375,False,False
phibench,9j1c_a1eau_b_1,100.0,0.5151515151515151,False,False
phibench,9j4g_a1l3n_a_b_1,17.05237515225335,0.25555555555555554,False,True
phibench,9j56_a1l3v_a_1,59.882005899705014,0.8,False,False
phibench,9j5d_tik_a_1,35.90604026845637,0.5161290322580645,False,False
phibench,9j5v_a1l3q_r_1,100.0,0.26666666666666666,False,False
phibench,9j6i_h9x_b_1,81.06508875739645,0.37142857142857144,False,False
phibench,9j6o_a1l3s_a_1,100.0,0.7662337662337663,False,False
phibench,9j8e_bt5_b_1,37.83783783783784,1.0,True,False
phibench,9j9c_u2f_c_1,100.0,1.0,True,False
phibench,9j9k_u2f_a_1,100.0,1.0,True,False
phibench,9jd2_mta_a_1,42.49084249084249,1.0,True,False
phibench,9jdc_lh6_b_1,33.333333333333336,0.5471698113207547,False,False
phibench,9jdy_a1aij_a_1,44.13793103448276,0.2972972972972973,False,False
phibench,9jff_33p_a_1,24.624624624624623,1.0,True,False
phibench,9jkp_gdp_b_1,45.1505016722408,1.0,True,False
phibench,9joa_uw0_a_1,100.0,1.0,True,False
phibench,9jqi_kn9_c_1,100.0,1.0,True,False
phibench,9k1j_a1eeb_b_a_1,43.109540636042404,0.40540540540540543,False,False
phibench,9mdt_atp_b_1_d,28.571428571428573,1.0,True,False
phibench,9mfc_adn_a_1,23.333333333333332,1.0,True,False
phibench,9mhb_a1bla_a_1,100.0,0.6170212765957447,False,False
foldbench,5sng-assembly1__protein-a__ligand-c__ccd-uv7,100.0,1.0,True,False
foldbench,7eka-assembly1__protein-a__ligand-b__ccd-egt,62.8099173553719,1.0,True,False
foldbench,7fti-assembly1__protein-a__ligand-c__ccd-ymi,100.0,1.0,True,False
foldbench,7ftp-assembly1__protein-a__ligand-c__ccd-yq8,100.0,1.0,True,False
foldbench,7fu2-assembly1__protein-a__ligand-c__ccd-ym9,100.0,1.0,True,False
foldbench,7fu4-assembly1__protein-a__ligand-c__ccd-ymo,100.0,1.0,True,False
foldbench,7fub-assembly1__protein-a__ligand-c__ccd-yq3,100.0,1.0,True,False
foldbench,7fug-assembly1__protein-a__ligand-d__ccd-yp8,100.0,1.0,True,False
foldbench,7ful-assembly1__protein-a__ligand-c__ccd-yuo,100.0,0.671875,False,False
foldbench,7fum-assembly1__protein-a__ligand-c__ccd-yu6,100.0,1.0,True,False
foldbench,7fuo-assembly1__protein-a__ligand-c__ccd-yub,100.0,1.0,True,False
foldbench,7fuq-assembly1__protein-a__ligand-c__ccd-yuf,100.0,1.0,True,False
foldbench,7fvu-assembly1__protein-a__ligand-d__ccd-gfs,100.0,1.0,True,False
foldbench,7fvw-assembly1__protein-a__ligand-b__ccd-iqh,100.0,1.0,True,False
foldbench,7fvy-assembly1__protein-a__ligand-b__ccd-iwi,100.0,1.0,True,False
foldbench,7fw1-assembly1__protein-a__ligand-d__ccd-k7c,100.0,1.0,True,False
foldbench,7fw3-assembly1__protein-a__ligand-b__ccd-kl3,100.0,1.0,True,False
foldbench,7fwb-assembly1__protein-a__ligand-b__ccd-lm9,100.0,1.0,True,False
foldbench,7fwe-assembly1__protein-a__ligand-b__ccd-mf9,100.0,1.0,True,False
foldbench,7fwf-assembly1__protein-a__ligand-d__ccd-mqf,100.0,1.0,True,False
foldbench,7fwl-assembly1__protein-a__ligand-b__ccd-o6q,100.0,1.0,True,False
foldbench,7fwm-assembly1__protein-a__ligand-b__ccd-o9u,100.0,1.0,True,False
foldbench,7fwo-assembly1__protein-a__ligand-b__ccd-om6,100.0,1.0,True,False
foldbench,7fwp-assembly1__protein-a__ligand-b__ccd-ot9,100.0,1.0,True,False
foldbench,7fwr-assembly1__protein-a__ligand-b__ccd-p6x,100.0,1.0,True,False
foldbench,7fwu-assembly1__protein-a__ligand-b__ccd-q0o,100.0,1.0,True,False
foldbench,7fwy-assembly1__protein-a__ligand-b__ccd-qbx,100.0,1.0,True,False
foldbench,7fwz-assembly1__protein-a__ligand-d__ccd-qd3,100.0,1.0,True,False
foldbench,7fx6-assembly1__protein-a__ligand-b__ccd-qjx,100.0,1.0,True,False
foldbench,7fxb-assembly1__protein-a__ligand-d__ccd-qzi,100.0,1.0,True,False
foldbench,7fxf-assembly1__protein-a__ligand-b__ccd-r9o,100.0,1.0,True,False
foldbench,7fxh-assembly1__protein-a__ligand-b__ccd-ri4,100.0,1.0,True,False
foldbench,7fxk-assembly1__protein-a__ligand-d__ccd-s8x,100.0,1.0,True,False
foldbench,7fxn-assembly1__protein-a__ligand-b__ccd-sux,100.0,1.0,True,False
foldbench,7fxq-assembly1__protein-a__ligand-b__ccd-tk6,100.0,1.0,True,False
foldbench,7fxr-assembly1__protein-a__ligand-b__ccd-tqo,100.0,1.0,True,False
foldbench,7fxw-assembly1__protein-a__ligand-b__ccd-ub8,100.0,1.0,True,False
foldbench,7fy5-assembly1__protein-a__ligand-b__ccd-v4r,100.0,1.0,True,False
foldbench,7fyc-assembly1__protein-a__ligand-d__ccd-vj3,100.0,1.0,True,False
foldbench,7fyf-assembly1__protein-a__ligand-b__ccd-vs5,100.0,1.0,True,False
foldbench,7fyg-assembly1__protein-a__ligand-b__ccd-vvl,100.0,1.0,True,False
foldbench,7fyk-assembly1__protein-a__ligand-b__ccd-w8c,100.0,1.0,True,False
foldbench,7fyo-assembly1__protein-a__ligand-b__ccd-w90,100.0,1.0,True,False
foldbench,7fyr-assembly1__protein-a__ligand-b__ccd-w9f,100.0,1.0,True,False
foldbench,7fyv-assembly1__protein-a__ligand-b__ccd-w9q,100.0,1.0,True,False
foldbench,7fz0-assembly1__protein-a__ligand-e__ccd-wbr,100.0,1.0,True,False
foldbench,7fz1-assembly1__protein-a__ligand-b__ccd-wde,100.0,1.0,True,False
foldbench,7fz3-assembly1__protein-a__ligand-b__ccd-wdo,100.0,1.0,True,False
foldbench,7fz8-assembly1__protein-a__ligand-b__ccd-wei,100.0,1.0,True,False
foldbench,7fzi-assembly1__protein-a__ligand-c__ccd-wg3,100.0,1.0,True,False
foldbench,7fzj-assembly1__protein-a__ligand-b__ccd-wgl,100.0,1.0,True,False
foldbench,7fzl-assembly1__protein-a__ligand-b__ccd-wgq,100.0,1.0,True,False
foldbench,7fzn-assembly1__protein-a__ligand-b__ccd-whb,100.0,1.0,True,False
foldbench,7fzo-assembly1__protein-a__ligand-b__ccd-wh3,100.0,1.0,True,False
foldbench,7g00-assembly1__protein-a__ligand-q__ccd-wii,100.0,1.0,True,False
foldbench,7g02-assembly1__protein-a__ligand-b__ccd-wil,100.0,1.0,True,False
foldbench,7g0h-assembly1__protein-a__ligand-b__ccd-w8t,100.0,1.0,True,False
foldbench,7g0i-assembly1__protein-a__ligand-e__ccd-txo,100.0,1.0,True,False
foldbench,7g0j-assembly1__protein-a__ligand-d__ccd-wki,100.0,1.0,True,False
foldbench,7g0k-assembly1__protein-a__ligand-d__ccd-uof,100.0,1.0,True,False
foldbench,7g0v-assembly1__protein-a__ligand-b__ccd-wlr,100.0,1.0,True,False
foldbench,7g10-assembly1__protein-a__ligand-d__ccd-wmf,100.0,1.0,True,False
foldbench,7g13-assembly1__protein-a__ligand-b__ccd-wjh,100.0,1.0,True,False
foldbench,7g14-assembly1__protein-a__ligand-c__ccd-q1i,100.0,1.0,True,False
foldbench,7g1g-assembly1__protein-a__ligand-b__ccd-wo0,100.0,1.0,True,False
foldbench,7g1o-assembly1__protein-a__ligand-b__ccd-wp8,100.0,1.0,True,False
foldbench,7g1s-assembly1__protein-a__ligand-d__ccd-wpu,100.0,1.0,True,False
foldbench,7g1u-assembly1__protein-a__ligand-e__ccd-wq3,100.0,1.0,True,False
foldbench,7g1v-assembly1__protein-a__ligand-d__ccd-wq8,100.0,1.0,True,False
foldbench,7gh3-assembly1__protein-a__ligand-e__ccd-q1c,100.0,1.0,True,False
foldbench,7gi0-assembly1__protein-b__ligand-q__ccd-oql,100.0,1.0,True,False
foldbench,7gnb-assembly1__protein-a__ligand-h__ccd-rw0,100.0,1.0,True,False
foldbench,7gnc-assembly1__protein-a__ligand-j__ccd-rw9,100.0,1.0,True,False
foldbench,7gnr-assembly1__protein-b__ligand-s__ccd-rzu,100.0,1.0,True,False
foldbench,7oyp-assembly1__protein-a__ligand-c__ccd-3i4,100.0,1.0,True,False
foldbench,7prw-assembly1__protein-a__ligand-i__ccd-82h,100.0,1.0,True,False
foldbench,7qrb-assembly1__protein-a__ligand-g__ccd-ex9,100.0,1.0,False,False
foldbench,7qzx-assembly1__protein-a__ligand-c__ccd-hil,100.0,1.0,True,False
foldbench,7r3z-assembly1__protein-a__ligand-e__ccd-i1q,25.0,1.0,True,False
foldbench,7r59-assembly1__protein-a__ligand-c__ccd-i5f,23.631123919308358,0.6666666666666666,False,False
foldbench,7sza-assembly1__protein-a__ligand-e__ccd-dui,100.0,1.0,False,False
foldbench,7szb-assembly1__protein-a__ligand-e__ccd-dq4,100.0,1.0,True,False
foldbench,7t1d-assembly1__protein-b__ligand-s__ccd-e7k,100.0,0.27906976744186046,False,False
foldbench,7th4-assembly1__protein-b__ligand-h__ccd-ffo,38.144329896907216,1.0,False,False
foldbench,7tuo-assembly1__protein-a__ligand-c__ccd-kl9,99.6875,0.3595505617977528,False,False
foldbench,7typ-assembly1__protein-a__ligand-d__ccd-kur,100.0,0.4367816091954023,False,False
foldbench,7u9i-assembly1__protein-a__ligand-c__ccd-44t,100.0,1.0,True,False
foldbench,7uad-assembly1__protein-a__ligand-b__ccd-m5r,100.0,1.0,True,False
foldbench,7udq-assembly1__protein-a__ligand-c__ccd-mvs,100.0,1.0,True,False
foldbench,7uet-assembly1__protein-a__ligand-b__ccd-mxw,18.181818181818183,0.36538461538461536,False,True
foldbench,7ur9-assembly1__protein-b__ligand-d__ccd-o5f,100.0,1.0,True,False
foldbench,7uy4-assembly1__protein-a__ligand-d__ccd-smi,41.86046511627907,1.0,True,False
foldbench,7uya-assembly1__protein-a__ligand-d__ccd-okc,100.0,1.0,True,False
foldbench,7uyb-assembly1__protein-a__ligand-d__ccd-ok0,100.0,0.6984126984126984,False,False
foldbench,7uyc-assembly1__protein-a__ligand-e__ccd-ojr,100.0,1.0,True,False
foldbench,7v2t-assembly1__protein-a__ligand-g__ccd-5uq,100.0,1.0,True,False
foldbench,7v36-assembly1__protein-a__ligand-b__ccd-5p0,100.0,1.0,True,False
foldbench,7v36-assembly1__protein-a__ligand-c__ccd-akg,100.0,1.0,True,False
foldbench,7vf6-assembly1__protein-a__ligand-e__ccd-gdp,32.240437158469945,1.0,True,False
foldbench,7vrk-assembly1__protein-b__ligand-g__ccd-tep,100.0,1.0,True,False
foldbench,7vro-assembly1__protein-b__ligand-h__ccd-37t,100.0,1.0,True,False
foldbench,7vsf-assembly1__protein-a__ligand-d__ccd-7um,100.0,1.0,True,False
foldbench,7wvs-assembly1__protein-a__ligand-c__ccd-sam,100.0,1.0,True,False
foldbench,7x3p-assembly1__protein-a__ligand-b__ccd-8vg,100.0,1.0,True,False
foldbench,7x4q-assembly1__protein-a__ligand-c__ccd-utp,100.0,1.0,True,False
foldbench,7x4t-assembly1__protein-b__ligand-j__ccd-2kh,100.0,1.0,False,False
foldbench,7x6t-assembly1__protein-a__ligand-b__ccd-97f,100.0,0.34177215189873417,False,False
foldbench,7xek-assembly1__protein-a-2__ligand-b-2__ccd-9yx,100.0,0.5192307692307693,False,False
foldbench,7xjv-assembly1__protein-a__ligand-f__ccd-gdd,13.609467455621301,1.0,True,False
foldbench,7yf2-assembly1__protein-b-2__ligand-f-2__ccd-sah,100.0,1.0,True,False
foldbench,7yha-assembly1__protein-a__ligand-h__ccd-itk,100.0,1.0,True,False
foldbench,7yl1-assembly1__protein-a__ligand-b__ccd-j6f,100.0,0.40816326530612246,False,False
foldbench,7yl2-assembly1__protein-a__ligand-b__ccd-jco,100.0,1.0,True,False
foldbench,7z2o-assembly1__protein-a__ligand-c__ccd-iaj,100.0,0.5,False,False
foldbench,7z63-assembly1__protein-c__ligand-j__ccd-ie3,100.0,1.0,True,False
foldbench,7zcc-assembly1__protein-b__ligand-o__ccd-oga,19.631901840490798,0.5238095238095238,False,False
foldbench,7zdy-assembly1__protein-a__ligand-e__ccd-6mj,100.0,1.0,True,False
foldbench,7zgc-assembly1__protein-a__ligand-b__ccd-iuo,100.0,1.0,True,False
foldbench,7zi3-assembly1__protein-a-2__ligand-b-2__ccd-j98,100.0,1.0,True,False
foldbench,7zi6-assembly1__protein-a__ligand-c__ccd-jaq,100.0,1.0,True,False
foldbench,7zi8-assembly1__protein-a__ligand-c__ccd-j5u,100.0,1.0,True,False
foldbench,7zi9-assembly1__protein-a__ligand-c__ccd-j6m,100.0,1.0,True,False
foldbench,7zia-assembly1__protein-a-2__ligand-c-2__ccd-j29,100.0,1.0,True,False
foldbench,7zib-assembly1__protein-a-2__ligand-c-2__ccd-j7i,100.0,1.0,True,False
foldbench,7zl5-assembly1__protein-a__ligand-e__ccd-iwe,100.0,0.37681159420289856,False,False
foldbench,7zlo-assembly1__protein-a__ligand-d__ccd-ji0,100.0,1.0,True,False
foldbench,7zls-assembly1__protein-a__ligand-n__ccd-jh9,100.0,1.0,True,False
foldbench,7zon-assembly1__protein-a__ligand-e__ccd-bgc,100.0,1.0,True,False
foldbench,7zqr-assembly1__protein-a__ligand-f__ccd-jk9,100.0,1.0,True,False
foldbench,7zsm-assembly1__protein-a-2__ligand-b-2__ccd-ju9,100.0,1.0,True,False
foldbench,7zso-assembly1__protein-a__ligand-d__ccd-jtc,100.0,1.0,True,False
foldbench,7zsq-assembly1__protein-b__ligand-g__ccd-jto,100.0,1.0,True,False
foldbench,7zw8-assembly1__protein-a__ligand-b__ccd-k3r,100.0,1.0,True,False
foldbench,8a0t-assembly1__protein-a__ligand-c__ccd-klo,100.0,1.0,True,False
foldbench,8a34-assembly1__protein-a__ligand-c__ccd-kyi,100.0,1.0,True,False
foldbench,8a3a-assembly1__protein-a__ligand-b__ccd-kyr,100.0,1.0,True,False
foldbench,8abo-assembly1__protein-a__ligand-b__ccd-231,100.0,1.0,True,False
foldbench,8aeb-assembly1__protein-a-2__ligand-c-2__ccd-35j,100.0,0.5294117647058824,False,False
foldbench,8aem-assembly1__protein-a__ligand-h__ccd-lvf,100.0,0.6666666666666666,False,False
foldbench,8aga-assembly1__protein-a__ligand-c__ccd-phb,29.770992366412212,0.75,False,False
foldbench,8agp-assembly1__protein-a__ligand-d__ccd-m1u,100.0,1.0,True,False
foldbench,8agq-assembly1__protein-a-2__ligand-c-2__ccd-m5o,100.0,1.0,True,False
foldbench,8ai3-assembly1__protein-a__ligand-e__ccd-sam,100.0,1.0,True,False
foldbench,8ajx-assembly1__protein-a__ligand-c__ccd-fum,100.0,1.0,True,False
foldbench,8ak6-assembly1__protein-a__ligand-e__ccd-08d,100.0,1.0,True,False
foldbench,8atl-assembly1__protein-a__ligand-c__ccd-o6x,100.0,1.0,True,False
foldbench,8atn-assembly1__protein-a__ligand-c__ccd-o06,100.0,1.0,True,False
foldbench,8au8-assembly1__protein-b__ligand-l__ccd-o8i,100.0,1.0,True,False
foldbench,8auh-assembly1__protein-a__ligand-d__ccd-l9i,99.45205479452055,1.0,True,False
foldbench,8aui-assembly1__protein-a__ligand-d__ccd-o8r,99.72222222222223,1.0,True,False
foldbench,8auz-assembly1__protein-a__ligand-d__ccd-o9c,100.0,1.0,True,False
foldbench,8av1-assembly1__protein-b__ligand-m__ccd-o9l,100.0,1.0,True,False
foldbench,8avq-assembly1__protein-a__ligand-h__ccd-udx,100.0,1.0,True,False
foldbench,8ax3-assembly1__protein-b__ligand-ya__ccd-od0,100.0,1.0,True,False
foldbench,8ay0-assembly1__protein-a__ligand-d__ccd-mhi,100.0,1.0,True,False
foldbench,8azc-assembly1__protein-a__ligand-c__ccd-mpo,100.0,0.6551724137931034,False,False
foldbench,8b4w-assembly1__protein-a__ligand-b__ccd-f05,100.0,1.0,True,False
foldbench,8b8u-assembly1__protein-a__ligand-d__ccd-t7i,100.0,1.0,True,False
foldbench,8b96-assembly1__protein-a__ligand-b__ccd-q2f,100.0,0.36585365853658536,False,False
foldbench,8b9e-assembly1__protein-a__ligand-d__ccd-q7f,100.0,1.0,True,False
foldbench,8ba3-assembly1__protein-a__ligand-b__ccd-q8u,100.0,1.0,True,False
foldbench,8bc8-assembly1__protein-a__ligand-c__ccd-qb6,100.0,1.0,True,False
foldbench,8bca-assembly1__protein-a__ligand-c__ccd-q96,100.0,1.0,True,False
foldbench,8bcc-assembly1__protein-a__ligand-c__ccd-qau,100.0,1.0,True,False
foldbench,8bce-assembly1__protein-a__ligand-c__ccd-b09,100.0,1.0,True,False
foldbench,8bdj-assembly1__protein-c__ligand-m__ccd-qe0,100.0,1.0,True,False
foldbench,8bdn-assembly1__protein-c__ligand-m__ccd-qfr,100.0,1.0,True,False
foldbench,8bic-assembly1__protein-a__ligand-c__ccd-sah,60.062893081761004,1.0,True,False
foldbench,8biq-assembly1__protein-a__ligand-e__ccd-amp,100.0,1.0,True,False
foldbench,8bit-assembly1__protein-a__ligand-c__ccd-6r9,100.0,1.0,False,False
foldbench,8bje-assembly1__protein-a__ligand-d__ccd-wrl,33.83458646616541,0.6714285714285714,False,False
foldbench,8bjl-assembly1__protein-a__ligand-c__ccd-qxo,100.0,1.0,True,False
foldbench,8bm2-assembly1__protein-a__ligand-c__ccd-qqc,100.0,1.0,True,False
foldbench,8bmv-assembly1__protein-a__ligand-c__ccd-urc,27.346938775510203,1.0,True,False
foldbench,8bn5-assembly1__protein-a__ligand-f__ccd-abu,62.264150943396224,1.0,True,False
foldbench,8bo1-assembly1__protein-b__ligand-i__ccd-3at,100.0,1.0,False,False
foldbench,8bo3-assembly1__protein-a__ligand-b__ccd-qv3,100.0,1.0,True,False
foldbench,8bo7-assembly1__protein-a__ligand-b__ccd-qw6,100.0,1.0,True,False
foldbench,8bpv-assembly1__protein-a__ligand-b__ccd-6t3,100.0,1.0,True,False
foldbench,8br6-assembly1__protein-a__ligand-c__ccd-r6i,100.0,1.0,True,False
foldbench,8bro-assembly1__protein-a-3__ligand-b-2__ccd-r7e,100.0,0.5263157894736842,False,False
foldbench,8bsa-assembly1__protein-a__ligand-c__ccd-dar,100.0,1.0,True,False
foldbench,8bx9-assembly1__protein-a__ligand-c__ccd-s59,100.0,1.0,True,False
foldbench,8bzx-assembly1__protein-b__ligand-e__ccd-sw6,100.0,1.0,True,False
foldbench,8c0q-assembly1__protein-a__ligand-c__ccd-swu,100.0,1.0,True,False
foldbench,8c14-assembly1__protein-a__ligand-y__ccd-t0l,100.0,1.0,True,False
foldbench,8c1e-assembly1__protein-a__ligand-b__ccd-t0x,100.0,1.0,True,False
foldbench,8c1f-assembly1__protein-a__ligand-r__ccd-t2o,100.0,1.0,True,False
foldbench,8c1g-assembly1__protein-a__ligand-b__ccd-t3i,100.0,1.0,True,False
foldbench,8c1k-assembly1__protein-a__ligand-f__ccd-t5l,100.0,1.0,True,False
foldbench,8c3g-assembly1__protein-a__ligand-e__ccd-qs0,100.0,1.0,True,False
foldbench,8c3r-assembly1__protein-a__ligand-c__ccd-r7o,100.0,1.0,True,False
foldbench,8c3u-assembly1__protein-a__ligand-c__ccd-t9c,100.0,1.0,True,False
foldbench,8c72-assembly1__protein-a__ligand-d__ccd-tw0,100.0,1.0,True,False
foldbench,8cbt-assembly1__protein-b__ligand-e__ccd-w2q,100.0,1.0,True,False
foldbench,8cbu-assembly1__protein-d__ligand-m__ccd-u60,100.0,1.0,True,False
foldbench,8cc4-assembly1__protein-a__ligand-d__ccd-u7f,18.120805369127517,0.5490196078431373,False,False
foldbench,8cdq-assembly1__protein-a__ligand-n__ccd-kq0,100.0,1.0,True,False
foldbench,8cdw-assembly1__protein-a__ligand-c__ccd-ues,100.0,0.4084507042253521,False,False
foldbench,8cex-assembly1__protein-a__ligand-d__ccd-ug0,100.0,1.0,True,False
foldbench,8cey-assembly1__protein-a__ligand-d__ccd-uef,100.0,1.0,True,False
foldbench,8cgc-assembly1__protein-a__ligand-b__ccd-lmr,100.0,0.6,False,False
foldbench,8cgc-assembly1__protein-a__ligand-d__ccd-uik,100.0,1.0,True,False
foldbench,8chi-assembly1__protein-a__ligand-c__ccd-umr,100.0,1.0,True,False
foldbench,8chj-assembly1__protein-a__ligand-e__ccd-uqi,100.0,1.0,True,False
foldbench,8chl-assembly1__protein-a__ligand-c__ccd-usv,100.0,1.0,True,False
foldbench,8chm-assembly1__protein-a__ligand-b__ccd-ut6,100.0,1.0,True,False
foldbench,8cjk-assembly1__protein-a__ligand-c__ccd-uvu,100.0,1.0,True,False
foldbench,8ckq-assembly1__protein-a__ligand-c__ccd-uzx,100.0,1.0,True,False
foldbench,8clw-assembly1__protein-a__ligand-c__ccd-uz3,100.0,1.0,True,False
foldbench,8cm2-assembly1__protein-a__ligand-b__ccd-v1x,100.0,1.0,True,False
foldbench,8cn2-assembly1__protein-a__ligand-g__ccd-v60,100.0,1.0,True,False
foldbench,8cnh-assembly1__protein-a__ligand-b__ccd-v6u,100.0,0.55,False,False
foldbench,8cno-assembly1__protein-a__ligand-e__ccd-stl,100.0,1.0,True,False
foldbench,8co3-assembly1__protein-a__ligand-f__ccd-v8o,100.0,1.0,True,False
foldbench,8co7-assembly1__protein-a__ligand-b__ccd-v9e,100.0,0.6111111111111112,False,False
foldbench,8cqi-assembly1__protein-a__ligand-g__ccd-vgo,100.0,1.0,True,False
foldbench,8d3i-assembly1__protein-b__ligand-h__ccd-1lm,100.0,1.0,True,False
foldbench,8dbb-assembly1__protein-c__ligand-g__ccd-r3k,100.0,1.0,True,False
foldbench,8di4-assembly1__protein-a__ligand-e__ccd-s9i,100.0,1.0,True,False
foldbench,8dje-assembly1__protein-a__ligand-c__ccd-u6s,100.0,1.0,True,False
foldbench,8dmr-assembly1__protein-a__ligand-b__ccd-ar6,96.7828418230563,1.0,False,False
foldbench,8dmt-assembly1__protein-a__ligand-e__ccd-ar6,100.0,1.0,False,False
foldbench,8dtd-assembly1__protein-b__ligand-e__ccd-ppf,100.0,0.4117647058823529,False,False
foldbench,8dvw-assembly1__protein-a__ligand-b__ccd-ud2,99.72972972972973,1.0,True,False
foldbench,8e4z-assembly1__protein-a__ligand-c__ccd-ukf,100.0,1.0,True,False
foldbench,8e5n-assembly1__protein-b__ligand-l__ccd-ul0,100.0,1.0,True,False
foldbench,8e7r-assembly1__protein-a__ligand-j__ccd-pae,100.0,1.0,True,False
foldbench,8ea8-assembly1__protein-a__ligand-f__ccd-vml,100.0,1.0,True,False
foldbench,8egq-assembly1__protein-a__ligand-c__ccd-wjk,100.0,1.0,True,False
foldbench,8ehp-assembly1__protein-a__ligand-c__ccd-wjo,100.0,1.0,True,False
foldbench,8erd-assembly1__protein-a__ligand-b__ccd-wq6,100.0,1.0,True,False
foldbench,8ern-assembly1__protein-a__ligand-c__ccd-wqk,100.0,1.0,True,False
foldbench,8eud-assembly1__protein-a__ligand-c__ccd-wur,100.0,1.0,True,False
foldbench,8eut-assembly1__protein-a__ligand-c__ccd-wv5,100.0,1.0,True,False
foldbench,8ex2-assembly1__protein-a__ligand-b__ccd-q2q,99.63369963369964,0.4166666666666667,False,False
foldbench,8eyl-assembly1__protein-a__ligand-d__ccd-x5f,100.0,1.0,True,False
foldbench,8eym-assembly1__protein-b__ligand-e__ccd-16g,100.0,1.0,True,False
foldbench,8eym-assembly1__protein-b__ligand-f__ccd-agp,100.0,1.0,True,False
foldbench,8ezv-assembly1__protein-a-2__ligand-b-2__ccd-x6o,100.0,0.6666666666666666,False,False
foldbench,8f7u-assembly1__protein-a__ligand-c__ccd-ggi,100.0,1.0,True,False
foldbench,8f7v-assembly1__protein-a__ligand-c__ccd-eua,100.0,1.0,True,False
foldbench,8f8e-assembly1__protein-a__ligand-c__ccd-xji,100.0,0.7142857142857143,False,False
foldbench,8f8k-assembly1__protein-a-2__ligand-f-2__ccd-ipe,28.611898016997166,1.0,True,False
foldbench,8fau-assembly1__protein-a__ligand-b__ccd-y3e,100.0,1.0,True,False
foldbench,8fbm-assembly1__protein-a__ligand-d__ccd-xof,100.0,1.0,True,False
foldbench,8fbq-assembly1__protein-a__ligand-c__ccd-xoq,100.0,1.0,True,False
foldbench,8fbu-assembly1__protein-a__ligand-d__ccd-xol,100.0,1.0,True,False
foldbench,8fe5-assembly1__protein-a__ligand-e__ccd-xtt,100.0,1.0,True,False
foldbench,8ff8-assembly1__protein-a__ligand-c__ccd-xv0,100.0,1.0,True,False
foldbench,8fgq-assembly1__protein-b__ligand-p__ccd-v80,100.0,1.0,True,False
foldbench,8fln-assembly1__protein-a__ligand-b__ccd-y7w,99.61977186311788,0.3764705882352941,False,False
foldbench,8flv-assembly1__protein-a__ligand-b__ccd-zb9,100.0,0.9508196721311475,False,False
foldbench,8fmg-assembly1__protein-c__ligand-v__ccd-y4f,100.0,1.0,False,False
foldbench,8fmh-assembly1__protein-a__ligand-i__ccd-4ur,100.0,1.0,False,False
foldbench,8fny-assembly1__protein-a__ligand-f__ccd-adp,100.0,1.0,True,False
foldbench,8fo5-assembly1__protein-a__ligand-e__ccd-y4u,100.0,0.35294117647058826,False,False
foldbench,8fux-assembly1__protein-a__ligand-f__ccd-pxv,100.0,1.0,True,False
foldbench,8fv2-assembly1__protein-a__ligand-f__ccd-jhl,100.0,1.0,False,False
foldbench,8fx3-assembly1__protein-a__ligand-c__ccd-imu,100.0,1.0,True,False
foldbench,8g35-assembly1__protein-a__ligand-c__ccd-yje,32.82442748091603,0.5483870967741935,False,False
foldbench,8g3w-assembly1__protein-a__ligand-g__ccd-ykx,100.0,0.532258064516129,False,False
foldbench,8g4a-assembly1__protein-b__ligand-c__ccd-yl8,100.0,1.0,True,False
foldbench,8g6p-assembly1__protein-a__ligand-j__ccd-api,66.86390532544378,1.0,True,False
foldbench,8g7f-assembly1__protein-b__ligand-h__ccd-1jj,100.0,1.0,True,False
foldbench,8g7g-assembly1__protein-b__ligand-g__ccd-ys8,100.0,1.0,True,False
foldbench,8g7h-assembly1__protein-b__ligand-j__ccd-yrq,100.0,1.0,True,False
foldbench,8g9v-assembly1__protein-b__ligand-o__ccd-yyc,23.32155477031802,0.43859649122807015,False,True
foldbench,8gfc-assembly1__protein-a__ligand-b__ccd-zi2,100.0,1.0,True,False
foldbench,8gfd-assembly1__protein-a__ligand-b__ccd-zhr,100.0,0.5230769230769231,False,False
foldbench,8gfe-assembly1__protein-a__ligand-b__ccd-zh8,100.0,1.0,True,False
foldbench,8gfh-assembly1__protein-a__ligand-c__ccd-zia,100.0,1.0,True,False
foldbench,8gfl-assembly1__protein-a__ligand-b__ccd-zie,100.0,1.0,True,False
foldbench,8gkf-assembly1__protein-a__ligand-j__ccd-d16,100.0,0.5180722891566265,False,False
foldbench,8gl9-assembly1__protein-b__ligand-n__ccd-zqw,100.0,0.4,False,False
foldbench,8gm4-assembly1__protein-a__ligand-d__ccd-eki,100.0,1.0,True,False
foldbench,8gmd-assembly1__protein-a__ligand-c__ccd-zrr,100.0,1.0,True,False
foldbench,8gpz-assembly1__protein-a__ligand-e__ccd-kc3,100.0,0.36923076923076925,False,False
foldbench,8grj-assembly1__protein-b__ligand-g__ccd-lgc,100.0,1.0,True,False
foldbench,8gsj-assembly1__protein-a__ligand-f__ccd-gjz,100.0,1.0,True,False
foldbench,8h0m-assembly1__protein-a__ligand-f__ccd-2eh,20.153061224489797,1.0,True,False
foldbench,8h1q-assembly1__protein-a-2__ligand-b-2__ccd-pls,100.0,1.0,True,False
foldbench,8h1y-assembly1__protein-a-2__ligand-g-2__ccd-kpu,100.0,1.0,True,False
foldbench,8h29-assembly1__protein-a-2__ligand-b-2__ccd-2bo,100.0,1.0,True,False
foldbench,8h5a-assembly1__protein-b__ligand-w__ccd-7dv,100.0,1.0,True,False
foldbench,8h6p-assembly1__protein-a__ligand-c__ccd-wzu,100.0,1.0,True,False
foldbench,8h7m-assembly1__protein-a__ligand-c__ccd-wys,100.0,1.0,True,False
foldbench,8hay-assembly1__protein-a__ligand-e__ccd-kyl,100.0,1.0,True,False
foldbench,8hf8-assembly1__protein-a__ligand-c__ccd-loo,100.0,1.0,True,False
foldbench,8hkb-assembly1__protein-a__ligand-b__ccd-ub7,99.66887417218543,1.0,True,False
foldbench,8hut-assembly1__protein-a__ligand-c__ccd-7yy,99.66555183946488,1.0,True,False
foldbench,8hwi-assembly1__protein-b__ligand-g__ccd-c2e,25.98870056497175,1.0,True,False
foldbench,8hx9-assembly1__protein-a__ligand-c__ccd-trp,24.405705229793977,1.0,True,False
foldbench,8hy1-assembly1__protein-a__ligand-e__ccd-5zu,100.0,1.0,True,False
foldbench,8hy3-assembly1__protein-a__ligand-c__ccd-4q8,100.0,0.4444444444444444,False,False
foldbench,8hyb-assembly1__protein-a__ligand-g__ccd-5zx,100.0,1.0,True,False
foldbench,8i61-assembly1__protein-a__ligand-b__ccd-br8,100.0,1.0,True,False
foldbench,8i6a-assembly1__protein-a__ligand-b__ccd-oro,100.0,1.0,True,False
foldbench,8i71-assembly1__protein-a__ligand-l__ccd-oti,100.0,1.0,False,False
foldbench,8iau-assembly1__protein-a__ligand-i__ccd-fbp,41.71656686626746,1.0,True,False
foldbench,8ic7-assembly1__protein-a__ligand-n__ccd-bxx,100.0,1.0,True,False
foldbench,8id0-assembly1__protein-a__ligand-b__ccd-7p6,34.84455958549223,1.0,False,False
foldbench,8igx-assembly1__protein-a-2__ligand-b-2__ccd-pql,100.0,1.0,True,False
foldbench,8ihg-assembly1__protein-c__ligand-g__ccd-2af,100.0,1.0,True,False
foldbench,8ii8-assembly1__protein-a__ligand-c__ccd-pw6,13.333333333333334,0.37037037037037035,False,True
foldbench,8im3-assembly1__protein-a__ligand-h__ccd-92u,100.0,1.0,True,False
foldbench,8ime-assembly1__protein-b__ligand-e__ccd-0xe,100.0,1.0,True,False
foldbench,8ivu-assembly1__protein-b__ligand-i__ccd-sj6,100.0,1.0,True,False
foldbench,8ixq-assembly1__protein-b__ligand-e__ccd-lw8,100.0,1.0,True,False
foldbench,8iyb-assembly1__protein-a__ligand-e__ccd-fer,100.0,1.0,True,False
foldbench,8izc-assembly1__protein-a__ligand-f__ccd-s93,100.0,1.0,True,False
foldbench,8j3t-assembly1__protein-a__ligand-c__ccd-t1f,100.0,1.0,False,False
foldbench,8j5h-assembly1__protein-a__ligand-b__ccd-tv0,100.0,1.0,True,False
foldbench,8ja9-assembly1__protein-a__ligand-h__ccd-ty6,100.0,1.0,True,False
foldbench,8jab-assembly1__protein-a__ligand-b__ccd-u0x,100.0,1.0,True,False
foldbench,8jbo-assembly1__protein-a__ligand-c__ccd-ifm,23.927178153446032,1.0,True,False
foldbench,8jdg-assembly1__protein-a__ligand-c__ccd-ucu,100.0,1.0,True,False
foldbench,8jdr-assembly1__protein-a__ligand-c__ccd-uei,100.0,1.0,True,False
foldbench,8jdx-assembly1__protein-a__ligand-d__ccd-kiv,100.0,1.0,True,False
foldbench,8je4-assembly1__protein-a__ligand-d__ccd-pis,99.32203389830508,0.4,False,False
foldbench,8jfb-assembly1__protein-a__ligand-c__ccd-u86,100.0,1.0,True,False
foldbench,8jfd-assembly1__protein-a__ligand-e__ccd-u8y,100.0,1.0,True,False
foldbench,8ji7-assembly1__protein-b__ligand-i__ccd-trp,100.0,1.0,True,False
foldbench,8jik-assembly1__protein-a-2__ligand-b-2__ccd-plp,21.951219512195124,1.0,True,False
foldbench,8jjt-assembly1__protein-a__ligand-d__ccd-ud1,100.0,1.0,True,False
foldbench,8jkk-assembly1__protein-a__ligand-n__ccd-oga,12.23404255319149,0.5238095238095238,False,False
foldbench,8jnc-assembly1__protein-a__ligand-d__ccd-e5i,100.0,1.0,True,False
foldbench,8jno-assembly1__protein-a__ligand-d__ccd-e8t,100.0,1.0,True,False
foldbench,8jny-assembly1__protein-a__ligand-c__ccd-erv,22.727272727272727,0.43103448275862066,False,True
foldbench,8jq4-assembly1__protein-d__ligand-q__ccd-rm4,100.0,1.0,True,False
foldbench,8jv1-assembly1__protein-a__ligand-b__ccd-abu,31.38888888888889,1.0,True,False
foldbench,8jv2-assembly1__protein-a__ligand-b__ccd-pro,31.38888888888889,1.0,True,False
foldbench,8jv3-assembly1__protein-a__ligand-b__ccd-bet,31.38888888888889,0.45454545454545453,False,False
foldbench,8jvl-assembly1__protein-a__ligand-b__ccd-v5l,100.0,1.0,True,False
foldbench,8jwz-assembly1__protein-a__ligand-u__ccd-u30,100.0,1.0,True,False
foldbench,8jyg-assembly1__protein-a__ligand-c__ccd-v8r,100.0,1.0,True,False
foldbench,8k1x-assembly1__protein-a__ligand-e__ccd-vi4,31.794871794871796,0.47619047619047616,False,False
foldbench,8k3b-assembly1__protein-a__ligand-b__ccd-ele,99.644128113879,1.0,False,False
foldbench,8k4f-assembly1__protein-a__ligand-e__ccd-og6,100.0,1.0,True,False
foldbench,8k4f-assembly1__protein-a__ligand-n__ccd-fjw,100.0,1.0,True,False
foldbench,8k5j-assembly1__protein-a__ligand-c__ccd-avj,100.0,1.0,True,False
foldbench,8k5q-assembly1__protein-a__ligand-c__ccd-c2e,23.312883435582823,1.0,True,False
foldbench,8k7f-assembly1__protein-b__ligand-k__ccd-vmf,100.0,1.0,True,False
foldbench,8k7h-assembly1__protein-a__ligand-g__ccd-vmo,100.0,1.0,True,False
foldbench,8kbg-assembly1__protein-a__ligand-h__ccd-1sy,27.419354838709676,1.0,False,False
foldbench,8kh3-assembly1__protein-a__ligand-b__ccd-vwf,100.0,0.4594594594594595,False,False
foldbench,8khq-assembly1__protein-a__ligand-g__ccd-cys,100.0,1.0,True,False
foldbench,8kht-assembly1__protein-b__ligand-f__ccd-vy9,100.0,1.0,True,False
foldbench,8og8-assembly1__protein-a__ligand-b__ccd-vm8,100.0,1.0,True,False
foldbench,8ogc-assembly1__protein-a__ligand-g__ccd-vmz,100.0,1.0,True,False
foldbench,8ohu-assembly1__protein-a__ligand-b__ccd-sj5,100.0,1.0,True,False
foldbench,8ohv-assembly1__protein-a__ligand-b__ccd-vp5,100.0,1.0,True,False
foldbench,8ojo-assembly1__protein-a__ligand-f__ccd-yio,100.0,1.0,True,False
foldbench,8ojp-assembly1__protein-b__ligand-e__ccd-vpz,100.0,0.6111111111111112,False,False
foldbench,8ok4-assembly1__protein-a-2__ligand-c-2__ccd-glc,100.0,1.0,True,False
foldbench,8oke-assembly1__protein-a__ligand-c__ccd-vqc,100.0,1.0,True,False
foldbench,8okg-assembly1__protein-a__ligand-c__ccd-vqh,100.0,1.0,True,False
foldbench,8okj-assembly1__protein-a__ligand-c__ccd-vri,100.0,1.0,True,False
foldbench,8oko-assembly1__protein-a__ligand-c__ccd-vr3,100.0,1.0,True,False
foldbench,8okp-assembly1__protein-a__ligand-c__ccd-vqw,100.0,1.0,True,False
foldbench,8olf-assembly1__protein-a__ligand-c__ccd-vs9,100.0,1.0,True,False
foldbench,8omj-assembly1__protein-b__ligand-c__ccd-vtm,100.0,0.3372093023255814,False,False
foldbench,8onm-assembly1__protein-a__ligand-f__ccd-pmp,99.6376811594203,1.0,True,False
foldbench,8onn-assembly1__protein-a__ligand-f__ccd-ocf,99.6376811594203,1.0,True,False
foldbench,8onv-assembly1__protein-a__ligand-f__ccd-vu6,100.0,1.0,True,False
foldbench,8oo5-assembly1__protein-a__ligand-b__ccd-vuf,100.0,1.0,True,False
foldbench,8oqo-assembly1__protein-b__ligand-o__ccd-vxh,100.0,1.0,True,False
foldbench,8oqr-assembly1__protein-a__ligand-o__ccd-vwt,100.0,1.0,True,False
foldbench,8orc-assembly1__protein-b__ligand-j__ccd-vy8,100.0,1.0,True,False
foldbench,8ork-assembly1__protein-a__ligand-b__ccd-mpo,100.0,0.6551724137931034,False,False
foldbench,8oru-assembly1__protein-a__ligand-h__ccd-dg2,100.0,1.0,True,False
foldbench,8otp-assembly1__protein-a__ligand-d__ccd-vzw,100.0,1.0,True,False
foldbench,8oua-assembly1__protein-a__ligand-e__ccd-w0z,100.0,1.0,True,False
foldbench,8ous-assembly1__protein-a__ligand-b__ccd-w3i,100.0,0.2840909090909091,False,False
foldbench,8out-assembly1__protein-a__ligand-b__ccd-w3c,100.0,0.26373626373626374,False,False
foldbench,8ouv-assembly1__protein-a__ligand-c__ccd-w3r,100.0,1.0,True,False
foldbench,8ov7-assembly1__protein-a__ligand-b__ccd-w3w,100.0,1.0,True,False
foldbench,8oyq-assembly1__protein-a__ligand-c__ccd-w6t,25.58139534883721,0.4827586206896552,False,True
foldbench,8p04-assembly1__protein-a__ligand-b__ccd-wak,100.0,1.0,False,False
foldbench,8p08-assembly1__protein-a__ligand-b__ccd-waz,100.0,1.0,True,False
foldbench,8p0m-assembly1__protein-a__ligand-g__ccd-wcf,100.0,1.0,True,False
foldbench,8p3d-assembly1__protein-a__ligand-b__ccd-ws5,30.864197530864196,0.4523809523809524,False,False
foldbench,8p3n-assembly1__protein-a__ligand-c__ccd-adz,26.01156069364162,1.0,True,False
foldbench,8p3r-assembly1__protein-b__ligand-d__ccd-wut,26.285714285714285,0.40625,False,True
foldbench,8p5i-assembly1__protein-a__ligand-e__ccd-wyx,100.0,1.0,True,False
foldbench,8p7u-assembly1__protein-a__ligand-e__ccd-x3t,99.39393939393939,0.21739130434782608,False,False
foldbench,8p8k-assembly1__protein-b__ligand-d__ccd-x7c,100.0,1.0,True,False
foldbench,8p92-assembly1__protein-a__ligand-d__ccd-xb0,100.0,0.42857142857142855,False,False
foldbench,8p95-assembly1__protein-a__ligand-d__ccd-xa9,100.0,0.5076923076923077,False,False
foldbench,8p9g-assembly1__protein-a__ligand-b__ccd-x9k,100.0,0.4925373134328358,False,False
foldbench,8p9h-assembly1__protein-a__ligand-b__ccd-x9c,100.0,0.6984126984126984,False,False
foldbench,8p9k-assembly1__protein-a__ligand-c__ccd-x9u,100.0,0.8070175438596491,False,False
foldbench,8p9p-assembly1__protein-a__ligand-d__ccd-xb4,100.0,0.4782608695652174,False,False
foldbench,8p9q-assembly1__protein-a__ligand-d__ccd-xc6,100.0,0.5352112676056338,False,False
foldbench,8p9s-assembly1__protein-a__ligand-d__ccd-xcb,100.0,0.7058823529411765,False,False
foldbench,8p9t-assembly1__protein-a__ligand-d__ccd-xcq,100.0,0.7272727272727273,False,False
foldbench,8pa5-assembly1__protein-a__ligand-d__ccd-xmz,100.0,0.4925373134328358,False,False
foldbench,8pb2-assembly1__protein-a__ligand-d__ccd-xq5,100.0,0.5121951219512195,False,False
foldbench,8pb4-assembly1__protein-a__ligand-c__ccd-xp6,100.0,1.0,True,False
foldbench,8pd6-assembly1__protein-a__ligand-b__ccd-ycb,49.171270718232044,0.4430379746835443,False,False
foldbench,8pfi-assembly1__protein-b__ligand-p__ccd-yhg,100.0,1.0,False,False
foldbench,8pg6-assembly1__protein-a__ligand-d__ccd-ysx,100.0,0.5316455696202531,False,False
foldbench,8pg9-assembly1__protein-a__ligand-d__ccd-yv8,100.0,0.5121951219512195,False,False
foldbench,8pgc-assembly1__protein-a__ligand-d__ccd-ysb,100.0,0.49411764705882355,False,False
foldbench,8pge-assembly1__protein-a__ligand-d__ccd-yu8,100.0,0.5121951219512195,False,False
foldbench,8pgg-assembly1__protein-a__ligand-d__ccd-yu3,100.0,0.6086956521739131,False,False
foldbench,8pgj-assembly1__protein-a__ligand-d__ccd-ymb,100.0,0.5,False,False
foldbench,8pgk-assembly1__protein-a__ligand-d__ccd-yvh,100.0,0.5060240963855421,False,False
foldbench,8pgl-assembly1__protein-a__ligand-d__ccd-yk5,100.0,0.49411764705882355,False,False
foldbench,8pgm-assembly1__protein-a__ligand-d__ccd-yu0,100.0,0.6507936507936508,False,False
foldbench,8pgr-assembly1__protein-a__ligand-e__ccd-yjz,100.0,0.3595505617977528,False,False
foldbench,8pgt-assembly1__protein-a__ligand-d__ccd-ykz,100.0,0.38372093023255816,False,False
foldbench,8pgx-assembly1__protein-a__ligand-d__ccd-yko,100.0,0.3522727272727273,False,False
foldbench,8pgz-assembly1__protein-a__ligand-d__ccd-yqw,100.0,0.367816091954023,False,False
foldbench,8ph1-assembly1__protein-a__ligand-d__ccd-ymf,100.0,0.5,False,False
foldbench,8ph3-assembly1__protein-a__ligand-d__ccd-yqr,100.0,0.39759036144578314,False,False
foldbench,8ppf-assembly1__protein-a__ligand-d__ccd-6ii,98.88888888888889,1.0,True,False
foldbench,8ppi-assembly1__protein-a__ligand-c__ccd-69i,100.0,1.0,True,False
foldbench,8pqg-assembly1__protein-a__ligand-c__ccd-9ji,100.0,1.0,True,False
foldbench,8pyi-assembly1__protein-a__ligand-i__ccd-ier,100.0,1.0,False,False
foldbench,8pyk-assembly1__protein-a__ligand-b__ccd-ic2,100.0,1.0,True,False
foldbench,8pym-assembly1__protein-a__ligand-b__ccd-ied,100.0,1.0,True,False
foldbench,8q0t-assembly1__protein-a__ligand-c__ccd-ijj,100.0,1.0,True,False
foldbench,8q1a-assembly1__protein-c-2__ligand-l-2__ccd-io6,100.0,1.0,True,False
foldbench,8q34-assembly1__protein-a__ligand-f__ccd-ix4,100.0,1.0,True,False
foldbench,8q3u-assembly1__protein-a__ligand-c__ccd-j8i,100.0,0.78,False,False
foldbench,8q8i-assembly1__protein-a__ligand-j__ccd-o5r,99.6415770609319,0.9545454545454546,False,False
foldbench,8qa8-assembly1__protein-a__ligand-l__ccd-ctp,100.0,1.0,True,False
foldbench,8qbc-assembly1__protein-a__ligand-e__ccd-gee,100.0,1.0,True,False
foldbench,8qch-assembly1__protein-a__ligand-i__ccd-eif,39.53488372093023,0.8571428571428571,False,False
foldbench,8qdy-assembly1__protein-a-2__ligand-b__ccd-u74,100.0,1.0,True,False
foldbench,8qe0-assembly1__protein-a-2__ligand-b__ccd-u8r,100.0,1.0,True,False
foldbench,8qe1-assembly1__protein-a__ligand-b-2__ccd-u8e,100.0,1.0,True,False
foldbench,8qe2-assembly1__protein-a__ligand-b__ccd-u7x,100.0,1.0,True,False
foldbench,8qe3-assembly1__protein-a-2__ligand-b-2__ccd-u96,100.0,1.0,True,False
foldbench,8qez-assembly1__protein-a__ligand-m__ccd-uf5,100.0,1.0,True,False
foldbench,8qf9-assembly1__protein-a__ligand-d__ccd-uho,100.0,0.4838709677419355,False,False
foldbench,8qhg-assembly1__protein-a__ligand-b__ccd-v8i,98.09885931558935,0.5365853658536586,False,False
foldbench,8qhq-assembly1__protein-b__ligand-i__ccd-5hu,100.0,1.0,True,False
foldbench,8qjm-assembly1__protein-a__ligand-c__ccd-c5p,32.25806451612903,1.0,True,False
foldbench,8qk2-assembly1__protein-a-2__ligand-d-2__ccd-vtf,100.0,1.0,True,False
foldbench,8qk9-assembly1__protein-a__ligand-d__ccd-vq9,83.47826086956522,0.5844155844155844,False,False
foldbench,8qka-assembly1__protein-a-2__ligand-d-2__ccd-vtk,100.0,0.6119402985074627,False,False
foldbench,8qqa-assembly1__protein-a__ligand-e__ccd-b1t,100.0,1.0,True,False
foldbench,8qrt-assembly1__protein-a__ligand-e__ccd-wp2,100.0,1.0,True,False
foldbench,8qtg-assembly1__protein-a__ligand-b__ccd-wuq,13.541666666666666,0.2903225806451613,False,True
foldbench,8qtj-assembly1__protein-a__ligand-e__ccd-wui,13.541666666666666,0.2828282828282828,False,True
foldbench,8qtk-assembly1__protein-a__ligand-e__ccd-wx9,13.541666666666666,0.2828282828282828,False,True
foldbench,8qyr-assembly1__protein-a__ligand-b__ccd-xb2,99.8589562764457,1.0,True,False
foldbench,8r0i-assembly1__protein-a__ligand-d__ccd-xg7,100.0,1.0,True,False
foldbench,8r11-assembly1__protein-b__ligand-h__ccd-xi0,100.0,1.0,True,False
foldbench,8r1n-assembly1__protein-a__ligand-c__ccd-xit,100.0,1.0,True,False
foldbench,8r1p-assembly1__protein-a__ligand-c__ccd-xip,100.0,0.7391304347826086,False,False
foldbench,8r1t-assembly1__protein-a__ligand-d__ccd-xij,100.0,1.0,True,False
foldbench,8r4o-assembly1__protein-a__ligand-m__ccd-xvi,100.0,1.0,True,False
foldbench,8r5b-assembly1__protein-a__ligand-c__ccd-y32,100.0,1.0,True,False
foldbench,8r5t-assembly1__protein-a__ligand-c__ccd-y4e,100.0,1.0,True,False
foldbench,8r5v-assembly1__protein-a__ligand-d__ccd-tf4,100.0,1.0,True,False
foldbench,8r6j-assembly1__protein-a__ligand-c__ccd-y7f,59.45945945945946,0.6,False,False
foldbench,8r6k-assembly1__protein-a__ligand-e__ccd-y78,58.92857142857143,0.3620689655172414,False,False
foldbench,8rak-assembly1__protein-a__ligand-d__ccd-ymh,100.0,0.8813559322033898,False,False
foldbench,8rcw-assembly1__protein-a__ligand-c__ccd-yqf,100.0,1.0,True,False
foldbench,8rhe-assembly1__protein-a__ligand-c__ccd-blg,100.0,1.0,True,False
foldbench,8riy-assembly1__protein-b__ligand-c__ccd-w0o,100.0,1.0,True,False
foldbench,8rpj-assembly1__protein-a__ligand-j__ccd-tpp,25.950413223140497,1.0,True,False
foldbench,8rqh-assembly1__protein-a__ligand-c__ccd-fad,100.0,1.0,True,False
foldbench,8rtw-assembly1__protein-a__ligand-e__ccd-tes,96.26168224299066,1.0,True,False
foldbench,8rzk-assembly1__protein-b__ligand-m__ccd-tla,13.808801213960546,0.6923076923076923,False,False
foldbench,8s4h-assembly1__protein-a__ligand-g__ccd-rbr,81.14754098360656,1.0,True,False
foldbench,8s9m-assembly1__protein-a__ligand-b__ccd-sfg,100.0,1.0,True,False
foldbench,8sbt-assembly1__protein-a__ligand-c__ccd-zuy,100.0,0.6470588235294118,False,False
foldbench,8shj-assembly1__protein-a__ligand-d__ccd-zi8,100.0,1.0,True,False
foldbench,8sio-assembly1__protein-a__ligand-c__ccd-gxf,100.0,1.0,True,False
foldbench,8sjk-assembly1__protein-a__ligand-f__ccd-cff,88.9908256880734,1.0,True,False
foldbench,8skl-assembly1__protein-a__ligand-e__ccd-v2o,100.0,1.0,True,False
foldbench,8smf-assembly1__protein-b__ligand-i__ccd-ojc,100.0,1.0,False,False
foldbench,8son-assembly1__protein-a__ligand-i__ccd-30y,100.0,0.4423076923076923,False,False
foldbench,8sqg-assembly1__protein-a__ligand-d__ccd-x6q,100.0,1.0,True,False
foldbench,8sv9-assembly1__protein-a__ligand-c__ccd-wxh,100.0,1.0,True,False
foldbench,8svy-assembly1__protein-a__ligand-h__ccd-wuc,100.0,1.0,True,False
foldbench,8sx2-assembly1__protein-a__ligand-c__ccd-uhb,100.0,1.0,True,False
foldbench,8t0t-assembly1__protein-a-3__ligand-c-3__ccd-y6e,100.0,1.0,True,False
foldbench,8t8z-assembly1__protein-a__ligand-b__ccd-adp,100.0,1.0,True,False
foldbench,8t9v-assembly1__protein-a__ligand-b__ccd-zjt,100.0,1.0,True,False
foldbench,8tab-assembly1__protein-a__ligand-e__ccd-u4t,100.0,1.0,True,False
foldbench,8tbs-assembly1__protein-d__ligand-v__ccd-hvi,100.0,1.0,True,False
foldbench,8tbu-assembly1__protein-d__ligand-t__ccd-i0r,100.0,1.0,True,False
foldbench,8tc9-assembly1__protein-d__ligand-ja__ccd-zte,100.0,1.0,True,False
foldbench,8te9-assembly1__protein-a__ligand-c__ccd-8x3,32.142857142857146,1.0,True,False
foldbench,8tfo-assembly1__protein-a__ligand-c__ccd-mev,35.64102564102564,1.0,True,False
foldbench,8tfq-assembly1__protein-c__ligand-e__ccd-7v7,100.0,1.0,True,False
foldbench,8tnb-assembly1__protein-b__ligand-e__ccd-iqm,100.0,1.0,True,False
foldbench,8tov-assembly1__protein-f__ligand-r__ccd-j6u,98.49246231155779,1.0,True,False
foldbench,8tr4-assembly1__protein-a__ligand-c__ccd-k6c,100.0,1.0,True,False
foldbench,8try-assembly1__protein-a__ligand-d__ccd-qu0,100.0,1.0,True,False
foldbench,8tx0-assembly1__protein-a__ligand-c__ccd-veu,100.0,0.27722772277227725,False,False
foldbench,8tx9-assembly1__protein-b__ligand-k__ccd-bmx,19.78609625668449,1.0,True,False
foldbench,8txe-assembly1__protein-a__ligand-e__ccd-vm9,100.0,1.0,True,False
foldbench,8txg-assembly1__protein-a__ligand-d__ccd-vqt,100.0,1.0,True,False
foldbench,8txh-assembly1__protein-a__ligand-e__ccd-vr5,100.0,1.0,True,False
foldbench,8u0q-assembly1__protein-b__ligand-d__ccd-u4i,100.0,1.0,True,False
foldbench,8u2d-assembly1__protein-a__ligand-b__ccd-uqx,100.0,1.0,True,False
foldbench,8u37-assembly1__protein-a__ligand-b__ccd-v5u,100.0,1.0,True,False
foldbench,8u8j-assembly1__protein-a__ligand-b__ccd-wal,99.71428571428571,1.0,True,False
foldbench,8u8k-assembly1__protein-a__ligand-b__ccd-w8u,99.71181556195965,1.0,True,False
foldbench,8uc2-assembly1__protein-a__ligand-b__ccd-bez,99.70501474926253,0.7333333333333333,False,False
foldbench,8ug3-assembly1__protein-a__ligand-c__ccd-wre,100.0,1.0,True,False
foldbench,8un3-assembly1__protein-a__ligand-e__ccd-xoi,100.0,1.0,True,False
foldbench,8un5-assembly1__protein-a__ligand-g__ccd-xq6,100.0,1.0,True,False
foldbench,8uob-assembly1__protein-a__ligand-b__ccd-xb5,100.0,1.0,True,False
foldbench,8uoi-assembly1__protein-a__ligand-b__ccd-x3q,86.26198083067092,0.30985915492957744,False,False
foldbench,8uou-assembly1__protein-a-2__ligand-c-2__ccd-asp,27.218934911242602,1.0,True,False
foldbench,8upi-assembly1__protein-a__ligand-d__ccd-set,100.0,1.0,True,False
foldbench,8upq-assembly1__protein-a__ligand-h__ccd-xai,100.0,1.0,True,False
foldbench,8upv-assembly1__protein-a-2__ligand-b-2__ccd-x83,100.0,0.30612244897959184,False,False
foldbench,8usr-assembly1__protein-b__ligand-f__ccd-xce,100.0,1.0,True,False
foldbench,8uss-assembly1__protein-a__ligand-b__ccd-xcw,100.0,0.43373493975903615,False,False
foldbench,8uuf-assembly1__protein-a__ligand-b__ccd-xwo,100.0,1.0,True,False
foldbench,8uv0-assembly1__protein-a__ligand-b__ccd-xku,100.0,1.0,True,False
foldbench,8uxs-assembly1__protein-a__ligand-c__ccd-xu8,100.0,0.3333333333333333,False,False
foldbench,8v1f-assembly1__protein-b__ligand-o__ccd-7r8,100.0,1.0,True,False
foldbench,8v2f-assembly1__protein-a__ligand-e__ccd-yju,99.31972789115646,0.5394736842105263,False,False
foldbench,8v3k-assembly1__protein-a__ligand-f__ccd-dpo,99.70588235294117,0.3333333333333333,False,False
foldbench,8vcw-assembly1__protein-a__ligand-f__ccd-dtb,100.0,1.0,True,False
foldbench,8vg8-assembly1__protein-a-3__ligand-b-3__ccd-7l9,100.0,1.0,True,False
foldbench,8vr7-assembly1__protein-a__ligand-g__ccd-aco,100.0,1.0,True,False
foldbench,8w4b-assembly1__protein-a__ligand-b__ccd-str,99.11111111111111,1.0,True,False
foldbench,8w8h-assembly1__protein-a__ligand-e__ccd-ile,19.9203187250996,1.0,True,False
foldbench,8w8j-assembly1__protein-a__ligand-c__ccd-w1q,47.72727272727273,0.44594594594594594,False,False
foldbench,8w8l-assembly1__protein-b__ligand-r__ccd-w20,48.13499111900533,0.35555555555555557,False,False
foldbench,8w9i-assembly1__protein-a__ligand-c__ccd-w2h,47.72727272727273,0.609375,False,False
foldbench,8wbt-assembly1__protein-b__ligand-j__ccd-tla,29.361702127659573,0.6923076923076923,False,False
foldbench,8wbv-assembly1__protein-a__ligand-c__ccd-bma,100.0,1.0,True,False
foldbench,8wch-assembly1__protein-a__ligand-c__ccd-pca,24.303797468354432,1.0,True,False
foldbench,8wdq-assembly1__protein-b__ligand-m__ccd-ipd,30.036630036630036,1.0,False,False
foldbench,8wev-assembly1__protein-a-2__ligand-c-2__ccd-amp,37.44855967078189,1.0,True,False
foldbench,8wkg-assembly1__protein-a__ligand-b__ccd-wdb,100.0,0.3968253968253968,False,False
foldbench,8wlb-assembly1__protein-a__ligand-b__ccd-web,100.0,1.0,True,False
foldbench,8wni-assembly1__protein-a__ligand-c__ccd-val,100.0,1.0,True,False
foldbench,8x3q-assembly1__protein-d-2__ligand-l-2__ccd-udp,100.0,1.0,True,False
foldbench,8x6q-assembly1__protein-a__ligand-e__ccd-y8r,33.71757925072046,0.35294117647058826,False,False
foldbench,8xf7-assembly1__protein-a__ligand-b__ccd-6l0,28.67383512544803,1.0,True,False
foldbench,8xfa-assembly1__protein-a__ligand-b__ccd-6l0,27.89855072463768,1.0,True,False
foldbench,8xw7-assembly1__protein-a__ligand-h__ccd-adp,41.71656686626746,1.0,True,False
foldbench,8xw8-assembly1__protein-a-2__ligand-i-2__ccd-gdp,41.71656686626746,1.0,True,False
foldbench,8y58-assembly1__protein-a__ligand-b__ccd-pmz,51.0989010989011,0.6904761904761905,False,False
foldbench,8y9p-assembly1__protein-a__ligand-c__ccd-a3p,100.0,1.0,True,False
foldbench,8ye0-assembly1__protein-a__ligand-e__ccd-pis,37.5,0.4,False,False
foldbench,8yik-assembly1__protein-a__ligand-b__ccd-atp,12.401055408970976,1.0,True,False
foldbench,8yl9-assembly1__protein-a__ligand-g__ccd-ppv,100.0,0.45,False,False
foldbench,8zly-assembly1__protein-a__ligand-l__ccd-udp,41.71656686626746,1.0,True,False
foldbench,8zvh-assembly1__protein-a__ligand-d__ccd-phe,100.0,1.0,True,False
foldbench,9aul-assembly1__protein-a-2__ligand-b-2__ccd-4wi,99.66777408637874,1.0,True,False
foldbench,9b1v-assembly1__protein-a__ligand-e__ccd-pqq,17.845117845117844,1.0,True,False
foldbench,9bbh-assembly1__protein-a__ligand-e__ccd-vvp,72.19202898550725,1.0,True,False
foldbench,9boo-assembly1__protein-a-2__ligand-b-2__ccd-ydl,100.0,0.5802469135802469,False,False
foldbench,9enh-assembly1__protein-b__ligand-o__ccd-fad,35.902255639097746,1.0,True,False
foldbench,9jff-assembly1__protein-a__ligand-e__ccd-33p,24.624624624624623,1.0,True,False
openbind,a71ev2a-x0152a,100.0,1.0,True,False
openbind,a71ev2a-x0152b,100.0,1.0,True,False
openbind,a71ev2a-x0188a,100.0,0.2777777777777778,False,False
openbind,a71ev2a-x0194a,100.0,0.3611111111111111,False,False
openbind,a71ev2a-x0202a,100.0,0.46153846153846156,False,False
openbind,a71ev2a-x0202b,100.0,0.46153846153846156,False,False
openbind,a71ev2a-x0207a,100.0,0.42857142857142855,False,False
openbind,a71ev2a-x0228a,100.0,1.0,True,False
openbind,a71ev2a-x0229a,100.0,1.0,True,False
openbind,a71ev2a-x0229b,100.0,1.0,True,False
openbind,a71ev2a-x0237a,100.0,1.0,True,False
openbind,a71ev2a-x0239a,100.0,0.2692307692307692,False,False
openbind,a71ev2a-x0269a,100.0,1.0,False,False
openbind,a71ev2a-x0278a,100.0,1.0,True,False
openbind,a71ev2a-x0278b,100.0,1.0,True,False
openbind,a71ev2a-x0305a,100.0,1.0,True,False
openbind,a71ev2a-x0309a,100.0,1.0,True,False
openbind,a71ev2a-x0310a,100.0,1.0,True,False
openbind,a71ev2a-x0332a,100.0,1.0,True,False
openbind,a71ev2a-x0333a,100.0,1.0,True,False
openbind,a71ev2a-x0351a,100.0,1.0,True,False
openbind,a71ev2a-x0351b,100.0,1.0,True,False
openbind,a71ev2a-x0351c,100.0,1.0,True,False
openbind,a71ev2a-x0354a,100.0,0.32142857142857145,False,False
openbind,a71ev2a-x0359a,100.0,1.0,True,False
openbind,a71ev2a-x0365a,100.0,0.5,False,False
openbind,a71ev2a-x0375a,100.0,0.6176470588235294,False,False
openbind,a71ev2a-x0375b,100.0,0.6176470588235294,False,False
openbind,a71ev2a-x0375c,100.0,0.6176470588235294,False,False
openbind,a71ev2a-x0395a,100.0,1.0,True,False
openbind,a71ev2a-x0395b,100.0,1.0,True,False
openbind,a71ev2a-x0396a,100.0,1.0,True,False
openbind,a71ev2a-x0412a,100.0,1.0,True,False
openbind,a71ev2a-x0416a,100.0,0.5531914893617021,False,False
openbind,a71ev2a-x0428a,100.0,0.5666666666666667,False,False
openbind,a71ev2a-x0432a,100.0,0.30303030303030304,False,False
openbind,a71ev2a-x0437a,100.0,1.0,True,False
openbind,a71ev2a-x0443a,100.0,0.45454545454545453,False,False
openbind,a71ev2a-x0446a,100.0,1.0,True,False
openbind,a71ev2a-x0450a,100.0,1.0,True,False
openbind,a71ev2a-x0451a,100.0,1.0,True,False
openbind,a71ev2a-x0469a,100.0,0.41025641025641024,False,False
openbind,a71ev2a-x0473a,100.0,0.28125,False,False
openbind,a71ev2a-x0486a,100.0,0.42592592592592593,False,False
openbind,a71ev2a-x0487a,100.0,1.0,True,False
openbind,a71ev2a-x0488a,100.0,0.4166666666666667,False,False
openbind,a71ev2a-x0497a,100.0,1.0,True,False
openbind,a71ev2a-x0501a,100.0,1.0,True,False
openbind,a71ev2a-x0501b,100.0,1.0,True,False
openbind,a71ev2a-x0514a,100.0,1.0,True,False
openbind,a71ev2a-x0514b,100.0,1.0,True,False
openbind,a71ev2a-x0515a,100.0,0.5263157894736842,False,False
openbind,a71ev2a-x0515b,100.0,0.5263157894736842,False,False
openbind,a71ev2a-x0515c,100.0,0.5263157894736842,False,False
openbind,a71ev2a-x0517a,100.0,1.0,True,False
openbind,a71ev2a-x0525a,100.0,0.37777777777777777,False,False
openbind,a71ev2a-x0526a,100.0,1.0,True,False
openbind,a71ev2a-x0528a,100.0,1.0,False,False
openbind,a71ev2a-x0528b,100.0,1.0,False,False
openbind,a71ev2a-x0540a,100.0,1.0,True,False
openbind,a71ev2a-x0541a,100.0,1.0,True,False
openbind,a71ev2a-x0554a,100.0,1.0,True,False
openbind,a71ev2a-x0554b,100.0,1.0,True,False
openbind,a71ev2a-x0556a,100.0,0.6585365853658537,False,False
openbind,a71ev2a-x0566a,100.0,1.0,True,False
openbind,a71ev2a-x0571a,100.0,1.0,True,False
openbind,a71ev2a-x0586a,100.0,1.0,True,False
openbind,a71ev2a-x0691a,100.0,1.0,True,False
openbind,a71ev2a-x0717a,100.0,1.0,True,False
openbind,a71ev2a-x0719a,100.0,1.0,True,False
openbind,a71ev2a-x0719b,100.0,1.0,True,False
openbind,a71ev2a-x0732a,100.0,0.6666666666666666,False,False
openbind,a71ev2a-x0739a,100.0,0.4489795918367347,False,False
openbind,a71ev2a-x0812a,100.0,1.0,True,False
openbind,a71ev2a-x0831a,100.0,0.625,False,False
openbind,a71ev2a-x0836a,100.0,1.0,True,False
openbind,a71ev2a-x0836b,100.0,1.0,True,False
openbind,a71ev2a-x0853a,100.0,1.0,True,False
openbind,a71ev2a-x0884a,100.0,1.0,True,False
openbind,a71ev2a-x0900a,100.0,0.30303030303030304,False,False
openbind,a71ev2a-x0911a,100.0,0.46153846153846156,False,False
openbind,a71ev2a-x0922a,100.0,0.5263157894736842,False,False
openbind,a71ev2a-x0926a,100.0,0.6111111111111112,False,False
openbind,a71ev2a-x1019a,100.0,1.0,True,False
openbind,a71ev2a-x1068a,100.0,1.0,True,False
openbind,a71ev2a-x1068b,100.0,1.0,True,False
openbind,a71ev2a-x1068c,100.0,1.0,True,False
openbind,a71ev2a-x1080a,100.0,1.0,True,False
openbind,a71ev2a-x1081a,100.0,1.0,True,False
openbind,a71ev2a-x1081b,100.0,1.0,True,False
openbind,a71ev2a-x1084a,100.0,1.0,True,False
openbind,a71ev2a-x1105a,100.0,1.0,True,False
openbind,a71ev2a-x1105b,100.0,1.0,True,False
openbind,a71ev2a-x1109a,100.0,0.5,False,False
openbind,a71ev2a-x1128a,100.0,0.5714285714285714,False,False
openbind,a71ev2a-x1140a,100.0,0.46808510638297873,False,False
openbind,a71ev2a-x1140b,100.0,0.46808510638297873,False,False
openbind,a71ev2a-x1145a,100.0,0.6363636363636364,False,False
openbind,a71ev2a-x1145b,100.0,0.6363636363636364,False,False
openbind,a71ev2a-x1146a,100.0,1.0,True,False
openbind,a71ev2a-x1148a,100.0,1.0,True,False
openbind,a71ev2a-x1148b,100.0,1.0,True,False
openbind,a71ev2a-x1180a,100.0,0.45454545454545453,False,False
openbind,a71ev2a-x1180b,100.0,0.45454545454545453,False,False
openbind,a71ev2a-x1209a,100.0,0.47619047619047616,False,False
openbind,a71ev2a-x1255a,100.0,0.6176470588235294,False,False
openbind,a71ev2a-x1292a,100.0,0.5666666666666667,False,False
openbind,a71ev2a-x1293a,100.0,1.0,True,False
openbind,a71ev2a-x1346a,100.0,0.4444444444444444,False,False
openbind,a71ev2a-x1445a,100.0,0.3150684931506849,False,False
openbind,a71ev2a-x1445b,100.0,0.3150684931506849,False,False
openbind,a71ev2a-x1776a,100.0,0.5925925925925926,False,False
openbind,a71ev2a-x1778a,100.0,0.5121951219512195,False,False
openbind,a71ev2a-x2290a,100.0,0.6571428571428571,False,False
openbind,a71ev2a-x2293a,100.0,0.45161290322580644,False,False
openbind,a71ev2a-x2304a,100.0,0.5111111111111111,False,False
openbind,a71ev2a-x2339a,100.0,0.5185185185185185,False,False
openbind,a71ev2a-x2351a,100.0,0.6216216216216216,False,False
openbind,a71ev2a-x2448a,100.0,0.5666666666666667,False,False
openbind,a71ev2a-x2448b,100.0,0.5666666666666667,False,False
openbind,a71ev2a-x2454a,100.0,1.0,True,False
openbind,a71ev2a-x2458a,100.0,1.0,True,False
openbind,a71ev2a-x2513a,100.0,0.3684210526315789,False,False
openbind,a71ev2a-x2629a,100.0,0.631578947368421,False,False
openbind,a71ev2a-x2846a,100.0,0.46,False,False
openbind,a71ev2a-x2972a,100.0,0.48936170212765956,False,False
openbind,a71ev2a-x3054a,100.0,0.4807692307692308,False,False
openbind,a71ev2a-x3066a,100.0,1.0,True,False
openbind,a71ev2a-x3175a,100.0,0.5531914893617021,False,False
openbind,a71ev2a-x3176a,100.0,0.5111111111111111,False,False
openbind,a71ev2a-x3177a,100.0,0.5849056603773585,False,False
openbind,a71ev2a-x3178a,100.0,0.6666666666666666,False,False
openbind,a71ev2a-x3181a,100.0,0.4791666666666667,False,False
openbind,a71ev2a-x3181b,100.0,0.4791666666666667,False,False
openbind,a71ev2a-x3186a,100.0,0.46808510638297873,False,False
openbind,a71ev2a-x3188a,100.0,0.41509433962264153,False,False
openbind,a71ev2a-x3189a,100.0,0.41509433962264153,False,False
openbind,a71ev2a-x3191a,100.0,0.42,False,False
openbind,a71ev2a-x3193a,100.0,0.42,False,False
openbind,a71ev2a-x3194a,100.0,0.4583333333333333,False,False
openbind,a71ev2a-x3201a,100.0,0.43137254901960786,False,False
openbind,a71ev2a-x3207a,100.0,0.44680851063829785,False,False
openbind,a71ev2a-x3208a,100.0,0.40384615384615385,False,False
openbind,a71ev2a-x3210a,100.0,0.39622641509433965,False,False
openbind,a71ev2a-x3218a,100.0,0.42857142857142855,False,False
openbind,a71ev2a-x3221a,100.0,0.4782608695652174,False,False
openbind,a71ev2a-x3222a,100.0,0.4666666666666667,False,False
openbind,a71ev2a-x3223a,100.0,0.4117647058823529,False,False
openbind,a71ev2a-x3225a,100.0,0.48148148148148145,False,False
openbind,a71ev2a-x3229a,100.0,0.43137254901960786,False,False
openbind,a71ev2a-x3234a,100.0,0.2807017543859649,False,False
openbind,a71ev2a-x3264a,100.0,0.3064516129032258,False,False
openbind,a71ev2a-x3279a,100.0,0.391304347826087,False,False
openbind,a71ev2a-x3280a,100.0,0.46,False,False
openbind,a71ev2a-x3286a,100.0,0.45098039215686275,False,False
openbind,a71ev2a-x3305a,100.0,0.2987012987012987,False,False
openbind,a71ev2a-x3306a,100.0,0.46,False,False
openbind,a71ev2a-x3324a,100.0,0.46,False,False
openbind,a71ev2a-x3371a,100.0,0.46938775510204084,False,False
openbind,a71ev2a-x3379a,100.0,0.4423076923076923,False,False
openbind,a71ev2a-x3392a,100.0,0.42857142857142855,False,False
openbind,a71ev2a-x3403a,100.0,0.32926829268292684,False,False
openbind,a71ev2a-x3408a,100.0,0.46153846153846156,False,False
openbind,a71ev2a-x3410a,100.0,0.3382352941176471,False,False
openbind,a71ev2a-x3417a,100.0,0.5675675675675675,False,False
openbind,a71ev2a-x3419a,100.0,0.3333333333333333,False,False
openbind,a71ev2a-x3435a,100.0,0.4523809523809524,False,False
openbind,a71ev2a-x3436a,100.0,0.3269230769230769,False,False
openbind,a71ev2a-x3450a,100.0,0.42857142857142855,False,False
openbind,a71ev2a-x3480a,100.0,0.39622641509433965,False,False
openbind,a71ev2a-x3483a,100.0,0.44,False,False
openbind,a71ev2a-x3485a,100.0,0.47368421052631576,False,False
openbind,a71ev2a-x3488a,100.0,0.4423076923076923,False,False
openbind,a71ev2a-x3489a,100.0,0.44,False,False
openbind,a71ev2a-x3509a,100.0,0.42,False,False
openbind,a71ev2a-x3509b,100.0,0.42,False,False
openbind,a71ev2a-x3510a,100.0,0.5,False,False
openbind,a71ev2a-x3521a,99.28571428571429,0.2898550724637681,False,False
openbind,a71ev2a-x3521b,99.28571428571429,0.2898550724637681,False,False
openbind,a71ev2a-x3522a,100.0,0.48936170212765956,False,False
openbind,a71ev2a-x3522b,100.0,0.48936170212765956,False,False
openbind,a71ev2a-x3546a,100.0,0.44,False,False
openbind,a71ev2a-x3548a,100.0,0.43137254901960786,False,False
openbind,a71ev2a-x3550a,100.0,0.3442622950819672,False,False
openbind,a71ev2a-x3550b,100.0,0.3442622950819672,False,False
openbind,a71ev2a-x3556a,100.0,0.36666666666666664,False,False
openbind,a71ev2a-x3557a,100.0,0.44,False,False
openbind,a71ev2a-x3557b,100.0,0.44,False,False
openbind,a71ev2a-x3564a,100.0,0.4745762711864407,False,False
openbind,a71ev2a-x3568a,100.0,0.48,False,False
openbind,a71ev2a-x3571a,100.0,0.42857142857142855,False,False
openbind,a71ev2a-x3571b,100.0,0.42857142857142855,False,False
openbind,a71ev2a-x3575a,100.0,0.4074074074074074,False,False
openbind,a71ev2a-x3579a,100.0,0.3728813559322034,False,False
openbind,a71ev2a-x3581a,100.0,0.41818181818181815,False,False
openbind,a71ev2a-x3585a,100.0,0.4074074074074074,False,False
openbind,a71ev2a-x3593a,100.0,0.4423076923076923,False,False
openbind,a71ev2a-x3606a,100.0,0.4,False,False
openbind,a71ev2a-x3612a,100.0,0.4666666666666667,False,False
openbind,a71ev2a-x3616a,100.0,0.46808510638297873,False,False
openbind,a71ev2a-x3616b,100.0,0.46808510638297873,False,False
openbind,a71ev2a-x3618a,100.0,0.4230769230769231,False,False
openbind,a71ev2a-x3618b,100.0,0.4230769230769231,False,False
openbind,a71ev2a-x3621a,100.0,0.41509433962264153,False,False
openbind,a71ev2a-x3623a,100.0,0.4318181818181818,False,False
openbind,a71ev2a-x3634a,100.0,0.3728813559322034,False,False
openbind,a71ev2a-x3663a,100.0,0.3898305084745763,False,False
openbind,a71ev2a-x3665a,100.0,0.34375,False,False
openbind,a71ev2a-x3685a,100.0,0.37735849056603776,False,False
openbind,a71ev2a-x3694a,100.0,0.3793103448275862,False,False
openbind,a71ev2a-x3694b,100.0,0.3793103448275862,False,False
openbind,a71ev2a-x3706a,100.0,0.47692307692307695,False,False
openbind,a71ev2a-x3706b,100.0,0.47692307692307695,False,False
openbind,a71ev2a-x3849a,100.0,0.43137254901960786,False,False
openbind,a71ev2a-x3858a,100.0,0.44,False,False
openbind,a71ev2a-x3858b,100.0,0.44,False,False
openbind,a71ev2a-x3862a,100.0,0.4583333333333333,False,False
openbind,a71ev2a-x3867a,100.0,0.5348837209302325,False,False
openbind,a71ev2a-x3868a,100.0,0.4583333333333333,False,False
openbind,a71ev2a-x3869a,100.0,0.43137254901960786,False,False
openbind,a71ev2a-x3883a,100.0,0.4583333333333333,False,False
openbind,a71ev2a-x3884a,100.0,0.39285714285714285,False,False
openbind,a71ev2a-x3884b,100.0,0.39285714285714285,False,False
openbind,a71ev2a-x3890a,100.0,0.46808510638297873,False,False
openbind,a71ev2a-x3895a,100.0,0.3793103448275862,False,False
openbind,a71ev2a-x3897a,100.0,0.43137254901960786,False,False
openbind,a71ev2a-x3901a,100.0,0.3484848484848485,False,False
openbind,a71ev2a-x3908a,100.0,0.423728813559322,False,False
openbind,a71ev2a-x3914a,100.0,0.41509433962264153,False,False
openbind,a71ev2a-x3920a,100.0,0.43137254901960786,False,False
openbind,a71ev2a-x3936a,100.0,0.48936170212765956,False,False
openbind,a71ev2a-x3937a,100.0,0.43137254901960786,False,False
openbind,a71ev2a-x3938a,100.0,0.5609756097560976,False,False
openbind,a71ev2a-x3939a,100.0,0.4583333333333333,False,False
openbind,a71ev2a-x3940a,100.0,0.43137254901960786,False,False
openbind,a71ev2a-x3942a,100.0,0.44,False,False
openbind,a71ev2a-x3944a,100.0,0.3793103448275862,False,False
openbind,a71ev2a-x3954a,100.0,0.4230769230769231,False,False
openbind,a71ev2a-x3956a,100.0,0.39655172413793105,False,False
openbind,a71ev2a-x3963a,100.0,0.4375,False,False
openbind,a71ev2a-x3963b,100.0,0.4375,False,False
openbind,a71ev2a-x3968a,100.0,0.4117647058823529,False,False
openbind,a71ev2a-x3975a,100.0,0.44680851063829785,False,False
openbind,a71ev2a-x3977a,100.0,0.44680851063829785,False,False
openbind,a71ev2a-x3977b,100.0,0.44680851063829785,False,False
openbind,a71ev2a-x3981a,100.0,0.48,False,False
openbind,a71ev2a-x3982a,100.0,0.5121951219512195,False,False
openbind,a71ev2a-x3986a,100.0,0.44680851063829785,False,False
openbind,a71ev2a-x3986b,100.0,0.44680851063829785,False,False
openbind,a71ev2a-x3989a,100.0,0.3770491803278688,False,False
openbind,a71ev2a-x3990a,100.0,0.3333333333333333,False,False
openbind,a71ev2a-x3992a,100.0,0.38596491228070173,False,False
openbind,a71ev2a-x3992b,100.0,0.38596491228070173,False,False
openbind,a71ev2a-x3993a,100.0,0.3188405797101449,False,False
openbind,a71ev2a-x3993b,100.0,0.3188405797101449,False,False
openbind,a71ev2a-x4012a,100.0,0.48214285714285715,False,False
openbind,a71ev2a-x4012b,100.0,0.48214285714285715,False,False
openbind,a71ev2a-x4017a,100.0,0.41509433962264153,False,False
openbind,a71ev2a-x4017b,100.0,0.41509433962264153,False,False
openbind,a71ev2a-x4018a,100.0,0.45454545454545453,False,False
openbind,a71ev2a-x4018b,100.0,0.45454545454545453,False,False
openbind,a71ev2a-x4020a,100.0,0.4807692307692308,False,False
openbind,a71ev2a-x4020b,100.0,0.4807692307692308,False,False
openbind,a71ev2a-x4028a,100.0,0.4074074074074074,False,False
openbind,a71ev2a-x4029a,100.0,0.3728813559322034,False,False
openbind,a71ev2a-x4031a,100.0,0.43137254901960786,False,False
openbind,a71ev2a-x4031b,100.0,0.43137254901960786,False,False
openbind,a71ev2a-x4032a,100.0,0.3793103448275862,False,False
openbind,a71ev2a-x4032b,100.0,0.3793103448275862,False,False
openbind,a71ev2a-x4035a,100.0,0.44,False,False
openbind,a71ev2a-x4035b,100.0,0.44,False,False
openbind,a71ev2a-x4202a,100.0,0.4375,False,False
openbind,a71ev2a-x4202b,100.0,0.4375,False,False
openbind,a71ev2a-x4203a,100.0,0.43137254901960786,False,False
openbind,a71ev2a-x4207a,100.0,0.46,False,False
openbind,a71ev2a-x4207b,100.0,0.46,False,False
openbind,a71ev2a-x4209a,100.0,0.44,False,False
openbind,a71ev2a-x4214a,100.0,0.46551724137931033,False,False
openbind,a71ev2a-x4214b,100.0,0.46551724137931033,False,False
openbind,a71ev2a-x4237a,100.0,0.4117647058823529,False,False
openbind,a71ev2a-x4237b,100.0,0.4117647058823529,False,False
openbind,a71ev2a-x4237c,100.0,0.4117647058823529,False,False
openbind,a71ev2a-x4237d,100.0,0.4117647058823529,False,False
openbind,a71ev2a-x4239a,100.0,0.34375,False,False
openbind,a71ev2a-x4254a,100.0,0.45652173913043476,False,False
openbind,a71ev2a-x4260a,100.0,0.4393939393939394,False,False
openbind,a71ev2a-x4274a,100.0,0.43636363636363634,False,False
openbind,a71ev2a-x4274b,100.0,0.43636363636363634,False,False
openbind,a71ev2a-x4283a,100.0,0.43137254901960786,False,False
openbind,a71ev2a-x4283b,100.0,0.43137254901960786,False,False
openbind,a71ev2a-x4290a,100.0,0.43137254901960786,False,False
openbind,a71ev2a-x4291a,100.0,0.4489795918367347,False,False
openbind,a71ev2a-x4292a,100.0,0.40384615384615385,False,False
openbind,a71ev2a-x4295a,100.0,0.3333333333333333,False,False
openbind,a71ev2a-x4298a,100.0,0.44,False,False
openbind,a71ev2a-x4303a,100.0,0.4074074074074074,False,False
openbind,a71ev2a-x4303b,100.0,0.4074074074074074,False,False
openbind,a71ev2a-x4304a,100.0,0.39285714285714285,False,False
openbind,a71ev2a-x4305a,100.0,0.44,False,False
openbind,a71ev2a-x4306a,100.0,0.39622641509433965,False,False
openbind,a71ev2a-x4308a,100.0,0.42,False,False
openbind,a71ev2a-x4309a,100.0,0.3972602739726027,False,False
openbind,a71ev2a-x4309b,100.0,0.3972602739726027,False,False
openbind,a71ev2a-x4310a,100.0,0.4074074074074074,False,False
openbind,a71ev2a-x4310b,100.0,0.4074074074074074,False,False
openbind,a71ev2a-x4311a,100.0,0.46808510638297873,False,False
openbind,a71ev2a-x4312a,100.0,0.3026315789473684,False,False
openbind,a71ev2a-x4313a,100.0,0.3333333333333333,False,False
openbind,a71ev2a-x4315a,100.0,0.4262295081967213,False,False
openbind,a71ev2a-x4316a,100.0,0.3442622950819672,False,False
openbind,a71ev2a-x4317a,100.0,0.3548387096774194,False,False
openbind,a71ev2a-x4319a,100.0,0.4117647058823529,False,False
openbind,a71ev2a-x4320a,100.0,0.3888888888888889,False,False
openbind,a71ev2a-x4321a,100.0,0.4375,False,False
openbind,a71ev2a-x4321b,100.0,0.4375,False,False
openbind,a71ev2a-x4322a,100.0,0.4791666666666667,False,False
openbind,a71ev2a-x4324a,100.0,0.296875,False,False
openbind,a71ev2a-x4331a,100.0,0.5116279069767442,False,False
openbind,a71ev2a-x4331b,100.0,0.5116279069767442,False,False
openbind,a71ev2a-x4333a,100.0,0.4583333333333333,False,False
openbind,a71ev2a-x4334a,100.0,0.4489795918367347,False,False
openbind,a71ev2a-x4334b,100.0,0.4489795918367347,False,False
openbind,a71ev2a-x4336a,100.0,0.4666666666666667,False,False
openbind,a71ev2a-x4341a,100.0,0.4117647058823529,False,False
openbind,a71ev2a-x4342a,100.0,0.40384615384615385,False,False
openbind,a71ev2a-x4343a,100.0,0.42,False,False
openbind,a71ev2a-x4343b,100.0,0.42,False,False
openbind,a71ev2a-x4344a,100.0,0.42857142857142855,False,False
openbind,a71ev2a-x4346a,100.0,0.40384615384615385,False,False
openbind,a71ev2a-x4347a,100.0,0.43137254901960786,False,False
openbind,a71ev2a-x4350a,100.0,0.4583333333333333,False,False
openbind,a71ev2a-x4351a,100.0,0.4807692307692308,False,False
openbind,a71ev2a-x4365a,100.0,0.45901639344262296,False,False
openbind,a71ev2a-x4365b,100.0,0.45901639344262296,False,False
openbind,a71ev2a-x4368a,100.0,0.46808510638297873,False,False
openbind,a71ev2a-x4372a,100.0,0.4375,False,False
openbind,a71ev2a-x4373a,100.0,0.543859649122807,False,False
openbind,a71ev2a-x4374a,100.0,0.4772727272727273,False,False
openbind,a71ev2a-x4374b,100.0,0.4772727272727273,False,False
openbind,a71ev2a-x4380a,100.0,0.42857142857142855,False,False
openbind,a71ev2a-x4381a,100.0,0.4117647058823529,False,False
openbind,a71ev2a-x4386a,100.0,0.46808510638297873,False,False
openbind,a71ev2a-x4388a,100.0,0.41509433962264153,False,False
openbind,a71ev2a-x4390a,100.0,0.38333333333333336,False,False
openbind,a71ev2a-x4402a,100.0,0.36764705882352944,False,False
openbind,a71ev2a-x4403a,100.0,0.4375,False,False
openbind,a71ev2a-x4406a,100.0,0.3333333333333333,False,False
openbind,a71ev2a-x4409a,100.0,0.3235294117647059,False,False
openbind,a71ev2a-x4415a,100.0,0.4074074074074074,False,False
openbind,a71ev2a-x4416a,100.0,0.4074074074074074,False,False
openbind,a71ev2a-x4418a,100.0,0.36486486486486486,False,False
openbind,a71ev2a-x4420a,100.0,0.2878787878787879,False,False
openbind,a71ev2a-x4421a,100.0,0.37333333333333335,False,False
openbind,a71ev2a-x4423a,100.0,0.358974358974359,False,False
openbind,a71ev2a-x4426a,100.0,0.288135593220339,False,False
openbind,a71ev2a-x4429a,100.0,0.4074074074074074,False,False
openbind,a71ev2a-x4431a,100.0,0.43137254901960786,False,False
openbind,a71ev2a-x4445a,100.0,0.46808510638297873,False,False
openbind,a71ev2a-x4445b,100.0,0.46808510638297873,False,False
openbind,a71ev2a-x4447a,100.0,0.49122807017543857,False,False
openbind,a71ev2a-x4447b,100.0,0.49122807017543857,False,False
openbind,a71ev2a-x4449a,100.0,0.46,False,False
openbind,a71ev2a-x4449b,100.0,0.46,False,False
openbind,a71ev2a-x4451a,100.0,0.4117647058823529,False,False
openbind,a71ev2a-x4451b,100.0,0.4117647058823529,False,False
openbind,a71ev2a-x4456a,100.0,0.44680851063829785,False,False
openbind,a71ev2a-x4456b,100.0,0.44680851063829785,False,False
openbind,a71ev2a-x4461a,100.0,0.42857142857142855,False,False
openbind,a71ev2a-x4463a,100.0,0.4117647058823529,False,False
openbind,a71ev2a-x4464a,100.0,0.5,False,False
openbind,a71ev2a-x4467a,100.0,0.45652173913043476,False,False
openbind,a71ev2a-x4472a,100.0,0.45652173913043476,False,False
openbind,a71ev2a-x4476a,100.0,0.3492063492063492,False,False
openbind,a71ev2a-x4489a,100.0,0.4375,False,False
openbind,a71ev2a-x4489b,100.0,0.4375,False,False
openbind,a71ev2a-x4490a,100.0,0.32142857142857145,False,False
openbind,a71ev2a-x4494a,100.0,0.4230769230769231,False,False
openbind,a71ev2a-x4496a,100.0,0.41379310344827586,False,False
openbind,a71ev2a-x4509a,100.0,0.4583333333333333,False,False
openbind,a71ev2a-x4510a,100.0,0.4230769230769231,False,False
openbind,a71ev2a-x4514a,100.0,0.4444444444444444,False,False
openbind,a71ev2a-x4516a,100.0,0.42,False,False
openbind,a71ev2a-x4519a,100.0,0.39622641509433965,False,False
openbind,a71ev2a-x4519b,100.0,0.39622641509433965,False,False
openbind,a71ev2a-x4524a,100.0,0.43137254901960786,False,False
openbind,a71ev2a-x4526a,100.0,0.4782608695652174,False,False
openbind,a71ev2a-x4528a,100.0,0.38181818181818183,False,False
openbind,a71ev2a-x4537a,100.0,0.4074074074074074,False,False
openbind,a71ev2a-x4538a,100.0,0.42,False,False
openbind,a71ev2a-x4540a,100.0,0.4117647058823529,False,False
openbind,a71ev2a-x4541a,100.0,0.42,False,False
openbind,a71ev2a-x4541b,100.0,0.42,False,False
openbind,a71ev2a-x4544a,100.0,0.4230769230769231,False,False
openbind,a71ev2a-x4546a,100.0,0.32142857142857145,False,False
openbind,a71ev2a-x4547a,100.0,0.4230769230769231,False,False
openbind,a71ev2a-x4554a,100.0,0.41509433962264153,False,False
openbind,a71ev2a-x4559a,100.0,0.43137254901960786,False,False
openbind,a71ev2a-x4559b,100.0,0.43137254901960786,False,False
openbind,a71ev2a-x4563a,100.0,0.40476190476190477,False,False
openbind,a71ev2a-x4570a,100.0,0.4583333333333333,False,False
openbind,a71ev2a-x4571a,100.0,0.4230769230769231,False,False
openbind,a71ev2a-x4575a,100.0,0.4444444444444444,False,False
openbind,a71ev2a-x4580a,100.0,0.39622641509433965,False,False
openbind,a71ev2a-x4580b,100.0,0.39622641509433965,False,False
openbind,a71ev2a-x4583a,100.0,0.46808510638297873,False,False
openbind,a71ev2a-x4583b,100.0,0.46808510638297873,False,False
openbind,a71ev2a-x4586a,100.0,0.4782608695652174,False,False
openbind,a71ev2a-x4596a,100.0,0.36666666666666664,False,False
openbind,a71ev2a-x4596b,100.0,0.36666666666666664,False,False
openbind,a71ev2a-x4596c,100.0,0.36666666666666664,False,False
openbind,a71ev2a-x4606a,100.0,0.4117647058823529,False,False
openbind,a71ev2a-x4606b,100.0,0.4117647058823529,False,False
openbind,a71ev2a-x4608a,100.0,0.4489795918367347,False,False
openbind,a71ev2a-x4611a,100.0,0.43137254901960786,False,False
openbind,a71ev2a-x4611b,100.0,0.43137254901960786,False,False
openbind,a71ev2a-x4644a,100.0,0.4375,False,False
openbind,a71ev2a-x4644b,100.0,0.4375,False,False
openbind,a71ev2a-x4650a,100.0,0.4375,False,False
openbind,a71ev2a-x4654a,100.0,0.3888888888888889,False,False
openbind,a71ev2a-x4656a,100.0,0.4117647058823529,False,False
openbind,a71ev2a-x4661a,100.0,0.3389830508474576,False,False
openbind,a71ev2a-x4669a,100.0,0.4489795918367347,False,False
openbind,a71ev2a-x4669b,100.0,0.4489795918367347,False,False
openbind,a71ev2a-x4670a,100.0,0.43137254901960786,False,False
openbind,a71ev2a-x4673a,100.0,0.42857142857142855,False,False
openbind,a71ev2a-x4673b,100.0,0.42857142857142855,False,False
openbind,a71ev2a-x4674a,100.0,0.39622641509433965,False,False
openbind,a71ev2a-x4674b,100.0,0.39622641509433965,False,False
openbind,a71ev2a-x4674c,100.0,0.39622641509433965,False,False
openbind,a71ev2a-x4675a,100.0,0.4583333333333333,False,False
openbind,a71ev2a-x4684a,100.0,0.375,False,False
openbind,a71ev2a-x4689a,100.0,0.43137254901960786,False,False
openbind,a71ev2a-x4694a,100.0,0.3333333333333333,False,False
openbind,a71ev2a-x4695a,100.0,0.3333333333333333,False,False
openbind,a71ev2a-x4701a,100.0,0.5116279069767442,False,False
openbind,a71ev2a-x4703a,100.0,0.44,False,False
openbind,a71ev2a-x4706a,100.0,0.5833333333333334,False,False
openbind,a71ev2a-x4707a,100.0,0.5384615384615384,False,False
openbind,a71ev2a-x4708a,100.0,0.525,False,False
openbind,a71ev2a-x4710a,100.0,0.4067796610169492,False,False
openbind,a71ev2a-x4711a,100.0,0.4067796610169492,False,False
openbind,a71ev2a-x4712a,100.0,0.4583333333333333,False,False
openbind,a71ev2a-x4715a,100.0,0.38461538461538464,False,False
openbind,a71ev2a-x4715b,100.0,0.38461538461538464,False,False
openbind,a71ev2a-x4721a,100.0,0.52,False,False
openbind,a71ev2a-x4724a,100.0,0.3230769230769231,False,False
openbind,a71ev2a-x4727a,100.0,0.4489795918367347,False,False
openbind,a71ev2a-x4735a,100.0,0.4,False,False
openbind,a71ev2a-x4736a,100.0,0.5238095238095238,False,False
openbind,a71ev2a-x4739a,100.0,0.31666666666666665,False,False
openbind,a71ev2a-x4742a,100.0,0.4375,False,False
openbind,a71ev2a-x4742b,100.0,0.4375,False,False
openbind,a71ev2a-x4745a,100.0,0.3424657534246575,False,False
openbind,a71ev2a-x4746a,100.0,0.3382352941176471,False,False
openbind,a71ev2a-x4748a,100.0,0.3898305084745763,False,False
openbind,a71ev2a-x4751a,100.0,0.34375,False,False
openbind,a71ev2a-x4752a,100.0,0.359375,False,False
openbind,a71ev2a-x4753a,100.0,0.328125,False,False
openbind,a71ev2a-x4771a,100.0,0.34328358208955223,False,False
openbind,a71ev2a-x4774a,100.0,0.4583333333333333,False,False
openbind,a71ev2a-x4777a,100.0,0.32051282051282054,False,False
openbind,a71ev2a-x4778a,100.0,0.32051282051282054,False,False
openbind,a71ev2a-x4784a,100.0,0.4772727272727273,False,False
openbind,a71ev2a-x4786a,100.0,0.5526315789473685,False,False
openbind,a71ev2a-x4791a,100.0,0.35135135135135137,False,False
openbind,a71ev2a-x4794a,100.0,0.4423076923076923,False,False
openbind,a71ev2a-x4798a,100.0,0.3055555555555556,False,False
openbind,a71ev2a-x4806a,100.0,0.45652173913043476,False,False
openbind,a71ev2a-x4806b,100.0,0.45652173913043476,False,False
openbind,a71ev2a-x4809a,100.0,0.3384615384615385,False,False
openbind,a71ev2a-x4812a,100.0,0.43137254901960786,False,False
openbind,a71ev2a-x4824a,100.0,0.46808510638297873,False,False
openbind,a71ev2a-x4824b,100.0,0.46808510638297873,False,False
openbind,a71ev2a-x4826a,100.0,0.43137254901960786,False,False
openbind,a71ev2a-x4826b,100.0,0.43137254901960786,False,False
openbind,a71ev2a-x4827a,100.0,0.43137254901960786,False,False
openbind,a71ev2a-x4827b,100.0,0.43137254901960786,False,False
openbind,a71ev2a-x4829a,100.0,0.4583333333333333,False,False
openbind,a71ev2a-x4829b,100.0,0.4583333333333333,False,False
openbind,a71ev2a-x4836a,100.0,0.5106382978723404,False,False
openbind,a71ev2a-x4838a,100.0,0.3770491803278688,False,False
openbind,a71ev2a-x4839a,100.0,0.3492063492063492,False,False
openbind,a71ev2a-x4840a,100.0,0.4666666666666667,False,False
openbind,a71ev2a-x4843a,100.0,0.4,False,False
openbind,a71ev2a-x4845a,100.0,0.4489795918367347,False,False
openbind,a71ev2a-x4846a,100.0,0.5,False,False
openbind,a71ev2a-x4847a,100.0,0.4084507042253521,False,False
openbind,a71ev2a-x4851a,100.0,0.43137254901960786,False,False
openbind,a71ev2a-x4855a,100.0,0.3888888888888889,False,False
openbind,a71ev2a-x4856a,100.0,0.3559322033898305,False,False
openbind,a71ev2a-x4872a,100.0,0.38181818181818183,False,False
openbind,a71ev2a-x4873a,100.0,0.43137254901960786,False,False
openbind,a71ev2a-x4873b,100.0,0.43137254901960786,False,False
openbind,a71ev2a-x4874a,100.0,0.46808510638297873,False,False
openbind,a71ev2a-x4874b,100.0,0.46808510638297873,False,False
openbind,a71ev2a-x4877a,100.0,0.42857142857142855,False,False
openbind,a71ev2a-x4877b,100.0,0.42857142857142855,False,False
openbind,a71ev2a-x4880a,100.0,0.40816326530612246,False,False
openbind,a71ev2a-x4880b,100.0,0.40816326530612246,False,False
openbind,a71ev2a-x4882a,100.0,0.44680851063829785,False,False
openbind,a71ev2a-x4882b,100.0,0.44680851063829785,False,False
openbind,a71ev2a-x4883a,100.0,0.45454545454545453,False,False
openbind,a71ev2a-x4883b,100.0,0.45454545454545453,False,False
openbind,a71ev2a-x4885a,100.0,0.31746031746031744,False,False
openbind,a71ev2a-x4885b,100.0,0.31746031746031744,False,False
openbind,a71ev2a-x4894a,100.0,0.35294117647058826,False,False
openbind,a71ev2a-x4895a,100.0,0.43137254901960786,False,False
openbind,a71ev2a-x4895b,100.0,0.43137254901960786,False,False
openbind,a71ev2a-x4899a,100.0,0.34615384615384615,False,False
openbind,a71ev2a-x4899b,100.0,0.34615384615384615,False,False
openbind,a71ev2a-x4903a,100.0,0.4583333333333333,False,False
openbind,a71ev2a-x4903b,100.0,0.4583333333333333,False,False
openbind,a71ev2a-x4908a,100.0,0.4117647058823529,False,False
openbind,a71ev2a-x4914a,100.0,0.43137254901960786,False,False
openbind,a71ev2a-x4918a,100.0,0.45454545454545453,False,False
openbind,a71ev2a-x4921a,100.0,0.40350877192982454,False,False
openbind,a71ev2a-x4922a,100.0,0.39215686274509803,False,False
openbind,a71ev2a-x4924a,100.0,0.40350877192982454,False,False
openbind,a71ev2a-x4926a,100.0,0.26744186046511625,False,False
openbind,a71ev2a-x4928a,100.0,0.43636363636363634,False,False
openbind,a71ev2a-x4934a,100.0,0.37037037037037035,False,False
openbind,a71ev2a-x4935a,100.0,0.4583333333333333,False,False
openbind,a71ev2a-x4940a,100.0,0.35294117647058826,False,False
openbind,a71ev2a-x4943a,100.0,0.4375,False,False
openbind,a71ev2a-x4943b,100.0,0.4375,False,False
openbind,a71ev2a-x4947a,100.0,0.3125,False,False
openbind,a71ev2a-x4949a,100.0,0.3793103448275862,False,False
openbind,a71ev2a-x4954a,100.0,0.3,False,False
openbind,a71ev2a-x4959a,100.0,0.42857142857142855,False,False
openbind,a71ev2a-x4959b,100.0,0.42857142857142855,False,False
openbind,a71ev2a-x4963a,100.0,0.3492063492063492,False,False
openbind,a71ev2a-x4963b,100.0,0.3492063492063492,False,False
openbind,a71ev2a-x4967a,100.0,0.3287671232876712,False,False
openbind,a71ev2a-x4967b,100.0,0.3287671232876712,False,False
openbind,a71ev2a-x4967c,100.0,0.3287671232876712,False,False
openbind,a71ev2a-x4974a,100.0,0.3492063492063492,False,False
openbind,a71ev2a-x4977a,100.0,0.38596491228070173,False,False
openbind,a71ev2a-x4977b,100.0,0.38596491228070173,False,False
openbind,a71ev2a-x4979a,100.0,0.42857142857142855,False,False
openbind,a71ev2a-x4979b,100.0,0.42857142857142855,False,False
openbind,a71ev2a-x4980a,100.0,0.3492063492063492,False,False
openbind,a71ev2a-x4986a,100.0,0.3793103448275862,False,False
openbind,a71ev2a-x4986b,100.0,0.3793103448275862,False,False
openbind,a71ev2a-x4992a,100.0,0.3684210526315789,False,False
openbind,a71ev2a-x4994a,100.0,0.46808510638297873,False,False
openbind,a71ev2a-x4998a,100.0,0.3275862068965517,False,False
openbind,a71ev2a-x4998b,100.0,0.3275862068965517,False,False
openbind,a71ev2a-x5015a,100.0,0.4117647058823529,False,False
openbind,a71ev2a-x5015b,100.0,0.4117647058823529,False,False
openbind,a71ev2a-x5016a,100.0,0.40384615384615385,False,False
openbind,a71ev2a-x5022a,100.0,0.4,False,False
openbind,a71ev2a-x5022b,100.0,0.4,False,False
openbind,a71ev2a-x5028a,100.0,0.36363636363636365,False,False
openbind,a71ev2a-x5036a,100.0,0.6274509803921569,False,False
openbind,a71ev2a-x5036b,100.0,0.6274509803921569,False,False
openbind,a71ev2a-x5039a,100.0,0.43137254901960786,False,False
openbind,a71ev2a-x5039b,100.0,0.43137254901960786,False,False
openbind,a71ev2a-x5052a,100.0,0.45614035087719296,False,False
openbind,a71ev2a-x5065a,100.0,0.34545454545454546,False,False
openbind,a71ev2a-x5073a,100.0,0.45614035087719296,False,False
openbind,a71ev2a-x5079a,100.0,0.42857142857142855,False,False
openbind,a71ev2a-x5079b,100.0,0.42857142857142855,False,False
openbind,a71ev2a-x5081a,100.0,0.42857142857142855,False,False
openbind,a71ev2a-x5081b,100.0,0.42857142857142855,False,False
openbind,a71ev2a-x5082a,100.0,0.4117647058823529,False,False
openbind,a71ev2a-x5082b,100.0,0.4117647058823529,False,False
openbind,a71ev2a-x5090a,100.0,0.38,False,False
openbind,a71ev2a-x5091a,100.0,0.5510204081632653,False,False
openbind,a71ev2a-x5104a,100.0,0.31746031746031744,False,False
openbind,a71ev2a-x5106a,100.0,0.34177215189873417,False,False
openbind,a71ev2a-x5150a,100.0,0.38,False,False
openbind,a71ev2a-x5151a,100.0,0.40384615384615385,False,False
openbind,a71ev2a-x5171a,100.0,0.3389830508474576,False,False
openbind,a71ev2a-x5171b,100.0,0.3389830508474576,False,False
openbind,a71ev2a-x5177a,100.0,0.3333333333333333,False,False
openbind,a71ev2a-x5182a,100.0,0.3392857142857143,False,False
openbind,a71ev2a-x5200a,100.0,0.31746031746031744,False,False
openbind,a71ev2a-x5203a,100.0,0.36666666666666664,False,False
openbind,a71ev2a-x5203b,100.0,0.36666666666666664,False,False
openbind,a71ev2a-x5210a,100.0,0.45614035087719296,False,False
openbind,a71ev2a-x5210b,100.0,0.45614035087719296,False,False
openbind,a71ev2a-x5212a,100.0,0.43137254901960786,False,False
openbind,a71ev2a-x5213a,100.0,0.42857142857142855,False,False
openbind,a71ev2a-x5213b,100.0,0.42857142857142855,False,False
openbind,a71ev2a-x5219a,100.0,0.55,False,False
openbind,a71ev2a-x5219b,100.0,0.55,False,False
openbind,a71ev2a-x5221a,100.0,0.39622641509433965,False,False
openbind,a71ev2a-x5222a,100.0,0.29411764705882354,False,False
openbind,a71ev2a-x5226a,100.0,0.3382352941176471,False,False
openbind,a71ev2a-x5231a,100.0,0.5116279069767442,False,False
openbind,a71ev2a-x5247a,100.0,0.30158730158730157,False,False
openbind,a71ev2a-x5247b,100.0,0.30158730158730157,False,False
openbind,a71ev2a-x5249a,100.0,0.4,False,False
openbind,a71ev2a-x5255a,100.0,0.32653061224489793,False,False
openbind,a71ev2a-x5258a,100.0,0.34177215189873417,False,False
openbind,a71ev2a-x5261a,100.0,0.38596491228070173,False,False
openbind,a71ev2a-x5262a,100.0,0.3125,False,False
openbind,a71ev2a-x5262b,100.0,0.3125,False,False
openbind,a71ev2a-x5268a,100.0,0.31746031746031744,False,False
openbind,a71ev2a-x5276a,100.0,0.4230769230769231,False,False
openbind,a71ev2a-x5277a,100.0,0.3584905660377358,False,False
openbind,a71ev2a-x5278a,100.0,0.36363636363636365,False,False
openbind,a71ev2a-x5283a,100.0,0.39285714285714285,False,False
openbind,a71ev2a-x5283b,100.0,0.39285714285714285,False,False
openbind,a71ev2a-x5288a,100.0,0.3793103448275862,False,False
openbind,a71ev2a-x5288b,100.0,0.3793103448275862,False,False
openbind,a71ev2a-x5289a,100.0,0.39285714285714285,False,False
openbind,a71ev2a-x5289b,100.0,0.39285714285714285,False,False
openbind,a71ev2a-x5317a,100.0,0.3793103448275862,False,False
openbind,a71ev2a-x5339a,100.0,0.30158730158730157,False,False
openbind,a71ev2a-x5339b,100.0,0.30158730158730157,False,False
openbind,a71ev2a-x5351a,100.0,0.5833333333333334,False,False
openbind,a71ev2a-x5359a,100.0,0.3709677419354839,False,False
openbind,a71ev2a-x5359b,100.0,0.3709677419354839,False,False
openbind,a71ev2a-x5366a,100.0,0.30158730158730157,False,False
openbind,a71ev2a-x5366b,100.0,0.30158730158730157,False,False
openbind,a71ev2a-x5381a,100.0,0.31666666666666665,False,False
openbind,a71ev2a-x5381b,100.0,0.31666666666666665,False,False
openbind,a71ev2a-x5383a,100.0,0.352112676056338,False,False
openbind,a71ev2a-x5387a,100.0,0.32786885245901637,False,False
openbind,a71ev2a-x5387b,100.0,0.32786885245901637,False,False
openbind,a71ev2a-x5388a,100.0,0.2711864406779661,False,False
openbind,a71ev2a-x5389a,100.0,0.41509433962264153,False,False
openbind,a71ev2a-x5393a,100.0,0.5,False,False
openbind,a71ev2a-x5394a,100.0,0.4772727272727273,False,False
openbind,a71ev2a-x5394b,100.0,0.4772727272727273,False,False
openbind,a71ev2a-x5398a,100.0,0.28125,False,False
openbind,a71ev2a-x5401a,100.0,0.5121951219512195,False,False
openbind,a71ev2a-x5402a,100.0,0.4666666666666667,False,False
openbind,a71ev2a-x5403a,100.0,0.4,False,False
openbind,a71ev2a-x5409a,100.0,0.5348837209302325,False,False
openbind,a71ev2a-x5409b,100.0,0.5348837209302325,False,False
openbind,a71ev2a-x5424a,100.0,0.4888888888888889,False,False
openbind,a71ev2a-x5424b,100.0,0.4888888888888889,False,False
openbind,a71ev2a-x5425a,100.0,0.5490196078431373,False,False
openbind,a71ev2a-x5425b,100.0,0.5490196078431373,False,False
openbind,a71ev2a-x5427a,100.0,0.425,False,False
openbind,a71ev2a-x5431a,100.0,0.3333333333333333,False,False
openbind,a71ev2a-x5431b,100.0,0.3333333333333333,False,False
openbind,a71ev2a-x5448a,100.0,0.40384615384615385,False,False
openbind,a71ev2a-x5449a,100.0,0.4074074074074074,False,False
openbind,a71ev2a-x5449b,100.0,0.4074074074074074,False,False
openbind,a71ev2a-x5452a,100.0,0.4074074074074074,False,False
openbind,a71ev2a-x5452b,100.0,0.4074074074074074,False,False
openbind,a71ev2a-x5460a,100.0,0.4,False,False
openbind,a71ev2a-x5461a,100.0,0.3684210526315789,False,False
openbind,a71ev2a-x5462a,100.0,0.35185185185185186,False,False
openbind,a71ev2a-x5466a,100.0,0.44,False,False
openbind,a71ev2a-x5475a,100.0,0.4074074074074074,False,False
openbind,a71ev2a-x5475b,100.0,0.4074074074074074,False,False
openbind,a71ev2a-x5479a,100.0,0.4827586206896552,False,False
openbind,a71ev2a-x5482a,100.0,0.39285714285714285,False,False
openbind,a71ev2a-x5488a,100.0,0.3181818181818182,False,False
openbind,a71ev2a-x5489a,100.0,0.4375,False,False
openbind,a71ev2a-x5489b,100.0,0.4375,False,False
openbind,a71ev2a-x5494a,100.0,0.352112676056338,False,False
openbind,a71ev2a-x5497a,100.0,0.3584905660377358,False,False
openbind,a71ev2a-x5509a,100.0,0.39285714285714285,False,False
openbind,a71ev2a-x5512a,100.0,0.3548387096774194,False,False
openbind,a71ev2a-x5512b,100.0,0.3548387096774194,False,False
openbind,a71ev2a-x5525a,100.0,0.36666666666666664,False,False
openbind,a71ev2a-x5525b,100.0,0.36666666666666664,False,False
openbind,a71ev2a-x5526a,100.0,0.4074074074074074,False,False
openbind,a71ev2a-x5533a,100.0,0.4,False,False
openbind,a71ev2a-x5539a,100.0,0.44,False,False
openbind,a71ev2a-x5539b,100.0,0.44,False,False
openbind,a71ev2a-x5544a,100.0,0.36065573770491804,False,False
openbind,a71ev2a-x5550a,100.0,0.45652173913043476,False,False
openbind,a71ev2a-x5556a,100.0,0.2711864406779661,False,False
openbind,a71ev2a-x5559a,100.0,0.40384615384615385,False,False
openbind,a71ev2a-x5570a,100.0,0.37037037037037035,False,False
openbind,a71ev2a-x5572a,100.0,0.3050847457627119,False,False
openbind,a71ev2a-x5576a,100.0,0.44680851063829785,False,False
openbind,a71ev2a-x5576b,100.0,0.44680851063829785,False,False
openbind,a71ev2a-x5581a,100.0,0.46808510638297873,False,False
openbind,a71ev2a-x5584a,100.0,0.4074074074074074,False,False
openbind,a71ev2a-x5584b,100.0,0.4074074074074074,False,False
openbind,a71ev2a-x5594a,100.0,0.4117647058823529,False,False
openbind,a71ev2a-x5594b,100.0,0.4117647058823529,False,False
openbind,a71ev2a-x5598a,100.0,0.38596491228070173,False,False
openbind,a71ev2a-x5598b,100.0,0.38596491228070173,False,False
openbind,a71ev2a-x5599a,100.0,0.4489795918367347,False,False
openbind,a71ev2a-x5599b,100.0,0.4489795918367347,False,False
openbind,a71ev2a-x5604a,100.0,0.36666666666666664,False,False
openbind,a71ev2a-x5608a,100.0,0.3620689655172414,False,False
openbind,a71ev2a-x5608b,100.0,0.3620689655172414,False,False
openbind,a71ev2a-x5635a,100.0,0.3108108108108108,False,False
openbind,a71ev2a-x5635b,100.0,0.3108108108108108,False,False
openbind,a71ev2a-x5665a,100.0,0.2878787878787879,False,False
openbind,a71ev2a-x5666a,100.0,0.3283582089552239,False,False
openbind,a71ev2a-x5673a,100.0,0.3114754098360656,False,False
openbind,a71ev2a-x5676a,100.0,0.32727272727272727,False,False
openbind,a71ev2a-x5687a,100.0,0.44,False,False
openbind,a71ev2a-x5699a,100.0,0.32142857142857145,False,False
openbind,a71ev2a-x5705a,100.0,0.4107142857142857,False,False
openbind,a71ev2a-x5705b,100.0,0.4107142857142857,False,False
openbind,a71ev2a-x5721a,100.0,0.32926829268292684,False,False
openbind,a71ev2a-x5721b,100.0,0.32926829268292684,False,False
openbind,a71ev2a-x5727a,100.0,0.2727272727272727,False,False
openbind,a71ev2a-x5728a,100.0,0.453125,False,False
openbind,a71ev2a-x5744a,100.0,0.34615384615384615,False,False
openbind,a71ev2a-x5747a,100.0,0.4883720930232558,False,False
openbind,a71ev2a-x5753a,100.0,0.33962264150943394,False,False
openbind,a71ev2a-x5758a,100.0,0.28125,False,False
openbind,a71ev2a-x5758b,100.0,0.28125,False,False
openbind,a71ev2a-x5764a,100.0,0.38181818181818183,False,False
openbind,a71ev2a-x5764b,100.0,0.38181818181818183,False,False
openbind,a71ev2a-x5766a,100.0,0.3230769230769231,False,False
openbind,a71ev2a-x5777a,100.0,0.3230769230769231,False,False
openbind,a71ev2a-x5777b,100.0,0.3230769230769231,False,False
openbind,a71ev2a-x5779a,100.0,0.3333333333333333,False,False
openbind,a71ev2a-x5788a,100.0,0.36666666666666664,False,False
openbind,a71ev2a-x5793a,100.0,0.4772727272727273,False,False
openbind,a71ev2a-x5793b,100.0,0.4772727272727273,False,False
openbind,a71ev2a-x5798a,100.0,0.36538461538461536,False,False
openbind,a71ev2a-x5798b,100.0,0.36538461538461536,False,False
openbind,a71ev2a-x5802a,100.0,0.36538461538461536,False,False
openbind,a71ev2a-x5802b,100.0,0.36538461538461536,False,False
openbind,a71ev2a-x5808a,100.0,0.3333333333333333,False,False
openbind,a71ev2a-x5808b,100.0,0.3333333333333333,False,False
openbind,a71ev2a-x5819a,100.0,0.30158730158730157,False,False
openbind,a71ev2a-x5819b,100.0,0.30158730158730157,False,False
openbind,a71ev2a-x5822a,100.0,0.3620689655172414,False,False
openbind,a71ev2a-x5824a,100.0,0.32857142857142857,False,False
openbind,a71ev2a-x5824b,100.0,0.32857142857142857,False,False
openbind,a71ev2a-x5830a,100.0,0.31746031746031744,False,False
openbind,a71ev2a-x5833a,100.0,0.36666666666666664,False,False
openbind,a71ev2a-x5836a,100.0,0.313953488372093,False,False
openbind,a71ev2a-x5850a,100.0,0.43137254901960786,False,False
openbind,a71ev2a-x5854a,100.0,0.2835820895522388,False,False
openbind,a71ev2a-x5857a,100.0,0.3492063492063492,False,False
openbind,a71ev2a-x5864a,100.0,0.3492063492063492,False,False
openbind,a71ev2a-x5868a,100.0,0.28,False,False
openbind,a71ev2a-x5877a,100.0,0.3763440860215054,False,False
openbind,a71ev2a-x5879a,100.0,0.40625,False,False
openbind,a71ev2a-x5879b,100.0,0.40625,False,False
openbind,a71ev2a-x5884a,100.0,0.3235294117647059,False,False
openbind,a71ev2a-x5891a,100.0,0.3787878787878788,False,False
openbind,a71ev2a-x5894a,100.0,0.3076923076923077,False,False
openbind,a71ev2a-x5898a,100.0,0.3333333333333333,False,False
openbind,a71ev2a-x5949a,100.0,0.36666666666666664,False,False
openbind,a71ev2a-x5992a,100.0,0.3076923076923077,False,False
openbind,a71ev2a-x5992b,100.0,0.3076923076923077,False,False
openbind,a71ev2a-x5995a,100.0,0.43137254901960786,False,False
openbind,a71ev2a-x5995b,100.0,0.43137254901960786,False,False
openbind,a71ev2a-x6021a,100.0,0.4074074074074074,False,False
openbind,a71ev2a-x6025a,100.0,0.3283582089552239,False,False
openbind,a71ev2a-x6027a,100.0,0.4339622641509434,False,False
openbind,a71ev2a-x6028a,100.0,0.36363636363636365,False,False
openbind,a71ev2a-x6032a,100.0,0.3548387096774194,False,False
openbind,a71ev2a-x6035a,100.0,0.34177215189873417,False,False
openbind,a71ev2a-x6714a,100.0,0.30985915492957744,False,False
openbind,a71ev2a-x6726a,100.0,0.3333333333333333,False,False
openbind,a71ev2a-x6730a,100.0,0.32926829268292684,False,False
openbind,a71ev2a-x6736a,100.0,0.3384615384615385,False,False
openbind,a71ev2a-x6738a,100.0,0.3492063492063492,False,False
openbind,a71ev2a-x6739a,100.0,0.33766233766233766,False,False
openbind,a71ev2a-x6746a,100.0,0.3088235294117647,False,False
openbind,a71ev2a-x6769a,100.0,0.3235294117647059,False,False
openbind,a71ev2a-x6776a,100.0,0.3246753246753247,False,False
openbind,a71ev2a-x6778a,100.0,0.34375,False,False
openbind,a71ev2a-x6791a,100.0,0.3548387096774194,False,False
openbind,a71ev2a-x6794a,100.0,0.3548387096774194,False,False
openbind,a71ev2a-x6797a,100.0,0.3625,False,False
openbind,a71ev2a-x6802a,100.0,0.3835616438356164,False,False
openbind,a71ev2a-x6808a,100.0,0.36666666666666664,False,False
openbind,a71ev2a-x6816a,100.0,0.3333333333333333,False,False
openbind,a71ev2a-x6816b,100.0,0.3333333333333333,False,False
openbind,a71ev2a-x6818a,100.0,0.32051282051282054,False,False
openbind,a71ev2a-x6819a,100.0,0.3709677419354839,False,False
openbind,a71ev2a-x6821a,100.0,0.3218390804597701,False,False
openbind,a71ev2a-x6827a,100.0,0.3548387096774194,False,False
openbind,a71ev2a-x6832a,100.0,0.38596491228070173,False,False
openbind,a71ev2a-x6838a,100.0,0.28,False,False
openbind,a71ev2a-x6841a,100.0,0.34210526315789475,False,False
openbind,a71ev2a-x6844a,100.0,0.34210526315789475,False,False
openbind,a71ev2a-x6847a,100.0,0.34328358208955223,False,False
openbind,a71ev2a-x6851a,100.0,0.34328358208955223,False,False
openbind,a71ev2a-x6853a,100.0,0.33783783783783783,False,False
openbind,a71ev2a-x6856a,100.0,0.345679012345679,False,False
openbind,a71ev2a-x6877a,100.0,0.2835820895522388,False,False
openbind,a71ev2a-x6895a,100.0,0.36666666666666664,False,False
openbind,a71ev2a-x6914a,100.0,0.3188405797101449,False,False
openbind,a71ev2a-x6920a,100.0,0.39285714285714285,False,False
openbind,a71ev2a-x6925a,100.0,0.36065573770491804,False,False
openbind,a71ev2a-x6932a,100.0,0.31746031746031744,False,False
openbind,a71ev2a-x6934a,100.0,0.3472222222222222,False,False
openbind,a71ev2a-x6938a,100.0,0.3728813559322034,False,False
openbind,a71ev2a-x6944a,100.0,0.32894736842105265,False,False
openbind,a71ev2a-x6945a,100.0,0.32926829268292684,False,False
openbind,a71ev2a-x6948a,100.0,0.36507936507936506,False,False
openbind,a71ev2a-x6948b,100.0,0.36507936507936506,False,False
openbind,a71ev2a-x6955a,100.0,0.3333333333333333,False,False
openbind,a71ev2a-x6955b,100.0,0.3333333333333333,False,False
openbind,a71ev2a-x6973a,100.0,0.32051282051282054,False,False
openbind,a71ev2a-x6980a,100.0,0.2835820895522388,False,False
openbind,a71ev2a-x6991a,100.0,0.3372093023255814,False,False
openbind,a71ev2a-x7002a,100.0,0.3333333333333333,False,False
openbind,a71ev2a-x7008a,100.0,0.3384615384615385,False,False
openbind,a71ev2a-x7011a,100.0,0.3728813559322034,False,False
openbind,a71ev2a-x7015a,100.0,0.36065573770491804,False,False
openbind,a71ev2a-x7018a,100.0,0.3492063492063492,False,False
openbind,a71ev2a-x7021a,100.0,0.25882352941176473,False,False
openbind,a71ev2a-x7024a,100.0,0.3548387096774194,False,False
openbind,a71ev2a-x7025a,100.0,0.3384615384615385,False,False
openbind,a71ev2a-x7026a,100.0,0.3793103448275862,False,False
openbind,a71ev2a-x7026b,100.0,0.3793103448275862,False,False
openbind,a71ev2a-x7031a,100.0,0.3384615384615385,False,False
openbind,a71ev2a-x7032a,100.0,0.3076923076923077,False,False
openbind,a71ev2a-x7035a,100.0,0.3472222222222222,False,False
openbind,a71ev2a-x7038a,100.0,0.3389830508474576,False,False
openbind,a71ev2a-x7043a,100.0,0.3188405797101449,False,False
openbind,a71ev2a-x7043b,100.0,0.3188405797101449,False,False
openbind,a71ev2a-x7044a,100.0,0.2857142857142857,False,False
openbind,a71ev2a-x7046a,100.0,0.21875,False,False
openbind,a71ev2a-x7050a,100.0,0.28205128205128205,False,False
openbind,a71ev2a-x7056a,100.0,0.3548387096774194,False,False
openbind,a71ev2a-x7070a,100.0,0.3076923076923077,False,False
openbind,a71ev2a-x7071a,100.0,0.345679012345679,False,False
openbind,a71ev2a-x7093a,100.0,0.3728813559322034,False,False
openbind,a71ev2a-x7095a,100.0,0.3235294117647059,False,False
openbind,a71ev2a-x7096a,100.0,0.3492063492063492,False,False
openbind,a71ev2a-x7101a,100.0,0.3548387096774194,False,False
openbind,a71ev2a-x7127a,100.0,0.3235294117647059,False,False
openbind,a71ev2a-x7130a,100.0,0.30985915492957744,False,False
openbind,a71ev2a-x7132a,100.0,0.3188405797101449,False,False
openbind,a71ev2a-x7135a,100.0,0.36666666666666664,False,False
openbind,a71ev2a-x7147a,100.0,0.3548387096774194,False,False
openbind,a71ev2a-x7151a,100.0,0.3055555555555556,False,False
openbind,a71ev2a-x7154a,100.0,0.3283582089552239,False,False
openbind,a71ev2a-x7161a,100.0,0.3548387096774194,False,False
openbind,a71ev2a-x7167a,100.0,0.3492063492063492,False,False
openbind,a71ev2a-x7167b,100.0,0.3492063492063492,False,False
openbind,a71ev2a-x7169a,100.0,0.3283582089552239,False,False
openbind,a71ev2a-x7170a,100.0,0.3188405797101449,False,False
openbind,a71ev2a-x7172a,100.0,0.4,False,False
openbind,a71ev2a-x7175a,100.0,0.3548387096774194,False,False
openbind,a71ev2a-x7176a,100.0,0.3333333333333333,False,False
openbind,a71ev2a-x7184a,100.0,0.27692307692307694,False,False
openbind,a71ev2a-x7190a,100.0,0.34375,False,False
openbind,a71ev2a-x7238a,100.0,0.36065573770491804,False,False
openbind,a71ev2a-x7246a,100.0,0.3548387096774194,False,False
openbind,a71ev2a-x7247a,100.0,0.3188405797101449,False,False
openbind,a71ev2a-x7250a,100.0,0.3793103448275862,False,False
openbind,a71ev2a-x7251a,100.0,0.36065573770491804,False,False
openbind,a71ev2a-x7254a,100.0,0.36666666666666664,False,False
openbind,a71ev2a-x7256a,100.0,0.28205128205128205,False,False
openbind,a71ev2a-x7257a,100.0,0.3548387096774194,False,False
openbind,a71ev2a-x7259a,100.0,0.3793103448275862,False,False
openbind,a71ev2a-x7260a,100.0,0.36065573770491804,False,False
openbind,a71ev2a-x7261a,100.0,0.3384615384615385,False,False
openbind,a71ev2a-x7263a,100.0,0.3188405797101449,False,False
openbind,a71ev2a-x7284a,100.0,0.359375,False,False
openbind,a71ev2a-x7287a,100.0,0.3411764705882353,False,False
openbind,a71ev2a-x7297a,100.0,0.3548387096774194,False,False
openbind,a71ev2a-x7301a,100.0,0.36231884057971014,False,False
openbind,a71ev2a-x7301b,100.0,0.36231884057971014,False,False
openbind,a71ev2a-x7307a,100.0,0.3548387096774194,False,False
openbind,a71ev2a-x7309a,100.0,0.3548387096774194,False,False
openbind,a71ev2a-x7316a,100.0,0.3548387096774194,False,False
openbind,a71ev2a-x7317a,100.0,0.38596491228070173,False,False
openbind,a71ev2a-x7317b,100.0,0.38596491228070173,False,False
openbind,a71ev2a-x7318a,100.0,0.3333333333333333,False,False
openbind,a71ev2a-x7321a,100.0,0.265625,False,False
openbind,a71ev2a-x7323a,100.0,0.3170731707317073,False,False
openbind,a71ev2a-x7333a,100.0,0.3548387096774194,False,False
openbind,a71ev2a-x7334a,100.0,0.39285714285714285,False,False
openbind,a71ev2a-x7334b,100.0,0.39285714285714285,False,False
openbind,a71ev2a-x7338a,100.0,0.3492063492063492,False,False
openbind,a71ev2a-x7339a,100.0,0.38596491228070173,False,False
openbind,a71ev2a-x7350a,100.0,0.28205128205128205,False,False
openbind,a71ev2a-x7350b,100.0,0.28205128205128205,False,False
openbind,a71ev2a-x7353a,100.0,0.3548387096774194,False,False
openbind,a71ev2a-x7353b,100.0,0.3548387096774194,False,False
openbind,a71ev2a-x7359a,100.0,0.30158730158730157,False,False
openbind,a71ev2a-x7368a,100.0,0.21875,False,False
openbind,a71ev2a-x7369a,100.0,0.2553191489361702,False,False
openbind,a71ev2a-x7369b,100.0,0.2553191489361702,False,False
openbind,a71ev2a-x7372a,100.0,0.38596491228070173,False,False
openbind,a71ev2a-x7379a,100.0,0.3170731707317073,False,False
openbind,a71ev2a-x7389a,100.0,0.39285714285714285,False,False
openbind,a71ev2a-x7410a,100.0,0.23157894736842105,False,False
openbind,a71ev2a-x7420a,100.0,0.3548387096774194,False,False
openbind,a71ev2a-x7424a,100.0,0.36065573770491804,False,False
openbind,a71ev2a-x7427a,100.0,0.3548387096774194,False,False
openbind,a71ev2a-x7430a,100.0,0.36065573770491804,False,False
openbind,a71ev2a-x7432a,100.0,0.36666666666666664,False,False
openbind,a71ev2a-x7433a,100.0,0.3384615384615385,False,False
openbind,a71ev2a-x7436a,100.0,0.34375,False,False
openbind,a71ev2a-x7436b,100.0,0.34375,False,False
openbind,a71ev2a-x7442a,100.0,0.36666666666666664,False,False
openbind,a71ev2a-x7445a,100.0,0.28205128205128205,False,False
openbind,a71ev2a-x7446a,100.0,0.3384615384615385,False,False
openbind,a71ev2a-x7448a,100.0,0.27941176470588236,False,False
openbind,a71ev2a-x7459a,100.0,0.2835820895522388,False,False
openbind,a71ev2a-x7461a,100.0,0.2835820895522388,False,False
openbind,a71ev2a-x7465a,100.0,0.2835820895522388,False,False
openbind,a71ev2a-x7465b,100.0,0.2835820895522388,False,False
openbind,a71ev2a-x7475a,99.28571428571429,0.3793103448275862,False,False
openbind,a71ev2a-x7475b,98.58156028368795,0.3793103448275862,False,False
openbind,a71ev2a-x7491a,99.28057553956835,0.36666666666666664,False,False
openbind,a71ev2a-x7491b,99.28571428571429,0.36666666666666664,False,False
openbind,a71ev2a-x7501a,99.28057553956835,0.38596491228070173,False,False
openbind,a71ev2a-x7501b,99.28571428571429,0.38596491228070173,False,False
openbind,a71ev2a-x7510a,99.28571428571429,0.3728813559322034,False,False
openbind,a71ev2a-x7510b,99.29078014184397,0.3728813559322034,False,False
openbind,a71ev2a-x7515a,100.0,0.2835820895522388,False,False
openbind,a71ev2a-x7533a,99.28571428571429,0.38596491228070173,False,False
openbind,a71ev2a-x7533b,99.29078014184397,0.38596491228070173,False,False
openbind,a71ev2a-x7545a,100.0,0.4074074074074074,False,False
openbind,a71ev2a-x7545b,100.0,0.4074074074074074,False,False
openbind,a71ev2a-x7558a,100.0,0.27419354838709675,False,False
openbind,a71ev2a-x7560a,100.0,0.4074074074074074,False,False
openbind,a71ev2a-x7560b,100.0,0.4074074074074074,False,False
openbind,a71ev2a-x7570a,100.0,0.3492063492063492,False,False
openbind,a71ev2a-x7576a,100.0,0.32941176470588235,False,False
openbind,a71ev2a-x7576b,100.0,0.32941176470588235,False,False
openbind,a71ev2a-x7580a,100.0,0.24705882352941178,False,False
openbind,a71ev2a-x7580b,100.0,0.24705882352941178,False,False
openbind,a71ev2a-x7589a,100.0,0.3384615384615385,False,False
openbind,a71ev2a-x7597a,100.0,0.3728813559322034,False,False
openbind,a71ev2a-x7608a,100.0,0.22826086956521738,False,False
openbind,a71ev2a-x7613a,100.0,0.265625,False,False
openbind,a71ev2a-x7622a,100.0,0.2826086956521739,False,False
openbind,a71ev2a-x7631a,100.0,0.3333333333333333,False,False
